{
"type": "FeatureCollection",
"name": "white noise_30min",
"crs": { "type": "name", "properties": { "name": "urn:ogc:def:crs:OGC:1.3:CRS84" } },
"xy_coordinate_resolution": 1e-14,
"features": [
{ "type": "Feature", "properties": { "id": "ugarit-2", "name": "UGARIT 2", "color": "#939597", "feature_id": "ugarit-2-0", "coordinates": [ 34.752310291385044, 34.884042702140896 ] }, "geometry": { "type": "MultiLineString", "coordinates": [ [ [ 33.61060042587536, 34.82728147271538 ], [ 33.96313616254363, 34.87876501130923 ], [ 35.89779880560243, 34.89170328553848 ] ] ] } },
{ "type": "Feature", "properties": { "id": "canoa", "name": "Canoa", "color": "#939597", "feature_id": "canoa-0", "coordinates": [ -64.31943139044732, 24.903167881490457 ] }, "geometry": { "type": "MultiLineString", "coordinates": [ [ [ -68.43815728182744, 18.62137131610474 ], [ -68.13101636915388, 19.21602456575972 ], [ -66.36563406940026, 20.65211662204987 ], [ -63.89988049678528, 25.77479823035405 ], [ -64.19661251510644, 31.34371170750877 ], [ -64.65917995948635, 32.36157723537831 ] ] ] } },
{ "type": "Feature", "properties": { "id": "olaluz", "name": "OlaLuz", "color": "#939597", "feature_id": "olaluz-0", "coordinates": [ -72.415089661016523, 25.227113273091817 ] }, "geometry": { "type": "MultiLineString", "coordinates": [ [ [ -68.43815728182744, 18.62137131610474 ], [ -68.3256510796958, 19.10440547593045 ], [ -68.30571941434663, 20.5340320786317 ], [ -68.98435677254143, 23.49392650061511 ], [ -76.99069153622787, 27.53868135607389 ], [ -77.83674196226877, 27.57088394942544 ], [ -79.64986933934534, 27.63838959569907 ], [ -80.5900572, 28.03377102769483 ] ] ] } },
{ "type": "Feature", "properties": { "id": "alisios", "name": "Alisios", "color": "#939597", "feature_id": "alisios-0", "coordinates": [ -81.096308709218974, -12.196310208773831 ] }, "geometry": { "type": "MultiLineString", "coordinates": [ [ [ -79.54654941253821, 8.93410657376597 ], [ -79.64986933934534, 8.1905434177955 ], [ -79.36679707273034, 7.29375975173629 ], [ -79.93571598572393, 5.15961443881935 ], [ -82.21109799429291, 2.50376134956853 ], [ -83.3190147029117, 0.57451117034074 ], [ -83.77146065844866, -3.289115312063 ], [ -83.62301100707693, -6.65267127667642 ], [ -77.85610611183004, -19.30538407236131 ], [ -74.73170876151242, -27.13503910533806 ], [ -72.62021657530239, -31.87661713032686 ], [ -71.62043502747198, -33.04554123247811 ] ], [ [ -79.75347926594711, 9.43772198487001 ], [ -78.46075662030401, 10.99869151709461 ], [ -74.31778083208685, 13.04420387311038 ], [ -69.8999012463142, 15.19479043301805 ], [ -68.51237722984521, 17.75336767255187 ], [ -68.15304567969605, 18.30445211017829 ], [ -68.43815728182744, 18.62137131610474 ] ] ] } },
{ "type": "Feature", "properties": { "id": "fenix", "name": "Fenix", "color": "#939597", "feature_id": "fenix-0", "coordinates": [ -67.996269800153271, 11.186206993092641 ] }, "geometry": { "type": "MultiLineString", "coordinates": [ [ [ -68.89264695986267, 12.09043961830498 ], [ -68.41647886028052, 11.57408668291755 ], [ -67.77015849996501, 10.97749188124716 ], [ -67.38737802680521, 10.88496358239351 ], [ -66.88962837881974, 10.60352976043718 ] ] ] } },
{ "type": "Feature", "properties": { "id": "ion-cable-system-1-ics1", "name": "ION Cable System-1 (ICS1)", "color": "#939597", "feature_id": "ion-cable-system-1-ics1-0", "coordinates": [ 103.62113910767184, -0.78049896149305464 ] }, "geometry": { "type": "MultiLineString", "coordinates": [ [ [ 105.58496037606339, -5.76933307776485 ], [ 105.61470441610952, -6.00151058170965 ], [ 105.88390920948316, -6.07369890987174 ] ], [ [ 105.81695426556571, -5.36568741332296 ], [ 106.07988189986035, -5.72619911148646 ], [ 106.15029900000015, -6.12009 ] ], [ [ 106.46777225007521, -3.01561406363087 ], [ 106.61616504057646, -3.47926867897006 ], [ 106.76249860438416, -4.60145376483711 ], [ 106.54745969362382, -5.2739443636413 ], [ 106.791457, -5.79650797557303 ], [ 107.12099835041957, -5.98115426026328 ] ], [ [ 104.0166370000003, 1.06679800000035 ], [ 104.14960045538582, 0.15260088492354 ], [ 104.10295392030376, -0.32073070157547 ], [ 103.46088961455401, -0.81856560222688 ], [ 103.94296935116918, -0.70404944506606 ], [ 104.418505264891, -0.70404944506606 ], [ 105.19560467408868, -0.91385726941521 ], [ 105.33273317710247, -1.29845255799623 ], [ 105.5827094401579, -1.55387979369163 ] ] ] } },
{ "type": "Feature", "properties": { "id": "i-2sea", "name": "I-2SEA", "color": "#939597", "feature_id": "i-2sea-0", "coordinates": [ 92.980845741623369, 9.9252740187800921 ] }, "geometry": { "type": "MultiLineString", "coordinates": [ [ [ 101.44360237174425, 2.75122876360722 ], [ 101.30244387799223, 2.6388245258596 ], [ 101.16357962128095, 2.39099262499259 ] ], [ [ 81.83054274611261, 15.70040265369648 ], [ 81.48149924579023, 13.49207993623872 ], [ 80.24298739105474, 13.06385310188338 ] ], [ [ 81.13951857354486, 16.17504911520482 ], [ 83.69933016087016, 14.41131853383248 ], [ 88.41802137253511, 13.77640033626028 ], [ 90.25081798894058, 12.61675457055165 ], [ 91.94453910156581, 10.59849243404565 ], [ 93.10410984201887, 9.84519765998845 ], [ 95.21348334771906, 8.14074597417924 ], [ 97.28031444573455, 6.38223841283047 ], [ 98.34549297852918, 5.46937556834507 ], [ 99.37851945966833, 4.61359157886277 ], [ 100.33172903890888, 3.15647588580553 ], [ 101.30244387799223, 2.26316203144766 ], [ 102.1084003382952, 1.86661798030068 ], [ 102.69619124939064, 1.58856406237472 ], [ 103.64609081207688, 1.3385858520715 ] ] ] } },
{ "type": "Feature", "properties": { "id": "mvista", "name": "MViSTA", "color": "#939597", "feature_id": "mvista-0", "coordinates": [ 101.45127177572613, 8.6998639105489524 ] }, "geometry": { "type": "MultiLineString", "coordinates": [ [ [ 103.64609081207688, 1.3385858520715 ], [ 103.51005950159664, 1.18241873742336 ], [ 103.64121175243707, 1.02745378446986 ], [ 104.31330642006799, 1.26422249908725 ], [ 104.54855304235011, 1.41312605950035 ], [ 104.5499261890449, 1.41402663939306 ], [ 104.5512599556583, 1.41496455150729 ], [ 104.5525540881019, 1.4159386663068 ], [ 104.55380833228728, 1.41694785425533 ], [ 104.55502243412597, 1.41799098581662 ], [ 104.5561961395296, 1.41906693145444 ], [ 104.55732919440972, 1.42017456163253 ], [ 104.55842134467788, 1.42131274681463 ], [ 104.55947233624569, 1.42248035746449 ], [ 104.56048191502471, 1.42367626404587 ], [ 104.56144982692652, 1.4248993370225 ], [ 104.56237581786267, 1.42614844685815 ], [ 104.56325963374475, 1.42742246401655 ], [ 104.56410102048434, 1.42872025896146 ], [ 104.56489972399301, 1.43004070215662 ], [ 104.56565549018232, 1.43138266406578 ], [ 104.56636806496387, 1.4327450151527 ], [ 104.56703719424921, 1.43412662588111 ], [ 104.56766262394991, 1.43552636671477 ], [ 104.56824409997758, 1.43694310811743 ], [ 104.56878136824375, 1.43837572055283 ], [ 104.56927417466001, 1.43982307448472 ], [ 104.56972226513794, 1.44128404037685 ], [ 104.57012538558911, 1.44275748869297 ], [ 104.57048328192509, 1.44424228989683 ], [ 104.57079570005747, 1.44573731445218 ], [ 104.5710623858978, 1.44724143282275 ], [ 104.57128308535766, 1.44875351547231 ], [ 104.57145754434863, 1.4502724328646 ], [ 104.57158550878229, 1.45179705546337 ], [ 104.57166672457019, 1.45332625373237 ], [ 104.57170093762393, 1.45485889813534 ], [ 104.57168789385507, 1.45639385913604 ], [ 104.57162733917518, 1.45793000719821 ], [ 104.57151901949585, 1.45946621278559 ], [ 104.57136268072863, 1.46100134636195 ], [ 104.57115806878511, 1.46253427839102 ], [ 104.57090492957687, 1.46406387933656 ], [ 104.57060300901546, 1.46558901966232 ], [ 104.57025205301247, 1.46710856983203 ], [ 104.56985180747947, 1.46862140030946 ], [ 104.56940201832803, 1.47012638155834 ], [ 104.56890243146974, 1.47162238404244 ], [ 104.56835279281616, 1.47310827822548 ], [ 104.56775284827886, 1.47458293457124 ], [ 104.56710234376942, 1.47604522354344 ], [ 104.56640102519941, 1.47749401560584 ], [ 104.56564863848041, 1.4789281812222 ], [ 104.56398964424172, 1.48174811497174 ], [ 104.56398964424172, 1.48174811497174 ], [ 104.47871756710515, 1.61651903505374 ] ], [ [ 102.8672098996182, 7.74436240268467 ], [ 102.9675269134698, 6.82832574190716 ], [ 104.15702621845527, 5.28606986082101 ], [ 104.32889093295785, 3.40866365033426 ], [ 104.40884503566147, 2.6067494813088 ], [ 104.62509777419305, 2.47164249602561 ], [ 104.47871756710515, 1.61651903505374 ], [ 104.32771618164803, 1.4291509727966 ], [ 104.32728146938963, 1.42865330531478 ], [ 104.32684342750298, 1.42815882270561 ], [ 104.32640207453392, 1.42766754004377 ], [ 104.32595742902825, 1.42717947240391 ], [ 104.32550950953183, 1.42669463486069 ], [ 104.32505833459048, 1.42621304248876 ], [ 104.32460392275003, 1.42573471036279 ], [ 104.32414629255631, 1.42525965355742 ], [ 104.32368546255513, 1.42478788714732 ], [ 104.32322145129235, 1.42431942620714 ], [ 104.32275427731378, 1.42385428581153 ], [ 104.32228395916526, 1.42339248103517 ], [ 104.32181051539261, 1.42293402695269 ], [ 104.32133396454167, 1.42247893863877 ], [ 104.32085432515825, 1.42202723116805 ], [ 104.3203716157882, 1.4215789196152 ], [ 104.31988585497734, 1.42113401905487 ], [ 104.3193970612715, 1.42069254456171 ], [ 104.31890525321651, 1.42025451121039 ], [ 104.31841044935821, 1.41981993407556 ], [ 104.31791266824241, 1.41938882823188 ], [ 104.31741192841494, 1.41896120875401 ], [ 104.31690824842165, 1.41853709071659 ], [ 104.31640164680836, 1.4181164891943 ], [ 104.31589214212089, 1.41769941926178 ], [ 104.31537975290507, 1.4172858959937 ], [ 104.31486449770675, 1.4168759344647 ], [ 104.31434639507174, 1.41646954974945 ], [ 104.31382546354587, 1.41606675692261 ], [ 104.31330172167496, 1.41566757105882 ], [ 104.31277518800488, 1.41527200723276 ], [ 104.31224588108141, 1.41488008051907 ], [ 104.3117138194504, 1.41449180599241 ], [ 104.31117902165769, 1.41410719872743 ], [ 104.31064150624911, 1.41372627379881 ], [ 104.31010129177047, 1.41334904628118 ], [ 104.3095583967676, 1.41297553124922 ], [ 104.30901283978635, 1.41260574377757 ], [ 104.30846463937253, 1.41223969894089 ], [ 104.30791381407198, 1.41187741181385 ], [ 104.30736038243053, 1.41151889747109 ], [ 104.306804362994, 1.41116417098728 ], [ 104.30624577430822, 1.41081324743706 ], [ 104.30568463491903, 1.41046614189511 ], [ 104.30512096337226, 1.41012286943607 ], [ 104.30455477821373, 1.4097834451346 ], [ 104.30398609798927, 1.40944788406536 ], [ 104.30341494124471, 1.409116201303 ], [ 104.30226527237862, 1.40846453099757 ], [ 104.30226527237862, 1.40846453099757 ], [ 104.15318369637029, 1.3481590300165 ] ], [ [ 107.07919838003114, 10.342138429683 ], [ 107.59007953077726, 9.43555040620895 ], [ 107.50180477018584, 8.91246282924826 ], [ 106.68066277376556, 8.579948614039 ], [ 105.31796842661096, 8.1905434177955 ], [ 102.8672098996182, 7.74436240268467 ] ], [ [ 101.27734249012036, 12.67066215667058 ], [ 101.27729399999963, 12.13528998458027 ], [ 101.37750500582612, 11.37003685582465 ], [ 101.23068289375146, 9.10562755386408 ], [ 101.41029729929984, 8.7275142529959 ], [ 102.8672098996182, 7.74436240268467 ], [ 100.5951029728293, 7.19881807126442 ] ] ] } },
{ "type": "Feature", "properties": { "id": "bernacchi-1", "name": "Bernacchi-1", "color": "#939597", "feature_id": "bernacchi-1-0", "coordinates": [ 146.63868175101098, -40.320453683968964 ] }, "geometry": { "type": "MultiLineString", "coordinates": [ [ [ 146.24997063108842, -39.68895338487733 ], [ 146.63150812588782, -40.2962824878231 ], [ 146.85017020590166, -41.03305419458933 ] ] ] } },
{ "type": "Feature", "properties": { "id": "kunoa-north", "name": "Kunoa North", "color": "#939597", "feature_id": "kunoa-north-0", "coordinates": [ -156.96656308826877, 21.295721056114605 ] }, "geometry": { "type": "MultiLineString", "coordinates": [ [ [ -155.9867486, 20.75888913633725 ], [ -155.9097461, 20.58804526040611 ], [ -155.91557111892848, 20.35210781264419 ], [ -155.8327436, 20.24094070433751 ] ], [ [ -157.74600457748889, 21.39657200000021 ], [ -157.55220471967434, 21.44445086292663 ], [ -157.28479134194126, 21.33751891920005 ], [ -156.80525422850113, 21.27453385618114 ], [ -156.46310227824227, 21.16957074507468 ], [ -156.503135, 20.88476010274703 ] ], [ [ -159.4053265, 22.21511094527165 ], [ -159.11459846491226, 22.15096072058392 ], [ -158.79461333774822, 21.91281631303456 ], [ -158.43995894180409, 21.82955829517805 ], [ -158.22066328843266, 21.71783629656129 ], [ -158.1230776, 21.56809172379588 ] ] ] } },
{ "type": "Feature", "properties": { "id": "oceanic-tatitlek-telecommunications-enhancement-route-otter", "name": "Oceanic Tatitlek Telecommunications Enhancement Route (OTTER)", "color": "#939597", "feature_id": "oceanic-tatitlek-telecommunications-enhancement-route-otter-0", "coordinates": [ -146.68979114956804, 61.00651754266184 ] }, "geometry": { "type": "MultiLineString", "coordinates": [ [ [ -146.58049622559949, 60.86512860648092 ], [ -146.69056686122886, 60.83790231458027 ], [ -146.76608515657378, 60.86512860648092 ], [ -146.75236391816247, 60.95477039449461 ], [ -146.63545891597727, 61.05144983837184 ], [ -146.54973544558572, 61.09192827355534 ], [ -146.35343293589426, 61.13035646305128 ] ] ] } },
{ "type": "Feature", "properties": { "id": "iokwe", "name": "IOKWE", "color": "#939597", "feature_id": "iokwe-0", "coordinates": [ 171.33922954056021, 6.8340157009339526 ] }, "geometry": { "type": "MultiLineString", "coordinates": [ [ [ 171.29818908112054, 6.578321401868 ], [ 171.38027, 7.08971 ] ] ] } },
{ "type": "Feature", "properties": { "id": "andromeda", "name": "ANDROMEDA", "color": "#939597", "feature_id": "andromeda-0", "coordinates": [ 22.22426740344288, 36.209575938365091 ] }, "geometry": { "type": "MultiLineString", "coordinates": [ [ [ 35.00509500000022, 29.58103323103279 ], [ 35.09407707525654, 29.79130993624826 ], [ 35.09258106291824, 31.01930574551369 ], [ 34.76967960477271, 31.66951 ], [ 35.03999086843967, 32.65551986665992 ], [ 34.99874658023651, 32.811596 ], [ 34.20005000830351, 32.89624340716264 ], [ 30.76974351370202, 33.53335968863164 ], [ 28.55478319113958, 34.28173085454878 ], [ 25.89217811893898, 35.74306843576459 ], [ 25.37608601652848, 35.71069562446953 ], [ 24.00618172599662, 35.51116969136694 ], [ 23.62197806624315, 35.96505111951632 ], [ 19.05153276367328, 36.76463528197097 ], [ 18.11453254472906, 37.12165566558247 ], [ 15.75006307844736, 37.67887792909206 ], [ 15.52506323724343, 38.06370455144154 ], [ 15.63756315754753, 38.24063815947198 ], [ 15.3540672646286, 38.55462024669397 ], [ 14.84182551179947, 38.77307354824823 ], [ 13.50162967125888, 38.9592480783781 ], [ 12.2269130000001, 39.75405284068902 ], [ 10.84161269111189, 41.55784862060084 ], [ 10.28477828633238, 42.46701890694944 ], [ 9.95470103737235, 43.44551755946073 ], [ 9.61316199999977, 43.96751155521148 ], [ 9.3383810796972, 44.18008469439857 ], [ 8.93886790356194, 44.41035752885385 ] ] ] } },
{ "type": "Feature", "properties": { "id": "norte-conectado-infovia-06", "name": "Norte Conectado (Infovia 06)", "color": "#939597", "feature_id": "norte-conectado-infovia-06-0", "coordinates": [ -64.347043138793666, -6.4357690791878639 ] }, "geometry": { "type": "MultiLineString", "coordinates": [ [ [ -67.83284106969606, -9.99335970394666 ], [ -67.50749507970924, -9.67481964049603 ], [ -67.45608810500033, -9.22778254239583 ], [ -67.39305203832167, -8.76167100000046 ], [ -67.40864332969578, -8.43049050312679 ], [ -67.27485426719613, -7.99641946138207 ], [ -67.05444411094578, -7.79784031200865 ], [ -66.7298835640715, -7.67162261917962 ], [ -66.35961989219578, -7.55834402926973 ], [ -66.10229567344659, -7.66820473126693 ], [ -65.73232497032132, -7.72298858749492 ], [ -65.22353590782123, -7.40854279905467 ], [ -64.57758864219642, -7.07568890634326 ], [ -64.56882528649051, -6.80147077386422 ], [ -64.23412947984809, -6.24958314466912 ], [ -64.4320808296965, -5.84402400553316 ], [ -64.31128004844595, -5.59803225621719 ], [ -63.59755934532132, -5.79754046575249 ], [ -63.138013446884, -5.73587164168 ], [ -62.94201979830971, -5.37917297576114 ], [ -62.71470023726901, -4.91026166673216 ], [ -62.19484824739202, -4.72455806001904 ], [ -62.08695443817308, -4.4507994513634 ], [ -61.72579264343752, -4.23639551542211 ], [ -61.40161207969596, -3.86334079983646 ], [ -60.90012253675791, -3.73660840626244 ], [ -60.63541789000012, -3.28911531200025 ] ] ] } },
{ "type": "Feature", "properties": { "id": "norte-conectado-infovia-08", "name": "Norte Conectado (Infovia 08)", "color": "#939597", "feature_id": "norte-conectado-infovia-08-0", "coordinates": [ -68.277114611958169, -6.4257081003148846 ] }, "geometry": { "type": "MultiLineString", "coordinates": [ [ [ -72.65583127632956, -7.62502237342989 ], [ -72.45896916116151, -7.31964929244637 ], [ -71.78483579960094, -7.16113467157909 ], [ -71.10615309532113, -6.78140808731129 ], [ -70.25676071022866, -6.71168914893512 ], [ -69.84274733164465, -6.6058758983392 ], [ -68.86147536094578, -6.50587662625094 ], [ -68.31909254844595, -6.47584793084997 ], [ -67.83999098594605, -5.90359323796325 ], [ -67.50749507970924, -5.40873499635817 ], [ -66.84051449413049, -4.91158744471694 ], [ -66.58813551719605, -4.19536791796326 ], [ -66.29856930214855, -3.63906839656479 ], [ -65.9803718453216, -3.00959009529204 ], [ -66.09530680999958, -2.51518583200059 ] ] ] } },
{ "type": "Feature", "properties": { "id": "norte-conectado-infovia-05", "name": "Norte Conectado (Infovia 05)", "color": "#939597", "feature_id": "norte-conectado-infovia-05-0", "coordinates": [ -61.76313926792772, -6.1307298568971431 ] }, "geometry": { "type": "MultiLineString", "coordinates": [ [ [ -63.90199200000045, -8.76167100000046 ], [ -63.67593599213367, -8.55273199369285 ], [ -63.5091910142493, -8.54303241878976 ], [ -63.26019144030393, -8.19368555292771 ], [ -62.87561474613567, -8.0287648827261 ], [ -63.02843195756456, -7.51248309768117 ], [ -62.76311482583174, -7.01731580302929 ], [ -62.57738084371636, -6.7677478194323 ], [ -62.2635079441688, -6.52056933478215 ], [ -62.12618855061624, -6.17733861761511 ], [ -61.83829256374144, -6.24958314466912 ], [ -61.59652803262971, -5.86723784526262 ], [ -61.29456130678177, -5.81287517099931 ], [ -60.99820781786641, -5.53539804227137 ], [ -60.63541789000012, -5.3010453254963 ], [ -60.37609990241548, -5.12032744157278 ], [ -60.37609990241548, -5.12032744157278 ], [ -59.94907301719632, -4.83866949115627 ], [ -59.8519538765715, -4.49663340569797 ], [ -59.59452675344915, -4.39252085435316 ], [ -59.09214036361938, -3.89120102533383 ], [ -59.13166068, -3.5803299719999 ] ] ] } },
{ "type": "Feature", "properties": { "id": "fea", "name": "FEA", "color": "#97b93c", "feature_id": "fea-0", "coordinates": [ 48.284920534819179, 12.648196968516562 ] }, "geometry": { "type": "MultiLineString", "coordinates": [ [ [ 32.52993119143143, 29.97254543605036 ], [ 32.48440122368525, 29.63833609362628 ], [ 32.65327610405274, 29.34456698948981 ], [ 32.65318110412008, 29.11361416298006 ], [ 33.41295056589733, 28.16105226222079 ], [ 34.14380004815155, 27.36466799386026 ], [ 34.93129949027959, 26.56251314923671 ], [ 35.55004905195155, 25.75470426341523 ], [ 36.56254833468653, 24.12261698700344 ], [ 37.80004745803156, 22.05298561667754 ], [ 38.5875469001596, 20.37504125346543 ], [ 39.93754594380764, 18.25181631902822 ], [ 40.95004522654462, 16.53419619825972 ], [ 42.07504442958354, 14.80115422479158 ], [ 42.58129407095158, 13.92930384327183 ], [ 43.03129375216765, 13.05415069529863 ], [ 43.22816861269962, 12.83486881784652 ], [ 43.31254355292765, 12.61539556739339 ], [ 43.65004331383962, 12.39573400002297 ], [ 44.55004267627159, 11.90082286199971 ], [ 45.45004203870374, 11.95585820711473 ], [ 48.60003980721571, 12.72515592356304 ], [ 55.35003502545574, 14.80115422479158 ], [ 58.95003247518379, 16.53419619825972 ], [ 61.65003056247987, 18.25181631902822 ], [ 66.60002705585578, 19.10440547593045 ], [ 70.20002450558383, 19.10440547593045 ], [ 72.87590260996693, 19.07607425728523 ] ], [ [ 56.33372432860119, 25.12169000495864 ], [ 56.92503390971164, 24.83931282559271 ], [ 58.50003279396771, 24.35342809949456 ], [ 59.85003183761575, 23.71125814248539 ], [ 61.65003056247987, 22.46944396482952 ], [ 61.65003056247987, 18.25181631902822 ] ], [ [ 100.06611334816643, 6.61351886085411 ], [ 100.29385318683336, 6.90803599952722 ], [ 100.5951029728293, 7.19881807126442 ] ], [ [ 100.40982310408316, 5.36839358148847 ], [ 99.67500362523216, 5.51007171180325 ], [ 97.42500521915215, 6.90803599952722 ] ], [ [ 72.87590260996693, 19.07607425728523 ], [ 72.67502275227187, 16.96510259943593 ], [ 73.74513399127409, 13.49212817646408 ], [ 75.09513303492214, 9.52441134501949 ], [ 77.29024347696435, 6.85219109875433 ], [ 78.69513048465001, 5.06198695441611 ], [ 81.00001685476798, 4.38928592605099 ], [ 85.500013666928, 5.51007171180325 ], [ 90.00001047908802, 6.40520079535603 ], [ 92.70000856638391, 6.40520079535603 ], [ 94.27500745064, 6.62874660359781 ], [ 95.40000665368001, 6.62874660359781 ], [ 97.42500521915215, 6.90803599952722 ], [ 99.00000410340806, 6.85219109875433 ], [ 99.67500362523216, 6.74048172492119 ], [ 100.06611334816643, 6.61351886085411 ] ], [ [ 35.00509500000022, 29.58103323103279 ], [ 34.71137964666887, 29.08904402302273 ], [ 34.51762978332711, 28.31385174713364 ], [ 34.46137982257925, 28.11558608721803 ], [ 34.44732233253752, 27.99148344790472 ], [ 34.44732233253752, 27.9169531782056 ], [ 34.76254960982351, 26.9643047345629 ], [ 35.55004905195155, 25.75470426341523 ] ], [ [ 39.18783647490891, 21.48407381384701 ], [ 37.80004745803156, 22.05298561667754 ] ] ] } },
{ "type": "Feature", "properties": { "id": "pasela", "name": "PASELA", "color": "#939597", "feature_id": "pasela-0", "coordinates": [ 136.29596537745573, -8.3355789469209238 ] }, "geometry": { "type": "MultiLineString", "coordinates": [ [ [ 132.75203019315614, -5.63538932456636 ], [ 132.75132173870077, -5.63808991396349 ], [ 132.75215256227642, -5.64384208439013 ], [ 132.75445977651174, -5.65251774321895 ], [ 132.7581804940354, -5.66398879782258 ], [ 132.76325182747601, -5.67812715557369 ], [ 132.76961088946223, -5.69480472384493 ], [ 132.77719479262274, -5.71389341000895 ], [ 132.78594064958614, -5.73526512143841 ], [ 132.79578557298112, -5.75879176550595 ], [ 132.8066666754363, -5.78434524958424 ], [ 132.81852106958033, -5.81179748104593 ], [ 132.83128586804185, -5.84102036726366 ], [ 132.84489818344952, -5.8718858156101 ], [ 132.859295128432, -5.9042657334579 ], [ 132.87441381561791, -5.93803202817971 ], [ 132.8901913576359, -5.97305660714819 ], [ 132.90656486711464, -6.00921137773598 ], [ 132.92347145668276, -6.04636824731575 ], [ 132.94084823896893, -6.08439912326014 ], [ 132.95863232660173, -6.12317591294181 ], [ 132.97676083220989, -6.16257052373342 ], [ 132.99517086842201, -6.20245486300761 ], [ 133.01379954786677, -6.24270083813704 ], [ 133.03258398317277, -6.28318035649437 ], [ 133.0514612869687, -6.32376532545224 ], [ 133.07036857188317, -6.36432765238332 ], [ 133.08924295054487, -6.40473924466025 ], [ 133.1080215355824, -6.44487200965569 ], [ 133.12664143962445, -6.48459785474229 ], [ 133.14503977529964, -6.52378868729271 ], [ 133.16315365523664, -6.5623164146796 ], [ 133.18092019206406, -6.60005294427561 ], [ 133.19827649841059, -6.6368701834534 ], [ 133.21515968690485, -6.67264003958562 ], [ 133.23150687017548, -6.70723442004492 ], [ 133.24725516085115, -6.74052523220396 ], [ 133.26234167156053, -6.7723843834354 ], [ 133.27670351493219, -6.80268378111187 ], [ 133.29027780359485, -6.83129533260605 ], [ 133.30300165017712, -6.85809094529058 ], [ 133.31481216730768, -6.88294252653812 ], [ 133.32564646761514, -6.90572198372131 ], [ 133.33544166372815, -6.92630122421282 ], [ 133.34413486827538, -6.94455215538529 ], [ 133.35166319388546, -6.96034668461139 ], [ 133.35796375318705, -6.97355671926376 ], [ 133.36297365880878, -6.98405416671506 ], [ 133.36663002337932, -6.99171093433794 ], [ 133.36963057988137, -6.99799005958906 ], [ 133.36963057988137, -6.99799005958906 ], [ 134.55281094812023, -7.30194046630375 ], [ 136.29213864612524, -8.33231395967343 ], [ 137.24155488658988, -9.14236087700533 ], [ 138.61735885000633, -9.29105305225314 ], [ 140.04666628519757, -9.06830600387441 ], [ 140.40505477168179, -8.49908402385489 ] ] ] } },
{ "type": "Feature", "properties": { "id": "kattegat-cable", "name": "Kattegat Cable", "color": "#939597", "feature_id": "kattegat-cable-0", "coordinates": [ 11.20702178600836, 57.400841357237638 ] }, "geometry": { "type": "MultiLineString", "coordinates": [ [ [ 10.51666678583443, 57.33104423288555 ], [ 10.77463516651432, 57.38436745580995 ], [ 11.74635497661589, 57.42138991590753 ], [ 11.8993793999998, 57.4554216 ] ] ] } },
{ "type": "Feature", "properties": { "id": "le-vasa", "name": "Le Vasa", "color": "#939597", "feature_id": "le-vasa-0", "coordinates": [ -170.32699439728441, -15.336032568060777 ] }, "geometry": { "type": "MultiLineString", "coordinates": [ [ [ -170.7268797, -14.33155532999987 ], [ -170.38838405751085, -14.65211497537802 ], [ -170.22389530791605, -16.48461818896953 ] ] ] } },
{ "type": "Feature", "properties": { "id": "apx-east", "name": "APX East", "color": "#939597", "feature_id": "apx-east-0", "coordinates": [ -158.27113338492862, 19.750197618517358 ] }, "geometry": { "type": "MultiLineString", "coordinates": [ [ [ -158.08325, 21.33416151999962 ], [ -157.61220970993401, 20.89386327374593 ] ], [ [ -179.99979825111021, -18.06113129299196 ], [ -179.42038154188631, -17.39087476566283 ], [ -178.74461906750656, -15.00681703291881 ], [ -174.85607630903357, -6.4880846899151 ], [ -170.61177896620688, 2.03430715173265 ], [ -164.88359854945884, 10.46690088140551 ], [ -158.35453753327749, 19.60543660356217 ], [ -157.61220970993401, 20.89386327374593 ], [ -157.1766943014276, 21.31382923952174 ], [ -153.02181855404697, 23.57925019927191 ], [ -147.51596477447862, 25.20742717571318 ], [ -138.59982757864191, 26.64233213124074 ], [ -127.74432699075069, 30.93171226962331 ], [ -117.59240577997376, 32.74410431204178 ], [ -117.16576683559319, 32.70640764608389 ] ], [ [ 178.43744782917764, -18.12381094353719 ], [ 178.73193115309707, -18.55931064574742 ] ], [ [ 151.20699711948467, -33.86955173177822 ], [ 152.07822183829381, -34.02550502281781 ], [ 154.79996457419256, -32.7971829776099 ], [ 160.65491043157013, -30.92010189533491 ], [ 166.46655787137254, -26.35016605476175 ], [ 171.08750007969573, -23.12080084554347 ], [ 178.93328068350618, -18.43735392762358 ], [ 179.99916547224635, -18.06113484466239 ] ] ] } },
{ "type": "Feature", "properties": { "id": "i-am-cable", "name": "I-AM Cable", "color": "#939597", "feature_id": "i-am-cable-0", "coordinates": [ 118.75874804835738, 16.793480780830787 ] }, "geometry": { "type": "MultiLineString", "coordinates": [ [ [ 136.71995071512819, 30.53294284406713 ], [ 137.36641060200284, 32.78536619125816 ], [ 136.87399727311598, 34.33682825203173 ] ], [ [ 128.52566678030564, 30.09102782984552 ], [ 130.67439572687601, 29.02555238656782 ], [ 131.52752580530449, 28.95281252851163 ], [ 135.08525859472044, 30.05919859667051 ], [ 137.66282478514836, 30.80514961102188 ], [ 138.97867305155404, 31.56190236818465 ], [ 139.72426021939998, 33.43328037624602 ], [ 139.9190731999997, 35.01334359999989 ] ], [ [ 127.32517934949227, 31.65668220191979 ], [ 127.89442654126425, 32.27726247137304 ], [ 129.67643493815459, 33.95373326203758 ], [ 129.98803709203204, 33.96159035645912 ], [ 130.40164185819341, 33.59022724332908 ] ], [ [ 104.94056871477744, 1.73680275752969 ], [ 105.23637637273271, 1.57016481934277 ], [ 108.77548545901945, 1.89265700848555 ], [ 109.12499082666056, 2.25017762297905 ], [ 109.83178358835691, 2.95262188815262 ], [ 111.19765176138824, 3.45589070329927 ], [ 114.40336233155375, 5.78985056689997 ], [ 116.49540191466217, 8.70881383457706 ], [ 119.08615923318736, 12.26484783570724 ], [ 118.6940271732684, 15.19740563655082 ], [ 118.79999007691224, 17.81054639660834 ], [ 119.57083913961461, 18.51611723174745 ], [ 120.14998912056028, 19.02541587807401 ], [ 121.17742979836576, 19.64951741529291 ], [ 122.9440789374799, 20.68054703629178 ], [ 124.97763468202892, 22.0068603894298 ], [ 125.68750771631929, 23.606545664541 ], [ 126.39045223093163, 25.57323317368417 ], [ 126.97650517696137, 26.30123502337342 ], [ 127.70079480862088, 28.5098885021563 ], [ 127.95091132809287, 29.54050774539449 ], [ 128.52566678030564, 30.09102782984552 ], [ 127.68084378563216, 31.39196231991538 ], [ 127.32517934949227, 31.65668220191979 ], [ 128.48826446305196, 34.32871402630493 ], [ 128.99949285148878, 35.17037876180022 ] ], [ [ 104.00411055785635, 1.37349929700045 ], [ 104.94056871477744, 1.73680275752969 ], [ 104.11414047991015, 1.92588446510548 ] ] ] } },
{ "type": "Feature", "properties": { "id": "barracuda", "name": "Barracuda", "color": "#939597", "feature_id": "barracuda-0", "coordinates": [ 5.0690244730183442, 41.155195085373123 ] }, "geometry": { "type": "MultiLineString", "coordinates": [ [ [ -0.21038561561685, 39.662556 ], [ 0.48347237985148, 39.58670754238123 ], [ 2.49274825070771, 39.95926564099945 ], [ 6.71549921502533, 41.91950273465837 ], [ 8.86723292030401, 43.21999683859472 ], [ 9.05556965563947, 43.55145303403965 ], [ 9.05484615123899, 43.82095552250887 ], [ 8.93886790356194, 44.41035752885385 ] ] ] } },
{ "type": "Feature", "properties": { "id": "thetis-express", "name": "Thetis Express", "color": "#939597", "feature_id": "thetis-express-0", "coordinates": [ 24.28686130004089, 36.595588612698151 ] }, "geometry": { "type": "MultiLineString", "coordinates": [ [ [ 23.73618742100205, 37.97607797573181 ], [ 23.85030776531808, 37.64303390027617 ], [ 24.07505718094347, 37.23235432155614 ], [ 24.21277826425478, 36.76958758196072 ], [ 24.3275439960815, 36.67797753464718 ], [ 24.27554526093494, 36.57267183595012 ], [ 24.65577819832449, 35.90443032966631 ], [ 24.98189247543703, 35.60332732895848 ], [ 25.1278602660048, 35.33839682411487 ] ] ] } },
{ "type": "Feature", "properties": { "id": "antigua-st-kitts", "name": "Antigua-St.Kitts", "color": "#276fac", "feature_id": "antigua-st-kitts-0", "coordinates": [ -62.301094801481447, 17.253804274762178 ] }, "geometry": { "type": "MultiLineString", "coordinates": [ [ [ -62.72976132570857, 17.29863554651867 ], [ -62.48121517710202, 17.39781910572708 ], [ -62.14016494710522, 17.1251331808043 ], [ -61.85794194331368, 17.05148171404482 ] ] ] } },
{ "type": "Feature", "properties": { "id": "panam-south", "name": "PanAm South", "color": "#c86d28", "feature_id": "panam-south-0", "coordinates": [ -80.41343461451028, 3.3764964380344193 ] }, "geometry": { "type": "MultiLineString", "coordinates": [ [ [ -79.53670942010494, 8.96482600000041 ], [ -79.47249508697996, 8.2188977332401 ], [ -78.8937724634585, 7.25976456025065 ], [ -78.9945475385525, 5.06198695441611 ], [ -81.25182445429934, 2.38057636240659 ], [ -81.71381918802314, 0.56857885252619 ], [ -81.40623013196011, -1.90609499519025 ], [ -80.9263332794323, -2.27628429657735 ] ] ] } },
{ "type": "Feature", "properties": { "id": "grand-bahama-bimini-submarine-cable", "name": "Grand Bahama Bimini Submarine Cable", "color": "#c86d28", "feature_id": "grand-bahama-bimini-submarine-cable-0", "coordinates": [ -78.947671069026853, 26.061450076344837 ] }, "geometry": { "type": "MultiLineString", "coordinates": [ [ [ -78.81193048042013, 26.53625988970155 ], [ -78.96232205155829, 26.01020210141971 ], [ -79.29391256085444, 25.72060359953388 ] ] ] } },
{ "type": "Feature", "properties": { "id": "adamasia-cable-system-1", "name": "Adamasia Cable System 1", "color": "#939597", "feature_id": "adamasia-cable-system-1-0", "coordinates": [ 159.97629280393255, -6.9678450319856982 ] }, "geometry": { "type": "MultiLineString", "coordinates": [ [ [ 161.22462093604679, -4.47370484776209 ], [ 159.89346682468684, -7.13333004976257 ], [ 159.89376661609359, -8.00862378204029 ], [ 160.25715498894073, -8.36242176447091 ], [ 160.13767651393036, -8.70116679265294 ], [ 159.94980844854496, -8.74936459283598 ], [ 159.94980844854496, -9.41717673542998 ] ] ] } },
{ "type": "Feature", "properties": { "id": "red-hook-little-saint-james", "name": "Red Hook-Little Saint James", "color": "#c45527", "feature_id": "red-hook-little-saint-james-0", "coordinates": [ -64.832419455677851, 18.312361300048249 ] }, "geometry": { "type": "MultiLineString", "coordinates": [ [ [ -64.83920983135545, 18.32460417009705 ], [ -64.82562908000025, 18.30011842999944 ] ] ] } },
{ "type": "Feature", "properties": { "id": "verena", "name": "Verena", "color": "#939597", "feature_id": "verena-0", "coordinates": [ 4.0188403831652257, 54.879802629007692 ] }, "geometry": { "type": "MultiLineString", "coordinates": [ [ [ -0.41116099999982, 54.27636578581614 ], [ 7.61820941485697, 55.37009409803965 ], [ 8.21669807969593, 55.40394303256114 ], [ 8.44723736232175, 55.46495334929468 ] ] ] } },
{ "type": "Feature", "properties": { "id": "dhivaru", "name": "Dhivaru", "color": "#939597", "feature_id": "dhivaru-0", "coordinates": [ 74.544541114984028, -1.4353149100485663 ] }, "geometry": { "type": "MultiLineString", "coordinates": [ [ [ 73.08918245887737, -0.60551971148173 ], [ 72.96721004468763, -0.85603627529954 ] ], [ [ 58.40778285872253, 23.58413 ], [ 59.12890734816923, 23.95691876049908 ], [ 59.85003265596724, 23.61330647749613 ], [ 61.43184006201105, 22.44313745051723 ], [ 61.43184006201105, 17.70450691214013 ], [ 66.58928706346421, 4.20083748212407 ], [ 72.96721004468763, -0.85603627529954 ], [ 95.01270223995415, -8.952296383106 ], [ 105.697069844276, -10.43735864552869 ] ] ] } },
{ "type": "Feature", "properties": { "id": "fastnet", "name": "Fastnet", "color": "#939597", "feature_id": "fastnet-0", "coordinates": [ -42.169533428602932, 45.935443478689734 ] }, "geometry": { "type": "MultiLineString", "coordinates": [ [ [ -75.1253896356183, 38.34607615721105 ], [ -74.19809461209168, 39.00102999916448 ], [ -71.24688575851083, 40.39608486628078 ], [ -68.43239142746295, 40.88747684881645 ], [ -61.14942221526864, 41.91423508180767 ], [ -50.43701185338662, 43.9171601466568 ], [ -39.63863261454087, 46.55329509747806 ], [ -23.43847180732781, 50.46128383902831 ], [ -16.23846770188924, 50.33411200456198 ], [ -10.79818501653951, 50.46676764849261 ], [ -9.00239724800044, 51.56737616999966 ] ] ] } },
{ "type": "Feature", "properties": { "id": "longyearbyen-ny-lesund", "name": "Longyearbyen-Ny-Ålesund", "color": "#cf3a26", "feature_id": "longyearbyen-ny-lesund-0", "coordinates": [ 11.792249362979419, 78.127173275834338 ] }, "geometry": { "type": "MultiLineString", "coordinates": [ [ [ 15.64298307558301, 78.21811207261818 ], [ 14.39013924227919, 78.19893286543507 ], [ 13.42563397804372, 78.21532136999372 ], [ 12.26495815159054, 78.10800320893884 ], [ 11.26775779365254, 78.21811207261818 ], [ 10.48948176996963, 78.55852997828387 ], [ 10.29671351067652, 78.85337381187666 ], [ 10.7086716913323, 78.96094079551753 ], [ 11.53585756201621, 79.00093560089958 ], [ 11.88931702220922, 78.96157484541638 ], [ 11.92100792, 78.92419333144106 ] ], [ [ 15.64298307558301, 78.21811207261818 ], [ 14.39994777038973, 78.1805481048246 ], [ 13.43991552191272, 78.19553573312052 ], [ 12.26338865457537, 78.07462869329086 ], [ 11.14997050809113, 78.19880447898082 ], [ 10.33406490277247, 78.54942321411524 ], [ 10.15375427176322, 78.86018755510426 ], [ 10.62256191238836, 78.98059783611505 ], [ 11.55566942786226, 79.02102059975907 ], [ 12.00644600538694, 78.96594066644326 ], [ 11.92100792, 78.92419333144106 ] ] ] } },
{ "type": "Feature", "properties": { "id": "portsmouth-ryde-11", "name": "Portsmouth-Ryde 11", "color": "#50429a", "feature_id": "portsmouth-ryde-11-0", "coordinates": [ -1.0997943654086653, 50.745996121971388 ] }, "geometry": { "type": "MultiLineString", "coordinates": [ [ [ -1.16328414599964, 50.7293040384293 ], [ -1.10382718149153, 50.74117711684384 ], [ -1.07843042348092, 50.77152491961015 ], [ -1.087284, 50.80401 ] ] ] } },
{ "type": "Feature", "properties": { "id": "portsmouth-ryde-10", "name": "Portsmouth-Ryde 10", "color": "#923e97", "feature_id": "portsmouth-ryde-10-0", "coordinates": [ -1.1252840729997904, 50.766657019214733 ] }, "geometry": { "type": "MultiLineString", "coordinates": [ [ [ -1.087284, 50.80401 ], [ -1.16328414599964, 50.7293040384293 ] ] ] } },
{ "type": "Feature", "properties": { "id": "cowes-fawley-2", "name": "Cowes-Fawley 2", "color": "#8fc73e", "feature_id": "cowes-fawley-2-0", "coordinates": [ -1.3444650684999404, 50.773507826662708 ] }, "geometry": { "type": "MultiLineString", "coordinates": [ [ [ -1.36748336500011, 50.78676515744321 ], [ -1.32144677199977, 50.7602504958822 ] ] ] } },
{ "type": "Feature", "properties": { "id": "kardesa", "name": "Kardesa", "color": "#939597", "feature_id": "kardesa-0", "coordinates": [ 34.68143413079067, 42.206094956360786 ] }, "geometry": { "type": "MultiLineString", "coordinates": [ [ [ 29.63213384150424, 41.18215605694779 ], [ 30.43512571142348, 42.47399656722068 ] ], [ [ 29.91841246536385, 42.50649430985511 ], [ 30.95183895748293, 46.37235771784133 ], [ 30.68453742137176, 46.48929 ] ], [ [ 41.66752471827441, 42.14675635811542 ], [ 41.41783617710218, 41.97043253752729 ], [ 35.57410782973017, 42.14987092248887 ], [ 27.64844099999989, 42.64906 ] ] ] } },
{ "type": "Feature", "properties": { "id": "asia-united-gateway-east-aug-east", "name": "Asia United Gateway East (AUG East)", "color": "#939597", "feature_id": "asia-united-gateway-east-aug-east-0", "coordinates": [ 120.5229491866214, 21.194716626934056 ] }, "geometry": { "type": "MultiLineString", "coordinates": [ [ [ 111.39672165701015, 6.17150157752998 ], [ 113.00481498190783, 5.48759088198613 ], [ 114.23759482610686, 4.58864782857414 ] ], [ [ 104.11414047991015, 1.92588446510548 ], [ 104.87449, 1.89265700848555 ] ], [ [ 118.64251274752669, 17.11527658709149 ], [ 120.35483897484683, 16.83071677377094 ] ], [ [ 120.88977859589048, 22.34045 ], [ 121.56833222233168, 21.92468927626348 ] ], [ [ 121.81483169057424, 24.6440448998182 ], [ 122.54589674250994, 23.36279 ] ], [ [ 126.73662929999966, 35.96767720000027 ], [ 125.87119947589126, 35.24748606079355 ], [ 125.29998547165854, 34.21298798248237 ], [ 127.09744513582127, 30.88957658174953 ], [ 128.20623341284528, 29.58215168814041 ] ], [ [ 104.36205904297623, 1.27005056992683 ], [ 104.87449, 1.89265700848555 ], [ 105.01938569859679, 2.69453533021262 ], [ 105.6249994591074, 3.12236974672429 ], [ 108.12382576441128, 4.52214502236528 ], [ 110.04937200000029, 5.3874206225493 ], [ 110.77665596587559, 5.85175950030068 ], [ 114.12509490580292, 7.58214025736307 ], [ 116.33876816197802, 8.9220937095194 ], [ 118.95653880706887, 12.3233643030216 ], [ 118.54461916347348, 15.20485054291464 ], [ 118.68094913578804, 17.86017204918414 ], [ 119.63564587191297, 18.71281651627724 ], [ 120.07376012753181, 19.09733810315589 ], [ 120.15077449851793, 19.76630737073901 ], [ 120.60995966425898, 21.52866349547806 ], [ 121.00227992030457, 21.51545642347059 ], [ 122.27260117306696, 22.41379429784117 ], [ 122.81360897983394, 24.28586318606878 ], [ 125.35516121382157, 27.94597135692341 ], [ 128.94238271251331, 30.00041066943345 ], [ 130.46892712243186, 29.23580178344556 ], [ 135.04811304345853, 29.01874224769947 ], [ 137.72911072709579, 29.77643667964742 ], [ 138.86036096921643, 30.49131312259013 ], [ 139.68430240954356, 31.88885679776486 ], [ 140.59357815315917, 32.88889579845178 ], [ 140.00231880638776, 35.01763482425761 ] ], [ [ 103.98701057056589, 1.38945139680023 ], [ 104.36205904297623, 1.27005056992683 ], [ 104.0166370000003, 1.06679800000035 ] ] ] } },
{ "type": "Feature", "properties": { "id": "trans-global-cable-system-tgcs", "name": "Trans Global Cable System (TGCS)", "color": "#939597", "feature_id": "trans-global-cable-system-tgcs-0", "coordinates": [ 108.39034671974019, -1.7671951438773597 ] }, "geometry": { "type": "MultiLineString", "coordinates": [ [ [ 109.96894164481395, -1.88162342634956 ], [ 109.59906885996025, -2.1089477545695 ], [ 109.26562183055219, -2.52814884826143 ] ], [ [ 104.0166370000003, 1.06679800000035 ], [ 105.2644449676135, 0.51335440223848 ], [ 107.00210046743302, -0.56027046929081 ], [ 109.26562183055219, -2.52814884826143 ], [ 107.30141322261214, -5.44060456427284 ], [ 107.11508624463684, -5.98327122197656 ] ] ] } },
{ "type": "Feature", "properties": { "id": "tmx5", "name": "TMX5", "color": "#ae4b9c", "feature_id": "tmx5-0", "coordinates": [ -108.06170450247926, 23.137360575203054 ] }, "geometry": { "type": "MultiLineString", "coordinates": [ [ [ -109.70490628441821, 23.077049 ], [ -106.4185027205403, 23.19767215040612 ] ] ] } },
{ "type": "Feature", "properties": { "id": "candle", "name": "Candle", "color": "#939597", "feature_id": "candle-0", "coordinates": [ 124.65330659048438, 15.00880984412805 ] }, "geometry": { "type": "MultiLineString", "coordinates": [ [ [ 121.80145279439779, 24.8635042542552 ], [ 123.10327422030367, 23.60596401713819 ], [ 125.13103838718632, 22.02604861602174 ] ], [ [ 120.62298878548306, 14.08823204742435 ], [ 120.60765565086099, 13.57249688444582 ] ], [ [ 124.70338539586164, 16.18456011212011 ], [ 123.51328398507665, 15.7885347605656 ], [ 122.2022204659374, 15.76321518239947 ], [ 121.56019319908759, 15.76153885494339 ] ], [ [ 104.0166370000003, 1.06679800000035 ], [ 104.43613306430733, 1.37138634151666 ], [ 104.38095732214448, 1.74588915581737 ], [ 104.1120592000004, 1.93467220385604 ] ], [ [ 103.98701057056589, 1.38945139680023 ], [ 104.79111328158616, 1.38944099999945 ], [ 108.80828174287835, 1.73680275752969 ], [ 109.83178358835691, 2.73242835139295 ], [ 111.39530787136668, 3.27891318606882 ], [ 114.51459277101094, 5.67823651424905 ], [ 116.08153497084551, 7.76727521849622 ], [ 116.69308743865093, 8.77138377302572 ], [ 119.59989185340848, 12.60295574409565 ], [ 120.18280159671971, 13.13575044521806 ], [ 120.60765565086099, 13.57249688444582 ], [ 121.2985234625819, 13.6150212673131 ], [ 122.39559299790758, 12.75504864040869 ], [ 123.44753124604064, 12.71433749364403 ], [ 124.09520116888906, 12.31916273012882 ], [ 124.5097019530358, 12.89945049923049 ], [ 125.13103838718632, 22.02604861602174 ], [ 125.82482710987084, 23.60596401713819 ], [ 127.32790884999972, 24.81255270367667 ], [ 136.02580082175842, 29.1714022079081 ], [ 137.7369866617662, 29.63361253688773 ], [ 138.99232836452646, 30.3690092136078 ], [ 140.17497493467252, 32.43331330641721 ], [ 139.97663523083239, 34.98004652018856 ] ] ] } },
{ "type": "Feature", "properties": { "id": "mobily-red-sea-cable-mrsc", "name": "Mobily Red Sea Cable (MRSC)", "color": "#939597", "feature_id": "mobily-red-sea-cable-mrsc-0", "coordinates": [ 34.961760181479384, 27.468484205067611 ] }, "geometry": { "type": "MultiLineString", "coordinates": [ [ [ 34.33400486710986, 27.91137338138417 ], [ 35.11065407969618, 27.36343770935448 ], [ 35.69654894757382, 27.35401030043886 ] ] ] } },
{ "type": "Feature", "properties": { "id": "challenger-one-bermuda", "name": "Challenger One Bermuda", "color": "#5bba46", "feature_id": "challenger-one-bermuda-0", "coordinates": [ -64.680927138978817, 32.249125523612712 ] }, "geometry": { "type": "MultiLineString", "coordinates": [ [ [ -64.63356460651755, 32.15865949621865 ], [ -64.6570088672744, 32.24208387315947 ], [ -64.78869199999986, 32.28085199999989 ] ] ] } },
{ "type": "Feature", "properties": { "id": "americas-ii-west", "name": "Americas-II West", "color": "#398eb1", "feature_id": "americas-ii-west-0", "coordinates": [ -65.354520561576692, 18.419355498735765 ] }, "geometry": { "type": "MultiLineString", "coordinates": [ [ [ -66.07866673623955, 18.45286686239714 ], [ -65.60705702237637, 18.621328 ], [ -65.40270453172457, 18.54872619380749 ], [ -65.27164314025264, 18.19683523796157 ], [ -64.81925984548825, 17.7739092693757 ] ] ] } },
{ "type": "Feature", "properties": { "id": "daraja", "name": "Daraja", "color": "#939597", "feature_id": "daraja-0", "coordinates": [ 49.658916247718963, 5.2035879027224023 ] }, "geometry": { "type": "MultiLineString", "coordinates": [ [ [ 39.70014611198386, -4.05030093949651 ], [ 42.22020300218812, -3.01236914670285 ], [ 44.91427872330646, -0.78686824987023 ], [ 46.8367502330365, 1.66500465048993 ], [ 53.26058338004702, 9.71955150240659 ], [ 54.52122701824514, 12.57139729887623 ], [ 53.64666792944315, 13.29674957659037 ], [ 54.05940130585188, 16.53525241026868 ], [ 54.14808587692784, 17.09582718672565 ] ] ] } },
{ "type": "Feature", "properties": { "id": "ithaafushi-maafushi-hulhumale", "name": "Ithaafushi-Maafushi-Hulhumale", "color": "#41b878", "feature_id": "ithaafushi-maafushi-hulhumale-0", "coordinates": [ 73.503616509957709, 4.0116341398961728 ] }, "geometry": { "type": "MultiLineString", "coordinates": [ [ [ 73.39404966892153, 4.01432154105655 ], [ 73.48945823632215, 3.93349531621785 ], [ 73.54015885755544, 4.21330957923483 ] ] ] } },
{ "type": "Feature", "properties": { "id": "farewell-change-fogo", "name": "Farewell-Change-Fogo", "color": "#50429a", "feature_id": "farewell-change-fogo-0", "coordinates": [ -54.383809547929047, 49.583938690000025 ] }, "geometry": { "type": "MultiLineString", "coordinates": [ [ [ -54.47916500000041, 49.55587482999968 ], [ -54.395227, 49.58393869 ], [ -54.28367199999955, 49.58393869 ] ] ] } },
{ "type": "Feature", "properties": { "id": "indonesia-tengah-cable-systems", "name": "Indonesia Tengah Cable Systems", "color": "#939597", "feature_id": "indonesia-tengah-cable-systems-0", "coordinates": [ 123.22932132084962, -5.4913587065440179 ] }, "geometry": { "type": "MultiLineString", "coordinates": [ [ [ 120.46336470000011, -6.12129981106938 ], [ 120.14163242833332, -5.85913466197567 ] ], [ [ 119.85633775440675, -6.10943952100044 ], [ 119.99998922622569, -8.13516311328244 ], [ 119.87166900462891, -8.4947072293089 ], [ 118.9980915447055, -7.81488043547271 ], [ 117.86151417923745, -8.10811342968634 ], [ 117.33064176585751, -7.58159755546187 ], [ 116.67139658423207, -7.68367460393479 ], [ 116.02120326305703, -8.0559153891795 ], [ 115.77833341374131, -9.01093752917334 ], [ 115.33144100000015, -9.03254682286691 ], [ 115.25956289748402, -8.69510191560298 ] ], [ [ 122.52825891955072, -2.58013129267399 ], [ 122.16745769077058, -2.82985235900034 ] ], [ [ 123.53383740000034, -5.32196764399966 ], [ 123.35330168599957, -5.23123462189515 ] ], [ [ 122.59686238717225, -5.50708806917542 ], [ 122.55989952213733, -5.90559674640021 ] ], [ [ 122.78695014254146, -0.94080450147879 ], [ 122.76297382289759, -1.21347323042063 ], [ 122.40047407969566, -2.00557540076236 ], [ 122.76297382289759, -3.64574617818532 ], [ 122.51297744659723, -3.99846909724518 ], [ 123.10247726276904, -3.92744699485749 ], [ 123.41503418012888, -4.0239339492489 ], [ 123.47586567013219, -4.97378007788706 ], [ 123.01138846011035, -5.9488723000576 ], [ 120.33205136778386, -5.69200679034456 ], [ 119.85633775440675, -6.10943952100044 ], [ 118.90491052765273, -5.66903491811687 ], [ 118.87058067926429, -5.47254501973035 ], [ 119.4065814434764, -5.15420275005271 ] ] ] } },
{ "type": "Feature", "properties": { "id": "manx-northern-ireland", "name": "Manx-Northern Ireland", "color": "#b99633", "feature_id": "manx-northern-ireland-0", "coordinates": [ -5.1254284999998942, 54.260597982859203 ] }, "geometry": { "type": "MultiLineString", "coordinates": [ [ [ -5.55944, 54.3021 ], [ -4.69141700000023, 54.21909596571838 ] ] ] } },
{ "type": "Feature", "properties": { "id": "jako", "name": "JAKO", "color": "#939597", "feature_id": "jako-0", "coordinates": [ 129.9150381059809, 34.542740374908519 ] }, "geometry": { "type": "MultiLineString", "coordinates": [ [ [ 128.999482851496, 35.17030187110516 ], [ 130.12665587776488, 34.39768832607582 ], [ 130.40164185819341, 33.59022724332908 ] ] ] } },
{ "type": "Feature", "properties": { "id": "taiwan-matsu-no-4", "name": "Taiwan-Matsu No.4", "color": "#939597", "feature_id": "taiwan-matsu-no-4-0", "coordinates": [ 120.7187179769595, 26.10949725044253 ] }, "geometry": { "type": "MultiLineString", "coordinates": [ [ [ 121.46258819070279, 25.16898612270157 ], [ 121.09588688738157, 25.67872035495586 ], [ 120.49297, 26.36733136664364 ], [ 120.32426131491239, 26.15516 ], [ 119.93434927272565, 26.15516 ], [ 119.96093577202058, 26.07423794659616 ], [ 119.96093577202058, 26.0324792634922 ], [ 119.93907578761032, 25.96704451825437 ] ] ] } },
{ "type": "Feature", "properties": { "id": "sol", "name": "Sol", "color": "#939597", "feature_id": "sol-0", "coordinates": [ -40.915028973055392, 34.55949833109139 ] }, "geometry": { "type": "MultiLineString", "coordinates": [ [ [ -25.67679757497176, 37.74037606999961 ], [ -25.45650792016401, 37.35549021792695 ] ], [ [ -64.02577349475438, 31.89573745395715 ], [ -64.65917995948635, 32.36157723537831 ] ], [ [ -81.22094336, 29.5685423804529 ], [ -73.34993072903801, 30.97027945496055 ], [ -64.02577349475438, 31.89573745395715 ], [ -61.85481927288275, 31.74295976790169 ], [ -50.00000020746783, 33.13361886908059 ], [ -39.99999508453427, 34.70311221769831 ], [ -25.45650792016401, 37.35549021792695 ], [ -16.19991428848483, 44.69482908957816 ], [ -9.8999187508647, 45.64654149518739 ], [ -5.81095680436981, 45.16903272799839 ], [ -4.87184614151959, 44.66863115657076 ], [ -3.83332148659514, 43.45394044407752 ] ] ] } },
{ "type": "Feature", "properties": { "id": "mjolner-east", "name": "Mjolner East", "color": "#939597", "feature_id": "mjolner-east-0", "coordinates": [ 20.521595305424217, 58.264906851234493 ] }, "geometry": { "type": "MultiLineString", "coordinates": [ [ [ 24.75249670103896, 59.43639985926234 ], [ 25.18256282289814, 59.67073492362169 ], [ 25.30326504260355, 59.97654868297596 ], [ 24.93247657353962, 60.17116318894055 ] ], [ [ 19.05532073637588, 57.863008 ], [ 19.81642019780201, 58.14211813680734 ], [ 21.15030339289564, 58.37438073506294 ], [ 22.03810158448305, 58.36002823118932 ] ] ] } },
{ "type": "Feature", "properties": { "id": "mjolner-west", "name": "Mjolner West", "color": "#939597", "feature_id": "mjolner-west-0", "coordinates": [ 19.917638194773204, 60.524500575050162 ] }, "geometry": { "type": "MultiLineString", "coordinates": [ [ [ 18.37037372159876, 60.25835727137014 ], [ 19.26007344932625, 60.29099375678491 ], [ 20.7159775287011, 60.80799764366938 ], [ 21.44623529999971, 60.6794687 ] ] ] } },
{ "type": "Feature", "properties": { "id": "rising-8", "name": "RISING 8", "color": "#939597", "feature_id": "rising-8-0", "coordinates": [ 104.06010551878482, 1.2745393316135756 ] }, "geometry": { "type": "MultiLineString", "coordinates": [ [ [ 104.13320046700375, 1.17368566337722 ], [ 103.98701057056589, 1.37539299984993 ] ] ] } },
{ "type": "Feature", "properties": { "id": "rising-8", "name": "RISING 8", "color": "#954098", "feature_id": "rising-8-1", "coordinates": [ 106.68822192131377, -2.0530061384156975 ] }, "geometry": { "type": "MultiLineString", "coordinates": [ [ [ 107.12099835041957, -5.98115426026328 ], [ 106.41059912693819, -4.60266983068567 ], [ 106.97880809970745, -2.96056819793891 ], [ 106.51577713492394, -1.51442461896712 ], [ 105.40671542294676, 0.17633730536329 ], [ 104.94099929758029, 0.72341616711832 ], [ 104.53830626067602, 0.86918705347745 ], [ 104.13320046700375, 1.17368566337722 ] ] ] } },
{ "type": "Feature", "properties": { "id": "project-waterworth", "name": "Project Waterworth", "color": "#939597", "feature_id": "project-waterworth-0", "coordinates": [ 5.8635431264339646, -27.988417846392469 ] }, "geometry": { "type": "MultiLineString", "coordinates": [ [ [ 33.49009693115593, -32.12058899172816 ], [ 31.98009965443919, -30.22719186196053 ], [ 30.88039235938437, -30.06621032683121 ] ], [ [ 87.72300880490236, -1.76185180784476 ], [ 90.09946213585373, -1.29209843015373 ], [ 92.73770385158454, 3.46026588343127 ], [ 94.31643808475739, 4.50045289835899 ], [ 95.47224819004255, 5.74272933013352 ], [ 97.42500521915215, 6.16063174396246 ], [ 99.6847692427181, 5.86388465224445 ], [ 100.40982310408316, 5.36839358148847 ] ], [ [ 76.85773463235368, 0.84739996302389 ], [ 80.97374466123836, 1.86985203792808 ], [ 85.500013666928, -1.27067619816841 ], [ 87.29076711246154, -0.85675396375411 ] ], [ [ -179.99979825111021, 3.09707708781334 ], [ -169.96832199026696, 16.17794031173706 ], [ -161.61408917916899, 23.0378173020752 ], [ -147.45057458707294, 30.25570294203987 ], [ -127.79047240201581, 33.52914612758595 ], [ -122.38731473421552, 33.47744040623991 ], [ -120.6195929927509, 33.45053234181001 ], [ -118.90292030393906, 33.82651440184361 ], [ -118.24535355799169, 34.05339687939706 ] ], [ [ 80.23727325388181, 13.06150254093001 ], [ 81.52150148534334, 11.83110522183803 ], [ 83.03675798088666, 9.55535925883774 ], [ 83.42909910532154, 7.86963498645925 ], [ 84.12223509182334, 5.77002499107993 ], [ 90.77895616973278, -8.13543088652846 ], [ 94.72510478744105, -10.34481986707408 ], [ 123.06805345903014, -12.77887632491396 ], [ 129.87005785386256, -12.3796795268989 ], [ 130.84315500000028, -12.46750362874273 ], [ 131.68074267022041, -11.66969729826832 ], [ 131.72527388867405, -10.73330422887469 ], [ 132.75207980190007, -10.23863998112371 ], [ 138.54841358634781, -10.53440199037786 ], [ 142.13312784377766, -9.85125498416662 ], [ 144.89997158744055, -11.01742867493286 ], [ 147.26153671946165, -11.66969729826832 ], [ 153.48673308202717, -12.4774587840296 ], [ 160.98814378358247, -12.4774587840296 ], [ 170.00000263387216, -10.00003405154584 ], [ 179.99994672169302, 3.09707290451824 ] ], [ [ -78.88266988343256, 33.69355790837514 ], [ -74.2367384090291, 31.89573745395715 ], [ -56.93747717996609, 23.61966774934735 ], [ -52.10709095043794, 16.57776764106849 ], [ -38.2929791771024, 1.43394078638813 ], [ -37.82901999752645, -1.24352946695369 ], [ -38.54877540946694, -3.72085607975482 ], [ -35.94722702270514, -3.0599973759175 ], [ -34.024755512974, -3.46902899151553 ], [ -31.65109171014376, -4.86139722944773 ], [ 13.88663479925455, -32.93449308708872 ], [ 16.89458341992145, -34.32282170262634 ], [ 18.04325507969578, -34.23096463769095 ], [ 18.41612564231266, -33.92084632399508 ], [ 18.1719811771019, -34.84502212857286 ], [ 18.74576413017278, -35.77348814515125 ], [ 19.62340022719705, -35.98012665125699 ], [ 23.41398510427933, -35.98012665125699 ], [ 27.97749587157728, -35.20204261409993 ], [ 38.62374269486827, -29.15403653793159 ], [ 45.29070355814658, -29.16507618637023 ], [ 47.34269069793371, -28.66595753524189 ], [ 56.97348247960839, -23.08372784214347 ], [ 62.53039521042826, -14.51153591156681 ], [ 65.57437726936688, -10.96356220051143 ], [ 74.66037634553088, -5.45456070258253 ], [ 76.26954099999939, -2.78673334345658 ], [ 76.85773463235368, 0.84739996302389 ], [ 76.05002036139189, 4.09306384132333 ], [ 75.63713069157988, 8.28357381425177 ], [ 73.9070597935403, 11.52955726860895 ], [ 73.90074005700309, 11.53845380734895 ], [ 73.89027785728716, 11.55119668203278 ], [ 73.87584899910533, 11.56762651126271 ], [ 73.85762928717041, 11.58758391364102 ], [ 73.83579452619524, 11.61090950777001 ], [ 73.81052052089265, 11.63744391225194 ], [ 73.78198307597543, 11.6670277456891 ], [ 73.75035799615642, 11.69950162668379 ], [ 73.71582108614845, 11.73470617383827 ], [ 73.67854815066434, 11.77248200575484 ], [ 73.6387149944169, 11.81266974103577 ], [ 73.59649742211894, 11.85510999828336 ], [ 73.55207123848332, 11.89964339609987 ], [ 73.50561224822283, 11.9461105530876 ], [ 73.45729625605031, 11.99435208784883 ], [ 73.40729906667858, 12.04420861898584 ], [ 73.35579648482046, 12.09552076510091 ], [ 73.30296431518876, 12.14812914479633 ], [ 73.2489783624963, 12.20187437667438 ], [ 73.19401443145593, 12.25659707933735 ], [ 73.13824832678046, 12.31213787138751 ], [ 73.08185585318269, 12.36833737142715 ], [ 73.02501281537546, 12.42503619805855 ], [ 72.9678950180716, 12.48207496988399 ], [ 72.91067826598392, 12.53929430550577 ], [ 72.85353836382525, 12.59653482352615 ], [ 72.7966511163084, 12.65363714254743 ], [ 72.74019232814621, 12.71044188117189 ], [ 72.68433780405148, 12.7667896580018 ], [ 72.62926334873704, 12.82252109163946 ], [ 72.57514476691573, 12.87747680068715 ], [ 72.52215786330034, 12.93149740374714 ], [ 72.47047844260372, 12.98442351942173 ], [ 72.42028230953868, 13.03609576631319 ], [ 72.37174526881803, 13.08635476302381 ], [ 72.32504312515462, 13.13504112815587 ], [ 72.28035168326124, 13.18199548031165 ], [ 72.23784674785075, 13.22705843809344 ], [ 72.19770412363594, 13.27007062010353 ], [ 72.16009961532964, 13.31087264494418 ], [ 72.12520902764467, 13.34930513121769 ], [ 72.09320816529387, 13.38520869752634 ], [ 72.06427283299004, 13.41842396247241 ], [ 72.03857883544602, 13.44879154465819 ], [ 72.01630197737461, 13.47615206268595 ], [ 71.99761806348866, 13.50034613515799 ], [ 71.98270289850096, 13.52121438067658 ], [ 71.97173228712435, 13.538597417844 ], [ 71.9623279440557, 13.5622703415345 ], [ 71.9623279440557, 13.5622703415345 ], [ 71.9623279440557, 16.96510259943593 ], [ 72.87590260996693, 19.07607425728523 ] ] ] } },
{ "type": "Feature", "properties": { "id": "qe-south", "name": "Q&E South", "color": "#af3143", "feature_id": "qe-south-0", "coordinates": [ 0.74762579668149443, 50.38235094939175 ] }, "geometry": { "type": "MultiLineString", "coordinates": [ [ [ 0.04627777943635, 50.79292282976606 ], [ 1.15044376108776, 50.14653973295111 ], [ 1.49343317797785, 50.17917387330185 ] ] ] } },
{ "type": "Feature", "properties": { "id": "qe-north", "name": "Q&E North", "color": "#939597", "feature_id": "qe-north-0", "coordinates": [ 2.1516856743276356, 51.160761580204777 ] }, "geometry": { "type": "MultiLineString", "coordinates": [ [ [ 1.44909664629033, 51.38258705839249 ], [ 1.79925865729227, 51.16076158020478 ], [ 2.48393478038925, 51.16076158020478 ], [ 2.91277217250473, 51.2312205646267 ] ] ] } },
{ "type": "Feature", "properties": { "id": "e2a", "name": "E2A", "color": "#939597", "feature_id": "e2a-0", "coordinates": [ 150.20483591605063, 35.339560628179697 ] }, "geometry": { "type": "MultiLineString", "coordinates": [ [ [ 141.60319903282527, 42.6503368858653 ], [ 142.46989931401754, 41.2387523289666 ], [ 144.55911580163311, 40.04642706256855 ], [ 149.37742517921646, 35.09752950393123 ] ], [ [ 130.14002110543191, 33.59415838270747 ], [ 129.92752125596886, 34.2343858923205 ], [ 128.99949285148878, 35.17037876180022 ], [ 127.22759354455998, 31.04555017601628 ], [ 129.44637107969632, 28.38123230442219 ] ], [ [ 139.97546699999984, 35.00543300000017 ], [ 140.53537562782441, 34.73523695239605 ], [ 142.46336029527683, 32.88282606551515 ], [ 142.8306622911177, 32.40623097592082 ] ], [ [ -179.99981351108062, 41.93061837616052 ], [ -151.17708002193328, 41.93061837616052 ], [ -138.88446003691308, 39.45836886627482 ], [ -129.6106746966534, 35.73186715949322 ], [ -122.84983873608158, 34.6306903658982 ], [ -120.85160406826154, 35.34417937462789 ] ], [ [ 121.80144795065142, 24.86350411248779 ], [ 122.87827437969564, 25.92552311509307 ], [ 129.44637107969632, 28.38123230442219 ], [ 135.05465206220015, 28.81841452402809 ], [ 137.79450091450283, 29.48716901807319 ], [ 143.54997254379251, 32.81579602205538 ], [ 149.37742517921646, 35.09752950393123 ], [ 172.73711131950242, 41.93061837616052 ], [ 179.99992719256971, 41.93061956425144 ] ] ] } },
{ "type": "Feature", "properties": { "id": "fibre-in-gulf-fig", "name": "Fibre in Gulf (FIG)", "color": "#939597", "feature_id": "fibre-in-gulf-fig-0", "coordinates": [ 53.052223871663692, 25.828510067766771 ] }, "geometry": { "type": "MultiLineString", "coordinates": [ [ [ 50.51253845238375, 26.9643047345629 ], [ 50.21419866373056, 26.28537535931817 ] ], [ [ 50.85003821329572, 26.82364558689702 ], [ 50.65618835062081, 26.25817095672994 ] ], [ [ 51.46310743050667, 26.56481484059615 ], [ 51.212749, 26.14657837110979 ] ], [ [ 53.55232247961318, 25.62734286560883 ], [ 54.41907568495613, 24.44396457262543 ] ], [ [ 47.97630977972595, 29.37163338373051 ], [ 48.33207124645109, 29.57074954758684 ], [ 48.5317798555716, 29.92363278689715 ], [ 50.21426199999971, 27.10612081091648 ], [ 51.73900242669907, 26.46374332078349 ], [ 52.30775202379166, 26.12797764544285 ], [ 53.55232247961318, 25.62734286560883 ], [ 55.01146104595875, 25.75658232988328 ], [ 56.27923363486077, 26.60351617488129 ], [ 56.72184066493084, 26.51048843368535 ], [ 57.18147788063447, 24.20230955544929 ], [ 57.88605322832058, 23.67872342575357 ] ] ] } },
{ "type": "Feature", "properties": { "id": "tanjung-pandan-sungai-kakap", "name": "Tanjung Pandan-Sungai Kakap", "color": "#a84c9c", "feature_id": "tanjung-pandan-sungai-kakap-0", "coordinates": [ 108.00543396858707, -1.1603546988114444 ] }, "geometry": { "type": "MultiLineString", "coordinates": [ [ [ 109.18222689022609, -0.06139135719504 ], [ 108.82736530508038, -0.06139135719504 ], [ 108.67782927819995, -0.1795555225823 ], [ 107.95935298091241, -1.22757140021467 ], [ 107.56616014384186, -2.14872604210138 ], [ 107.5300761850291, -2.49506521751127 ], [ 107.66288796654008, -2.76744275587463 ] ] ] } },
{ "type": "Feature", "properties": { "id": "groote-eylandt", "name": "Groote Eylandt", "color": "#37b19b", "feature_id": "groote-eylandt-0", "coordinates": [ 136.07966537385721, -14.071035115468739 ] }, "geometry": { "type": "MultiLineString", "coordinates": [ [ [ 135.73435315710455, -14.27751751962218 ], [ 136.42497759060987, -13.8645527113153 ] ] ] } },
{ "type": "Feature", "properties": { "id": "sovetskaya-gavan-ilyinskoye", "name": "Sovetskaya Gavan-Ilyinskoye", "color": "#05a5d7", "feature_id": "sovetskaya-gavan-ilyinskoye-0", "coordinates": [ 141.24153704911592, 48.477331279270494 ] }, "geometry": { "type": "MultiLineString", "coordinates": [ [ [ 140.28181079589305, 48.965235369445 ], [ 142.20126330233879, 47.98942718909598 ] ] ] } },
{ "type": "Feature", "properties": { "id": "tampnet-south", "name": "Tampnet South", "color": "#2fbfcc", "feature_id": "tampnet-south-0", "coordinates": [ 3.2787363275455128, 56.182247136335604 ] }, "geometry": { "type": "MultiLineString", "coordinates": [ [ [ 6.78692942741941, 58.06444 ], [ 6.20773590285459, 57.77370115124407 ], [ 3.7848111513052, 57.05999766701889 ], [ 2.70007232139532, 55.1785958685009 ], [ 2.17686178854155, 52.71521693088626 ], [ 1.72927301090669, 52.46882263773048 ] ] ] } },
{ "type": "Feature", "properties": { "id": "tampnet-north", "name": "Tampnet North", "color": "#97489b", "feature_id": "tampnet-north-0", "coordinates": [ 1.9751572601198477, 57.762233856079838 ] }, "geometry": { "type": "MultiLineString", "coordinates": [ [ [ 4.01515933109636, 59.00181694401486 ], [ 4.01032858108052, 60.35428947498098 ], [ 4.55440771097082, 60.56674574142269 ], [ 4.83023, 60.58733799999982 ] ], [ [ 3.7848111513052, 57.05999766701889 ], [ 2.5433824341838, 57.81169259633977 ] ], [ [ -2.10514888272382, 57.15400552953989 ], [ -1.01960353967333, 57.50156765666057 ], [ 2.5433824341838, 57.81169259633977 ], [ 2.81279700008626, 58.320872572952 ], [ 4.01515933109636, 59.00181694401486 ], [ 5.45632037003535, 59.12232256855451 ], [ 5.52448032234631, 59.27926758037185 ] ] ] } },
{ "type": "Feature", "properties": { "id": "sx-tasman-express-sx-tx", "name": "SX Tasman Express (SX-TX)", "color": "#939597", "feature_id": "sx-tasman-express-sx-tx-0", "coordinates": [ 162.64509588520926, -37.07495892416717 ] }, "geometry": { "type": "MultiLineString", "coordinates": [ [ [ 151.2577588980582, -33.91397824558519 ], [ 152.09996648630059, -34.68386748625883 ], [ 159.32095060849176, -36.85622920274014 ], [ 167.40317777184825, -37.3880420895994 ], [ 174.62339053109176, -36.78757761230096 ] ] ] } },
{ "type": "Feature", "properties": { "id": "padang-tua-pejat", "name": "Padang-Tua Pejat", "color": "#7c9e3e", "feature_id": "padang-tua-pejat-0", "coordinates": [ 99.975325680916797, -1.4860406865001516 ] }, "geometry": { "type": "MultiLineString", "coordinates": [ [ [ 100.3616870000004, -0.94389 ], [ 99.58896436183319, -2.02819137299998 ] ] ] } },
{ "type": "Feature", "properties": { "id": "orient-island-ring", "name": "Orient Island Ring", "color": "#939597", "feature_id": "orient-island-ring-0", "coordinates": [ -14.413379396579455, 27.708200833011379 ] }, "geometry": { "type": "MultiLineString", "coordinates": [ [ [ -13.71323581790122, 28.27825082684612 ], [ -12.92587192206816, 27.93109911314775 ] ], [ [ -13.82731596925565, 28.8634193989775 ], [ -13.93198567785774, 28.81161090881151 ], [ -13.86220842500658, 28.71598233720052 ] ], [ [ -15.43971, 28.12869618710492 ], [ -13.93198567785774, 28.81161090881151 ] ], [ [ -13.54757241683269, 28.95950146524142 ], [ -13.577320177102, 28.38853301873347 ], [ -13.86222063143292, 28.4964705630644 ] ], [ [ -15.41737259999968, 27.99484424000953 ], [ -14.47091992030367, 27.66137798917336 ], [ -13.577320177102, 28.38853301873347 ] ] ] } },
{ "type": "Feature", "properties": { "id": "arctic-way", "name": "Arctic Way", "color": "#939597", "feature_id": "arctic-way-0", "coordinates": [ 4.3126829262778772, 72.382637935582366 ] }, "geometry": { "type": "MultiLineString", "coordinates": [ [ [ 3.2476513083313, 70.55228024514132 ], [ 7.61718007969603, 66.90144145307879 ], [ 10.99098441797739, 66.46843210694536 ], [ 14.40006403479932, 67.28599754127343 ], [ 15.39207304065205, 67.25991977910047 ] ], [ [ 15.64298307558301, 78.21811207261818 ], [ 14.4195648266119, 78.15976978593042 ], [ 13.47146988233909, 78.17388694870507 ], [ 12.39862162783199, 78.05318583195591 ], [ 7.01412610290523, 77.02532385242191 ], [ 3.2476513083313, 70.55228024514132 ], [ -8.73435, 70.909133 ] ] ] } },
{ "type": "Feature", "properties": { "id": "thailand-domestic-submarine-cable-network-tdscn", "name": "Thailand Domestic Submarine Cable Network (TDSCN)", "color": "#8aaa3d", "feature_id": "thailand-domestic-submarine-cable-network-tdscn-0", "coordinates": [ 99.264962112262054, 10.522187085392519 ] }, "geometry": { "type": "MultiLineString", "coordinates": [ [ [ 100.92475859867298, 13.17238682138215 ], [ 99.95361807969611, 13.09397 ], [ 100.18581878985192, 12.99058206752585 ], [ 99.94765343208446, 11.31465107581205 ], [ 99.53301158722864, 10.60765845235666 ], [ 99.17812300000011, 10.4944972060077 ], [ 99.53301158722864, 10.41193455859176 ], [ 100.03047212281895, 9.52693471508101 ], [ 100.23945639927652, 9.4729154195619 ], [ 100.68042288376679, 7.46721283296526 ], [ 100.5951029728293, 7.19881807126442 ] ] ] } },
{ "type": "Feature", "properties": { "id": "cat-submarine-network-csn", "name": "CAT Submarine Network (CSN)", "color": "#a1489b", "feature_id": "cat-submarine-network-csn-0", "coordinates": [ 101.10650859619668, 9.9570101880280149 ] }, "geometry": { "type": "MultiLineString", "coordinates": [ [ [ 100.93057273577533, 13.17437121166224 ], [ 100.80955733311677, 12.83342068040501 ], [ 100.65941348674991, 12.21371990815548 ], [ 100.58029314875155, 11.27635549524283 ], [ 101.58841254322141, 8.74876418513657 ], [ 101.23954450670672, 7.41381796080056 ], [ 100.5951029728293, 7.19881807126442 ] ] ] } },
{ "type": "Feature", "properties": { "id": "orca", "name": "ORCA", "color": "#939597", "feature_id": "orca-0", "coordinates": [ 150.24960320115872, 30.597928883767661 ] }, "geometry": { "type": "MultiLineString", "coordinates": [ [ [ -129.5998339543217, 36.87321951208928 ], [ -122.39983905486559, 33.56549148235204 ], [ -120.59984033000157, 33.51860823841915 ], [ -118.39534899999987, 33.86404 ] ], [ [ -123.687, 38.96962 ], [ -124.64983746154178, 38.65181171271134 ], [ -129.5998339543217, 36.87321951208928 ], [ -139.00520928888923, 37.32760570252341 ], [ -151.19981865328589, 35.90725015614043 ], [ -163.79980972733406, 34.43595690575565 ], [ -179.99980127608251, 33.31515395812905 ] ], [ [ 179.99994672169302, 33.31515395812905 ], [ 172.79992073307184, 32.81233785755136 ], [ 149.39996839960057, 30.5144959597591 ], [ 137.24997700676838, 26.36108632539156 ], [ 132.74998019460836, 24.32780311165181 ], [ 128.69998306366443, 23.91710129093513 ], [ 125.83455068834256, 23.79499635869734 ], [ 125.08449263258076, 23.79841830798816 ], [ 123.07498704846441, 24.00705482536305 ], [ 121.80145400000011, 24.86357600000031 ] ] ] } },
{ "type": "Feature", "properties": { "id": "cyclades-a", "name": "Cyclades A", "color": "#4aba79", "feature_id": "cyclades-a-0", "coordinates": [ 24.67009331338145, 37.682322894534245 ] }, "geometry": { "type": "MultiLineString", "coordinates": [ [ [ 24.05380705293139, 37.71108257655951 ], [ 24.11255715378215, 37.7480973319106 ], [ 24.33755699439019, 37.7480973319106 ], [ 24.78755667560626, 37.65908908180032 ], [ 24.93928876221378, 37.43946272240985 ], [ 24.98443153613823, 37.45843001852099 ], [ 25.0192049112854, 37.65232235984693 ] ], [ [ 24.93928876221378, 37.43946272240985 ], [ 25.0125565162143, 37.43610122304901 ], [ 25.23814603454857, 37.1222334145154 ] ], [ [ 24.93928876221378, 37.43946272240985 ], [ 25.0125565162143, 37.45843001852099 ], [ 25.23755635682215, 37.48075214889993 ], [ 25.32858123375337, 37.44688214068393 ] ] ] } },
{ "type": "Feature", "properties": { "id": "cyclades-b", "name": "Cyclades B", "color": "#824198", "feature_id": "cyclades-b-0", "coordinates": [ 25.381236949976529, 37.279695587530654 ] }, "geometry": { "type": "MultiLineString", "coordinates": [ [ [ 25.23814603454857, 37.1222334145154 ], [ 25.2938063169743, 37.14522100249008 ], [ 25.37597454848443, 37.10184026226283 ] ], [ [ 25.32858123375337, 37.44688214068393 ], [ 25.2938113169707, 37.41376576388587 ], [ 25.40610623741976, 37.24155769091264 ], [ 25.34985158977108, 37.15194248008441 ], [ 25.37597454848443, 37.10184026226283 ] ] ] } },
{ "type": "Feature", "properties": { "id": "lake-tanganyika", "name": "Lake Tanganyika", "color": "#d77e27", "feature_id": "lake-tanganyika-0", "coordinates": [ 29.337553452345844, -4.70329064603402 ] }, "geometry": { "type": "MultiLineString", "coordinates": [ [ [ 29.1499372, -3.3776798000005 ], [ 29.22505353204173, -3.62898003254792 ], [ 29.28130349219388, -3.96573833111236 ], [ 29.33755345234584, -4.52669165033143 ], [ 29.33755345234584, -4.9751440512425 ], [ 29.45005337264977, -5.6472416333396 ], [ 29.33755345234584, -5.87110563394419 ], [ 29.20362600000021, -5.9134148 ] ] ] } },
{ "type": "Feature", "properties": { "id": "lake-albert-1", "name": "Lake Albert 1", "color": "#bb8033", "feature_id": "lake-albert-1-0", "coordinates": [ 30.572324494999837, 1.2774936985000189 ] }, "geometry": { "type": "MultiLineString", "coordinates": [ [ [ 30.48106013999982, 1.43996372499974 ], [ 30.66358884999985, 1.1150236720003 ] ] ] } },
{ "type": "Feature", "properties": { "id": "lake-albert-2", "name": "Lake Albert 2", "color": "#bb8033", "feature_id": "lake-albert-2-0", "coordinates": [ 30.543422130000099, 1.2474964754996312 ] }, "geometry": { "type": "MultiLineString", "coordinates": [ [ [ 30.43839921000032, 1.39338882199983 ], [ 30.64844504999988, 1.10160412899943 ] ] ] } },
{ "type": "Feature", "properties": { "id": "celia", "name": "CELIA", "color": "#939597", "feature_id": "celia-0", "coordinates": [ -70.744096494604065, 22.659466659834585 ] }, "geometry": { "type": "MultiLineString", "coordinates": [ [ [ -62.83640636739526, 17.90506966587308 ], [ -62.68008766609891, 18.04054513966678 ], [ -62.54133653791155, 18.23558553262618 ] ], [ [ -69.44168277801548, 13.55898908563112 ], [ -68.84444328532055, 12.82354758731802 ], [ -68.89264695986267, 12.09043961830498 ], [ -68.58839717569401, 12.33992421417949 ], [ -68.2655456, 12.14434909999969 ] ], [ [ -80.088937, 26.350505 ], [ -78.86236989721739, 26.86399017396059 ], [ -77.84987061448132, 27.264711877834 ], [ -77.39987093326533, 27.16466581281352 ], [ -76.83737133234132, 26.56251314923671 ], [ -76.49367157582148, 26.11679126241024 ], [ -76.24064175447413, 25.90309444015418 ], [ -73.3498738023213, 24.12261698700344 ], [ -70.19987599438629, 22.35388551881099 ], [ -67.49987794710923, 20.58581909604039 ], [ -65.69987922164921, 19.31687611162871 ], [ -64.06334834013599, 19.18267163489983 ], [ -62.54988145373323, 18.25181631902822 ], [ -62.09988177251724, 17.39502263470052 ], [ -62.04684985831844, 17.06399582812857 ], [ -61.84685007059131, 17.01759004073784 ] ], [ [ -67.49987794710923, 20.58581909604039 ], [ -67.94987762832521, 18.67864702215472 ], [ -68.28737738923726, 17.82393441253792 ], [ -68.62487715014923, 15.23578178303578 ], [ -69.29987667256924, 13.92930384327183 ], [ -69.87869399999971, 12.41419900000036 ] ], [ [ -65.69987922164921, 19.31687611162871 ], [ -66.09157894476144, 18.67864702215472 ], [ -66.10666899999953, 18.46603 ] ], [ [ -62.04684985831844, 17.06399582812857 ], [ -61.98738185280921, 16.59002943805627 ], [ -61.76238201160518, 15.45276095932206 ], [ -61.64988209130117, 15.01857857375747 ], [ -61.48113221084519, 14.80115422479158 ], [ -60.98892380000026, 14.62764319999966 ] ] ] } },
{ "type": "Feature", "properties": { "id": "awashima-murakami", "name": "Awashima-Murakami", "color": "#61bb46", "feature_id": "awashima-murakami-0", "coordinates": [ 139.31706870865011, 38.296780840803123 ] }, "geometry": { "type": "MultiLineString", "coordinates": [ [ [ 139.2528365, 38.46463272999954 ], [ 139.27922556863379, 38.3583553017186 ], [ 139.33347553020249, 38.27008535010159 ], [ 139.47574369999958, 38.22191642 ] ], [ [ 139.2528365, 38.46463272999954 ], [ 139.33747552736901, 38.3583553017186 ], [ 139.39172548893771, 38.27008535010159 ], [ 139.47574369999958, 38.22191642 ] ] ] } },
{ "type": "Feature", "properties": { "id": "tasman-ring-network-phase-1", "name": "Tasman Ring Network-Phase 1", "color": "#939597", "feature_id": "tasman-ring-network-phase-1-0", "coordinates": [ 156.04282755501859, -41.88946330975174 ] }, "geometry": { "type": "MultiLineString", "coordinates": [ [ [ 144.967148, -37.81753200000024 ], [ 144.85910161579719, -38.25898836030261 ], [ 144.80485165422849, -38.52352352301163 ], [ 145.34997126806056, -39.2547415615617 ], [ 146.24997063108842, -39.86187867951612 ], [ 149.39996839960057, -38.99291515860618 ], [ 164.99995734782604, -45.7951245820919 ], [ 166.3249564091843, -46.33285525519881 ], [ 167.67495545283234, -46.48798974841782 ], [ 168.3475, -46.41305600000027 ] ] ] } },
{ "type": "Feature", "properties": { "id": "okinawa-miyakojima-ishigaki", "name": "Okinawa-Miyakojima-Ishigaki", "color": "#c2237e", "feature_id": "okinawa-miyakojima-ishigaki-0", "coordinates": [ 126.07935132335385, 24.963156259890788 ] }, "geometry": { "type": "MultiLineString", "coordinates": [ [ [ 124.2450912999995, 24.38836595 ], [ 124.6499859327203, 24.32780311165181 ], [ 125.09998561393637, 24.41747469866039 ], [ 125.38733299999983, 24.75150203000036 ], [ 125.99998497636834, 24.91585849355883 ], [ 127.23748409911637, 25.65333661327605 ], [ 127.72859249999958, 26.13475618000021 ] ] ] } },
{ "type": "Feature", "properties": { "id": "mishima-village", "name": "Mishima Village", "color": "#c41f45", "feature_id": "mishima-village-0", "coordinates": [ 130.28190022823586, 31.262247493396529 ] }, "geometry": { "type": "MultiLineString", "coordinates": [ [ [ 129.93441360000014, 30.83246034000021 ], [ 130.04998210492832, 30.98582542194919 ], [ 130.1624820270205, 31.08222223094729 ], [ 130.29387193394277, 31.28029507274315 ], [ 130.27498194672853, 31.08222223094729 ], [ 130.44173182919724, 30.88932897488944 ], [ 130.4266154, 30.81022492 ] ], [ [ 129.93441360000014, 30.83246034000021 ], [ 130.2983291000001, 30.7929852100003 ], [ 130.4266154, 30.81022492 ] ] ] } },
{ "type": "Feature", "properties": { "id": "talaylink", "name": "TalayLink", "color": "#939597", "feature_id": "talaylink-0", "coordinates": [ 110.26326781057011, -26.766476642591662 ] }, "geometry": { "type": "MultiLineString", "coordinates": [ [ [ 100.06611334816643, 6.61351886085411 ], [ 96.09214483515096, 5.72580268887697 ], [ 95.50021180355195, 5.70812748117206 ], [ 94.39121736831608, 4.30521657626247 ], [ 94.4988798791227, 3.36766850987275 ], [ 99.97532568091725, -4.15179563597123 ], [ 101.90529164924416, -5.68155455938447 ], [ 102.59094710926541, -7.13819055151416 ], [ 105.41361374274392, -10.56578372997794 ], [ 105.94799918019127, -15.26535816953487 ], [ 107.9205544240356, -20.43392219763741 ], [ 110.46581629282331, -27.31398249584017 ], [ 112.85917397234627, -30.67295608460977 ], [ 113.84999358353615, -32.04238655918697 ], [ 113.60321110091725, -33.06182889373477 ], [ 113.60321110091725, -34.61129978545114 ], [ 115.44676979611502, -36.28083847394901 ], [ 119.55018485796727, -36.44205411672081 ], [ 127.09256232737636, -37.45923113608103 ], [ 134.85085761257704, -38.10639022194604 ], [ 140.39997477528055, -39.16757423638764 ], [ 142.19997350014447, -39.51559387611211 ], [ 143.99997222500841, -39.51559387611211 ], [ 144.57985181362045, -38.52352352301163 ], [ 144.75060169265976, -38.25898836030261 ], [ 144.967148, -37.81753200000024 ] ], [ [ 105.65751366522899, -10.4318730000001 ], [ 105.41361374274392, -10.56578372997794 ] ], [ [ 115.74022, -32.53702089571274 ], [ 113.84999358353615, -32.04238655918697 ] ] ] } },
{ "type": "Feature", "properties": { "id": "bosun", "name": "Bosun", "color": "#939597", "feature_id": "bosun-0", "coordinates": [ 118.40431639042593, -11.1110989624718 ] }, "geometry": { "type": "MultiLineString", "coordinates": [ [ [ 105.67351309999975, -10.43187249999981 ], [ 106.99999843554109, -10.47259892498887 ], [ 114.99999276827003, -11.1110989624718 ], [ 120.99998851781679, -11.1110989624718 ], [ 126.44998465698852, -11.33179719377509 ], [ 127.34998401942048, -11.33179719377509 ], [ 129.03748282457639, -11.61355234339345 ], [ 129.20623270503228, -11.66869424909462 ], [ 129.93758218693759, -11.88890717018829 ], [ 130.50000678851072, -11.99910845308702 ], [ 130.84315500000028, -12.4675 ] ] ] } },
{ "type": "Feature", "properties": { "id": "finland-estonia-connection-1-fec-1", "name": "Finland Estonia Connection 1 (FEC-1)", "color": "#d7c027", "feature_id": "finland-estonia-connection-1-fec-1-0", "coordinates": [ 25.018248699424372, 59.7882269523489 ] }, "geometry": { "type": "MultiLineString", "coordinates": [ [ [ 24.7524689999996, 59.436369 ], [ 24.97505654337544, 59.679663707209 ], [ 25.08755646367936, 59.9624316341522 ], [ 24.93256300000032, 60.1712 ] ] ] } },
{ "type": "Feature", "properties": { "id": "eagle", "name": "EAGLE", "color": "#939597", "feature_id": "eagle-0", "coordinates": [ 22.893438595610316, 34.826090072059031 ] }, "geometry": { "type": "MultiLineString", "coordinates": [ [ [ 18.84381088561558, 40.04369219283004 ], [ 18.59820559145064, 40.3515155000001 ], [ 18.405157, 40.40923169292791 ], [ 18.17501610000015, 40.3515155000001 ] ], [ [ 19.37619400000041, 40.78671299999985 ], [ 19.13753248864648, 40.65465654494 ], [ 19.07081072540277, 40.38732029077508 ], [ 18.84381088561558, 40.04369219283004 ], [ 19.07026072579225, 39.48474996079946 ], [ 19.57506036759165, 37.67887792909206 ], [ 22.0499967475772, 35.02384407226618 ], [ 25.40219602615603, 34.23788494731137 ], [ 25.73091538232206, 34.05545500506884 ], [ 28.28078582696705, 32.39269578860082 ], [ 29.2206337459147, 31.54450711039609 ], [ 29.67235321517045, 31.04764199787644 ] ] ] } },
{ "type": "Feature", "properties": { "id": "e-finest", "name": "E-FINEST", "color": "#40b76f", "feature_id": "e-finest-0", "coordinates": [ 24.63755678246347, 59.808785536702302 ] }, "geometry": { "type": "MultiLineString", "coordinates": [ [ [ 24.65578, 60.20678 ], [ 24.63755678246347, 59.9624316341522 ], [ 24.63755678246347, 59.679663707209 ], [ 24.7524689999996, 59.436369 ] ] ] } },
{ "type": "Feature", "properties": { "id": "finland-estonia-connection-2-fec-2", "name": "Finland Estonia Connection 2 (FEC-2)", "color": "#7fc241", "feature_id": "finland-estonia-connection-2-fec-2-0", "coordinates": [ 24.908663992912608, 59.795554326078218 ] }, "geometry": { "type": "MultiLineString", "coordinates": [ [ [ 24.7524689999996, 59.436369 ], [ 24.86255662307151, 59.679663707209 ], [ 24.97505654337544, 59.9624316341522 ], [ 24.93256300000032, 60.1712 ] ] ] } },
{ "type": "Feature", "properties": { "id": "sealink-south", "name": "SEALink South", "color": "#b36036", "feature_id": "sealink-south-0", "coordinates": [ -132.33798343598562, 55.368163899494924 ] }, "geometry": { "type": "MultiLineString", "coordinates": [ [ [ -133.0219314, 55.5138458 ], [ -132.7067629486636, 55.42022053018498 ], [ -132.53801551128319, 55.38828278020515 ], [ -132.3692631962775, 55.35631921417214 ], [ -132.20051089997355, 55.42022053018498 ], [ -131.97551348456435, 55.42022053018498 ], [ -131.88157355408154, 55.4342706379767 ], [ -131.66047397463319, 55.3430143091892 ] ], [ [ -132.829514, 56.015202 ], [ -132.61350301648966, 55.94748269225452 ], [ -132.5077430946788, 55.89266381393939 ], [ -132.37160699136777, 55.79765291550112 ], [ -132.30412703917114, 55.63377825521405 ], [ -132.16174714003438, 55.52674243817184 ], [ -131.97551348456435, 55.42022053018498 ] ] ] } },
{ "type": "Feature", "properties": { "id": "isle-au-haut-cable", "name": "Isle Au Haut Cable", "color": "#b2ba34", "feature_id": "isle-au-haut-cable-0", "coordinates": [ -68.645922819999782, 44.103914490000022 ] }, "geometry": { "type": "MultiLineString", "coordinates": [ [ [ -68.66687301, 44.15633173000015 ], [ -68.62497262999955, 44.05149724999989 ] ] ] } },
{ "type": "Feature", "properties": { "id": "hokkaido-rebun-rishiri", "name": "Hokkaido-Rebun-Rishiri", "color": "#ddc224", "feature_id": "hokkaido-rebun-rishiri-0", "coordinates": [ 141.3723112574356, 45.292603245705564 ] }, "geometry": { "type": "MultiLineString", "coordinates": [ [ [ 141.0470618, 45.30049874 ], [ 141.21947430000026, 45.24503586 ], [ 141.69815370000035, 45.39401506 ] ] ] } },
{ "type": "Feature", "properties": { "id": "okinawa-remote-islands", "name": "Okinawa Remote Islands", "color": "#c31e53", "feature_id": "okinawa-remote-islands-0", "coordinates": [ 125.18272383462778, 25.418254015357316 ] }, "geometry": { "type": "MultiLineString", "coordinates": [ [ [ 122.99077429999956, 24.45721545000032 ], [ 123.33748686191112, 24.27084014600579 ], [ 123.77844360000016, 24.06001916000044 ] ], [ [ 122.99077429999956, 24.45721545000032 ], [ 123.74998656790437, 24.73717827217609 ], [ 124.7002651000001, 24.66870033000032 ], [ 125.2687354920083, 25.55188275942587 ], [ 126.33105998708565, 25.85323598193388 ], [ 127.23748409911637, 25.95717997876434 ], [ 127.68810080000024, 26.11488697999966 ] ], [ [ 126.7753465, 26.35313219000017 ], [ 126.78748441790049, 26.46184379618898 ], [ 127.2289978, 26.58722680000027 ] ], [ [ 127.292292, 26.23096858999988 ], [ 127.36352570000041, 26.19683555999985 ] ], [ [ 127.2289978, 26.58722680000027 ], [ 127.74376439999966, 26.40204469 ] ] ] } },
{ "type": "Feature", "properties": { "id": "minamidaito-island", "name": "Minamidaito Island", "color": "#50b748", "feature_id": "minamidaito-island-0", "coordinates": [ 129.45897087497414, 25.813527639618613 ] }, "geometry": { "type": "MultiLineString", "coordinates": [ [ [ 127.68810080000024, 26.11488697999966 ], [ 128.0249835418403, 26.00594716890057 ], [ 130.27498194374937, 25.7040312290754 ], [ 131.24255189999982, 25.84298435999969 ] ] ] } },
{ "type": "Feature", "properties": { "id": "kitadaito-island", "name": "Kitadaito Island", "color": "#da4326", "feature_id": "kitadaito-island-0", "coordinates": [ 129.51278652490001, 25.924516061166202 ] }, "geometry": { "type": "MultiLineString", "coordinates": [ [ [ 127.72859249999958, 26.13475618000021 ], [ 128.0249835418403, 26.05828756029904 ], [ 130.27498194374937, 25.85598546607221 ], [ 131.30497690000038, 25.94584898999972 ] ] ] } },
{ "type": "Feature", "properties": { "id": "daito-loop", "name": "Daito Loop", "color": "#63c5b9", "feature_id": "daito-loop-0", "coordinates": [ 131.2737644000001, 25.894416674999711 ] }, "geometry": { "type": "MultiLineString", "coordinates": [ [ [ 131.24255189999982, 25.84298435999969 ], [ 131.30497690000038, 25.94584898999972 ] ] ] } },
{ "type": "Feature", "properties": { "id": "vaka", "name": "VAKA", "color": "#939597", "feature_id": "vaka-0", "coordinates": [ 176.52803540417949, -11.184211973197916 ] }, "geometry": { "type": "MultiLineString", "coordinates": [ [ [ 173.69996478053517, -13.69898726961074 ], [ 178.32494790827781, -9.58636249329395 ], [ 179.19882450000034, -8.52020450599945 ] ] ] } },
{ "type": "Feature", "properties": { "id": "konstanz-friedrichshafen", "name": "Konstanz-Friedrichshafen", "color": "#a8c638", "feature_id": "konstanz-friedrichshafen-0", "coordinates": [ 9.3266248499999342, 47.669857200000102 ] }, "geometry": { "type": "MultiLineString", "coordinates": [ [ [ 9.17323839999989, 47.67794960000021 ], [ 9.4800113, 47.6617648 ] ] ] } },
{ "type": "Feature", "properties": { "id": "konstanz-meersburg", "name": "Konstanz-Meersburg", "color": "#458bca", "feature_id": "konstanz-meersburg-0", "coordinates": [ 9.2231551089999471, 47.68741076500023 ] }, "geometry": { "type": "MultiLineString", "coordinates": [ [ [ 9.17323839999989, 47.67794960000021 ], [ 9.273071818, 47.69687193000024 ] ] ] } },
{ "type": "Feature", "properties": { "id": "muroran-hachinohe", "name": "Muroran-Hachinohe", "color": "#93489b", "feature_id": "muroran-hachinohe-0", "coordinates": [ 141.64683877069186, 41.521767598926949 ] }, "geometry": { "type": "MultiLineString", "coordinates": [ [ [ 140.9814, 42.36909099999973 ], [ 141.52497397772464, 41.85617959436374 ], [ 141.7499738189284, 41.2387523289666 ], [ 141.50050400000035, 40.4767109999998 ] ] ] } },
{ "type": "Feature", "properties": { "id": "emc-west-1", "name": "EMC West-1", "color": "#939597", "feature_id": "emc-west-1-0", "coordinates": [ 14.454285196906774, 35.558276847359693 ] }, "geometry": { "type": "MultiLineString", "coordinates": [ [ [ 34.87197099999965, 32.34394800000022 ], [ 34.73217507969621, 31.51480684187728 ], [ 35.06258781939066, 31.01710421009286 ], [ 35.12680721318803, 29.7577662175767 ], [ 34.95220799999987, 29.283852 ] ], [ [ 8.9389, 44.41033899999979 ], [ 9.523041499329, 43.92966116282311 ], [ 9.86735724581159, 43.41493765625121 ], [ 10.20394186997686, 42.44942123712099 ], [ 10.73296777570995, 41.47479235047743 ], [ 11.92506578751538, 39.6983233549332 ], [ 11.92506578691947, 37.85673997565852 ], [ 12.48756538963128, 37.23235432155614 ], [ 13.89381439283538, 35.96797434759339 ], [ 14.40006403479932, 35.55718204488721 ], [ 16.65006244087933, 35.60261271664616 ], [ 19.35006052817542, 35.96765819663267 ], [ 22.0500586148756, 35.81607643769555 ], [ 22.95005797790347, 35.78566189952622 ], [ 23.40005765852345, 35.26683686030974 ], [ 24.86255662247561, 34.89090355336368 ], [ 24.7682781200003, 35.07140756999981 ] ], [ [ 24.86255662247561, 34.89090355336368 ], [ 25.199861071026, 34.78595414586146 ], [ 31.05005223979153, 33.37780603565933 ], [ 33.75005032708761, 32.62301664000789 ], [ 34.87197099999965, 32.34394800000022 ], [ 34.79800093421972, 31.54482310827893 ], [ 35.16479546752682, 31.04764199787644 ], [ 35.16479546752682, 29.75072224549048 ], [ 34.95220799999987, 29.283852 ] ], [ [ 22.95005797790347, 35.78566189952622 ], [ 23.51255757882756, 36.24065523321488 ], [ 23.73625399999989, 37.97609300000014 ] ] ] } },
{ "type": "Feature", "properties": { "id": "emc-west-2", "name": "EMC West-2", "color": "#939597", "feature_id": "emc-west-2-0", "coordinates": [ 19.498839308189734, 35.235142604010285 ] }, "geometry": { "type": "MultiLineString", "coordinates": [ [ [ 34.55601100000069, 31.66951 ], [ 34.88686597691469, 30.96886148752793 ], [ 35.03999086843967, 29.82108158953627 ], [ 34.95220799999987, 29.283852 ] ], [ [ 5.37250699999955, 43.293579 ], [ 6.41256969321536, 41.74435878948223 ], [ 7.98756857806734, 38.65181171271134 ], [ 9.00006785961144, 38.47588134813876 ], [ 10.34861722976928, 38.47588134813876 ], [ 11.81256586721145, 37.85673997565852 ], [ 12.37506546873145, 37.23235432155614 ], [ 13.18722003568454, 36.13704003529485 ], [ 14.50017299989932, 35.34412806223549 ], [ 16.50855144907108, 34.86099639886459 ], [ 19.24898112158607, 35.24657290391401 ], [ 22.12547979472243, 35.11498128807165 ], [ 23.34315598895122, 34.84186472475756 ], [ 24.40337726026242, 34.56509456203117 ], [ 25.3506459548525, 34.35479262780249 ], [ 31.05005223979153, 33.00121852265448 ], [ 33.75005032708761, 32.24321001626274 ], [ 34.55601100000069, 31.66951 ], [ 34.96840375635269, 31.00235803816474 ], [ 35.09407707525654, 29.79130993624826 ], [ 34.95220799999987, 29.283852 ] ], [ [ 24.7682781200003, 35.07140756999981 ], [ 24.71844478368369, 34.49950938424571 ] ] ] } },
{ "type": "Feature", "properties": { "id": "asia-connect-cable-1-acc-1", "name": "Asia Connect Cable-1 (ACC-1)", "color": "#939597", "feature_id": "asia-connect-cable-1-acc-1-0", "coordinates": [ 143.91185695233523, 12.797443250456062 ] }, "geometry": { "type": "MultiLineString", "coordinates": [ [ [ 128.24998338125656, 5.06198695441611 ], [ 126.33748473549242, 5.95781868108853 ], [ 125.61287587559997, 7.07998888316064 ] ], [ [ 107.77499788652415, -3.77866658006106 ], [ 107.77499788712005, -4.60145376483711 ], [ 107.32499820590417, -5.2739443636413 ], [ 106.82782855810404, -6.17187639081632 ] ], [ [ 117.37991922838094, -5.94570715507064 ], [ 118.79999007691224, -5.2739443636413 ], [ 119.41238964308275, -5.1521802173347 ] ], [ [ 123.74998656969242, -6.91456105920175 ], [ 125.32498545454442, -7.95571709433465 ], [ 125.58071527278696, -8.57069 ] ], [ [ 126.8999843382044, 2.06813787696454 ], [ 125.99998497636834, 2.14308717847186 ], [ 124.87498577273243, 1.80578828012915 ], [ 124.83963579837059, 1.49077929609472 ] ], [ [ 104.33505754105825, 1.09107675826317 ], [ 104.11006048280018, 1.09107675826317 ], [ 104.0166370000003, 1.06679800000035 ] ], [ [ 127.79998370063637, -4.67620802875107 ], [ 123.74998656969242, -6.91456105920175 ], [ 120.14998911996437, -6.91456105920175 ], [ 117.37991922838094, -5.94570715507064 ], [ 116.58310164737706, -5.525204085835 ], [ 114.46970572643436, -5.72187274783412 ], [ 112.04999485867221, -4.82569249921742 ], [ 109.34999676839627, -3.47926867897006 ], [ 107.77499788652415, -3.77866658006106 ], [ 106.9874984438013, -3.02999596800866 ], [ 106.87499852468808, -2.13091848096033 ], [ 106.4249988434722, -0.33140932966026 ], [ 105.29999964043219, 0.7935626526072 ], [ 104.84999995921611, 0.90605018086909 ], [ 104.62500011860807, 1.07477478935055 ], [ 104.33505754105825, 1.09107675826317 ], [ 103.85310700000069, 1.29387768461166 ] ], [ [ 179.99992672230314, 19.95262290516439 ], [ 151.19996712446451, 16.10232559580297 ], [ 146.24997063108842, 14.25664499455348 ], [ 145.34997126865645, 13.60149820227659 ], [ 144.89997158744055, 13.3827080361257 ], [ 144.77675167413477, 13.49003750452791 ], [ 143.99997222500841, 12.83486881784652 ], [ 137.24997700676838, 9.96791518697413 ], [ 133.19997987582445, 8.1905434177955 ], [ 128.24998338125656, 5.06198695441611 ], [ 126.8999843382044, 2.06813787696454 ], [ 126.44998465698852, 0.11858841888831 ], [ 126.44998465698852, -1.23131575021741 ], [ 126.5744945687844, -1.75174719854077 ], [ 127.23748409911637, -2.58053670498413 ], [ 127.46248393972441, -3.25465736479768 ], [ 127.79998370063637, -4.67620802875107 ], [ 127.79998370063637, -6.46762759269069 ], [ 127.46248393972441, -8.25272052197498 ], [ 127.79998370063637, -9.58636249329395 ], [ 128.92498290367638, -10.62006486036324 ], [ 129.93758218693759, -12.10899093494409 ], [ 130.50000678851072, -12.21908721988425 ], [ 130.84314154543083, -12.46747433620354 ] ], [ [ -179.99979825051412, 19.95262290516439 ], [ -172.79980335105813, 21.63529738485955 ], [ -163.799809726738, 21.63529738485955 ], [ -161.44056423563913, 22.46937268057454 ], [ -152.99981737755394, 26.9643047345629 ], [ -147.6030982105313, 29.738014316088 ], [ -138.60310458621126, 31.28865285728309 ], [ -127.79983522945767, 33.18971466460047 ], [ -122.39983905486559, 33.37780603565933 ], [ -120.59984033000157, 33.37780603565933 ], [ -118.79984160513764, 33.89296086026743 ], [ -118.39945344493313, 33.86247486898549 ] ] ] } },
{ "type": "Feature", "properties": { "id": "norte-conectado-infovia-00", "name": "Norte Conectado (Infovia 00)", "color": "#e24f25", "feature_id": "norte-conectado-infovia-00-0", "coordinates": [ -52.897396810485127, -1.612459489745365 ] }, "geometry": { "type": "MultiLineString", "coordinates": [ [ [ -54.73603937000024, -1.94498703499983 ], [ -54.65613704573581, -2.24958162095736 ], [ -54.700923, -2.45062899999963 ], [ -54.09363744421581, -2.36199043618581 ], [ -54.0745407600001, -2.00047271400054 ], [ -53.86863760360777, -1.91230492051902 ], [ -53.30613800208777, -1.85608537564963 ], [ -52.9686382411758, -1.63118986005154 ], [ -52.57775842999971, -1.52842208099982 ], [ -52.29363871935178, -1.46250153504574 ], [ -52.01238891859178, -1.46250153504574 ], [ -51.89988899828776, -1.23756429525378 ], [ -51.73113911783178, -1.06884865545883 ], [ -51.67488915767982, -0.84388030267431 ], [ -51.5623892373758, -0.61889893817857 ], [ -51.33738939676776, -0.50640446036001 ], [ -51.11238955615982, -0.28141008165468 ], [ -51.06571400000015, 0.03453499999984 ] ] ] } },
{ "type": "Feature", "properties": { "id": "norte-conectado-infovia-01", "name": "Norte Conectado (Infovia 01)", "color": "#424099", "feature_id": "norte-conectado-infovia-01-0", "coordinates": [ -57.259175088444827, -2.5066788396945507 ] }, "geometry": { "type": "MultiLineString", "coordinates": [ [ [ -60.02064900000021, -3.12389599999975 ], [ -59.66238349926387, -3.09240673704417 ], [ -59.32488373835182, -3.20473681689526 ], [ -59.13166068, -3.5803299719999 ], [ -58.76238413683181, -3.42935955794927 ], [ -58.43994919999979, -3.13655810500047 ], [ -58.15474465000037, -3.12920363500046 ], [ -58.08738461500788, -2.86771131095212 ], [ -57.74988485409582, -2.75534682629511 ], [ -57.52488501348779, -2.41819145983835 ], [ -57.18738525257582, -2.53058646932234 ], [ -56.73720395000047, -2.63379376399988 ], [ -56.5123857307518, -2.47439015553989 ], [ -56.4893347300004, -2.10214440100059 ], [ -56.0952176299996, -2.16154422800077 ], [ -55.8674756800002, -1.76242793600052 ], [ -55.51623129, -1.91319803300019 ], [ -55.12010550000016, -1.89029745700043 ], [ -54.71238700588778, -2.24958162095736 ], [ -54.700923, -2.45062899999963 ] ] ] } },
{ "type": "Feature", "properties": { "id": "norte-conectado-infovia-02", "name": "Norte Conectado (Infovia 02)", "color": "#ef4b22", "feature_id": "norte-conectado-infovia-02-0", "coordinates": [ -67.697798972560093, -2.8322673756260865 ] }, "geometry": { "type": "MultiLineString", "coordinates": [ [ [ -70.19319400999984, -4.3663700930003 ], [ -70.02878003000031, -4.37988718500033 ], [ -69.9384964, -4.23129699500005 ], [ -69.74530427947822, -4.33726001338843 ], [ -69.40779263399965, -4.16897490571567 ], [ -69.52181003999964, -4.03785218800021 ], [ -69.40779263399965, -3.72004236914297 ], [ -69.29530063673994, -3.49548857603689 ], [ -68.95252266, -3.46550320200031 ], [ -68.62032036107237, -3.32703637161903 ], [ -68.19721486000019, -3.36208568700028 ], [ -67.94534099, -3.32703637161903 ], [ -67.94534099, -3.10239350599982 ], [ -67.77536821000035, -2.86172595099949 ], [ -67.46237797367455, -2.74286122095693 ], [ -67.34987805337053, -2.63048497811464 ], [ -67.1248782127626, -2.63048497811464 ], [ -66.77157420000049, -2.75061016599952 ], [ -66.56237861124259, -2.63048497811464 ], [ -66.56237861124259, -2.40570254275178 ], [ -66.33737877063454, -2.57429303207527 ], [ -66.09530680999958, -2.51518583200059 ], [ -65.66237924881052, -2.63048497811464 ], [ -65.32487948789857, -2.74286122095693 ], [ -65.16004126000051, -2.98267261899963 ], [ -64.81206968999977, -3.21455230799988 ], [ -64.7189822, -3.35216261000025 ] ] ] } },
{ "type": "Feature", "properties": { "id": "norte-conectado-infovia-03", "name": "Norte Conectado (Infovia 03)", "color": "#3655a3", "feature_id": "norte-conectado-infovia-03-0", "coordinates": [ -50.764313702128241, -1.4274139454300376 ] }, "geometry": { "type": "MultiLineString", "coordinates": [ [ [ -51.06571400000015, 0.03453499999984 ], [ -51.05613959600776, -0.28141008165468 ], [ -50.94363967570374, -0.39390803030073 ], [ -50.71863983509571, -0.28141008165468 ], [ -50.38830730274744, -0.15712759499978 ], [ -50.71863983509571, -0.33765921869651 ], [ -50.77488979524776, -0.50640446035892 ], [ -50.83113975539982, -0.73139103014119 ], [ -50.77488979524776, -1.06884865545883 ], [ -50.77488979524776, -1.40626920324283 ], [ -50.66238987494374, -1.63118986005154 ], [ -50.48198000274775, -1.68359619100007 ], [ -50.20909264999976, -1.898843353 ], [ -49.79802088, -1.81216047299991 ], [ -49.52887972, -1.71738221100019 ], [ -48.86982174999984, -1.39205816400031 ], [ -48.510443, -1.45858899999979 ] ] ] } },
{ "type": "Feature", "properties": { "id": "norte-conectado-infovia-04", "name": "Norte Conectado (Infovia 04)", "color": "#b84938", "feature_id": "norte-conectado-infovia-04-0", "coordinates": [ -61.561698486302767, 0.69523852351939197 ] }, "geometry": { "type": "MultiLineString", "coordinates": [ [ [ -61.63505656999974, -1.45857219099976 ], [ -61.90013191402189, -1.16231086021526 ], [ -61.78764966000029, -0.50803867400051 ], [ -61.78763199371787, 0.07510851284884 ], [ -61.67513207341395, 0.52510086467143 ], [ -61.45013223280591, 0.86257539137134 ], [ -61.13126438999985, 1.82391455500023 ], [ -61.00013255158993, 2.09963700878749 ], [ -60.88763263128591, 2.32446903907433 ], [ -60.67583299999976, 2.82351 ] ] ] } },
{ "type": "Feature", "properties": { "id": "projeto-amaznia-conectada-pac-01", "name": "Projeto Amazônia Conectada (PAC 01)", "color": "#6d4a9d", "feature_id": "projeto-amaznia-conectada-pac-01-0", "coordinates": [ -61.838197472101974, -3.8901481212350681 ] }, "geometry": { "type": "MultiLineString", "coordinates": [ [ [ -64.7189822, -3.35216261000025 ], [ -64.49988007233594, -3.48550713402827 ], [ -64.04988039111987, -3.71006338992714 ], [ -63.59988070990389, -3.82232033733577 ], [ -63.14769152, -4.09194180999953 ], [ -62.36238158655986, -3.71006338992714 ], [ -61.91238190534388, -3.93456259222593 ], [ -61.34988230382388, -3.59779217905032 ], [ -60.89988262260789, -3.59779217905032 ], [ -60.63541789000012, -3.28911531200025 ], [ -60.18773608000013, -3.2791282199995 ], [ -60.02064900000021, -3.12389599999975 ], [ -60.56238286169584, -2.98006475816933 ], [ -60.67488278199986, -2.75534682629511 ], [ -60.94388627000021, -2.62392829000012 ] ] ] } },
{ "type": "Feature", "properties": { "id": "projeto-amaznia-conectada-pac-02", "name": "Projeto Amazônia Conectada (PAC 02)", "color": "#34af49", "feature_id": "projeto-amaznia-conectada-pac-02-0", "coordinates": [ -63.542644652168057, -0.48737514590912279 ] }, "geometry": { "type": "MultiLineString", "coordinates": [ [ [ -67.08799537999974, -0.11941625799967 ], [ -66.51262864648594, -0.31863954420183 ], [ -66.28762880587789, -0.31863954420183 ], [ -65.61262928405397, -0.31863954420183 ], [ -65.275129523142, -0.43113703830792 ], [ -65.01571916999967, -0.41495787600035 ], [ -64.60013000131789, -0.43113703830792 ], [ -63.81263055918994, -0.31863954420183 ], [ -63.36263087797396, -0.5998800275132 ], [ -63.0251311170619, -0.71237255329949 ], [ -62.92576970999949, -0.97408120700016 ], [ -62.57513143584592, -1.04983191984481 ], [ -61.90013191402189, -1.38725486823311 ], [ -61.63505656999974, -1.45857219099976 ], [ -61.45013223280591, -1.72462970146388 ], [ -61.45013223280591, -1.83707498353749 ], [ -61.05638251174189, -2.17435291768607 ], [ -60.94388627000021, -2.62392829000012 ] ] ] } },
{ "type": "Feature", "properties": { "id": "barat-timur-indonesia-2-bti-2", "name": "Barat Timur Indonesia-2 (BTI-2)", "color": "#939597", "feature_id": "barat-timur-indonesia-2-bti-2-0", "coordinates": [ 115.06424459648615, -6.0588979738172339 ] }, "geometry": { "type": "MultiLineString", "coordinates": [ [ [ 107.92934120914595, 0.12514430529309 ], [ 108.79413778955596, 0.06274302296601 ], [ 109.33554678161278, -0.02702139228827 ] ], [ [ 108.02556988710769, -5.55683623214326 ], [ 107.5700525897694, -5.71644261233267 ], [ 106.96892712282748, -5.79056954481086 ], [ 106.791457, -6.10854833947347 ] ], [ [ 115.71425007478364, -6.11213525606115 ], [ 115.63417200651152, -6.97142 ], [ 115.10901907969586, -7.78572712283962 ], [ 115.07594712344931, -8.11552528952682 ] ], [ [ 110.27177103540173, -6.04878099096819 ], [ 110.51371472880342, -6.68945532327643 ], [ 110.42549900000049, -6.97142 ] ], [ [ 114.60399304939611, -3.32758682857312 ], [ 114.41254491570477, -3.73987095918363 ], [ 114.3103932573849, -4.42472179321586 ], [ 114.13221994550848, -4.83884284681681 ], [ 113.97217748075913, -6.04878099096819 ] ], [ [ 119.64813400673333, -5.67927676656926 ], [ 119.27840770615076, -5.94570715507064 ], [ 119.01248992577939, -6.69055232024562 ] ], [ [ 122.51297744659723, -3.99846909724518 ], [ 123.25408848349132, -3.57743655781504 ], [ 124.15161121973277, -3.58593403775963 ] ], [ [ 123.93724143733724, -1.1887845344905 ], [ 123.61629525815061, -0.88787173084779 ], [ 123.12391279505485, -1.0174889466678 ], [ 122.79275724839854, -0.93878873894516 ] ], [ [ 104.0166370000003, 1.06679800000035 ], [ 104.23671914307417, 0.7187011639991 ], [ 107.92934120914595, 0.12514430529309 ], [ 108.518987560062, -3.30830457030011 ], [ 107.9205544240356, -3.92832730414264 ], [ 107.87522066697851, -4.42146202125783 ], [ 108.028612707457, -5.57979326526674 ], [ 108.98720405963194, -6.2006447510461 ], [ 111.39530787136668, -5.88117596791059 ], [ 112.47060007836957, -6.1103687026795 ], [ 114.55431437305602, -6.01714223062971 ], [ 117.2863535895726, -6.24085583429844 ], [ 119.13788046195164, -6.72320352604612 ], [ 120.14039440019944, -6.65698173679958 ], [ 123.70604128832369, -6.65698173679958 ], [ 124.24565408402098, -5.02034130348452 ], [ 124.19467123697362, -4.06682230194794 ], [ 123.93724143733724, -1.1887845344905 ], [ 125.00091074855803, 0.14723587980984 ], [ 125.14944846892539, 0.78649545840565 ], [ 125.12195825402485, 1.02364580350454 ], [ 124.83963579837059, 1.49077929609472 ] ] ] } },
{ "type": "Feature", "properties": { "id": "trans-caspian-fiber-optic-cable-project", "name": "Trans-Caspian Fiber Optic Cable Project", "color": "#939597", "feature_id": "trans-caspian-fiber-optic-cable-project-0", "coordinates": [ 50.351709288108992, 42.166292900836503 ] }, "geometry": { "type": "MultiLineString", "coordinates": [ [ [ 49.668611, 40.589722 ], [ 49.77503897423938, 41.00333982867244 ], [ 51.00003810643851, 43.47375744845541 ], [ 51.20000099999987, 43.6500019999995 ] ] ] } },
{ "type": "Feature", "properties": { "id": "kangaroo-island-2", "name": "Kangaroo Island 2", "color": "#3a6bb4", "feature_id": "kangaroo-island-2-0", "coordinates": [ 137.86818235000004, -35.627751644999982 ] }, "geometry": { "type": "MultiLineString", "coordinates": [ [ [ 137.63263809999978, -35.65230045000021 ], [ 138.1037266000003, -35.60320283999976 ] ] ] } },
{ "type": "Feature", "properties": { "id": "bangladesh-private-cable-system-bpcs", "name": "Bangladesh Private Cable System (BPCS)", "color": "#939597", "feature_id": "bangladesh-private-cable-system-bpcs-0", "coordinates": [ 93.181058443956232, 17.212735087769786 ] }, "geometry": { "type": "MultiLineString", "coordinates": [ [ [ 96.44170591573067, 14.83337908026488 ], [ 95.12500684789669, 14.97028106042693 ], [ 94.00000764485668, 15.62136581130737 ], [ 93.37500808761213, 16.7497713156447 ], [ 92.92500840639624, 17.82393441253792 ], [ 92.13750896307621, 19.95262290516439 ], [ 91.99482906593992, 21.42927456664916 ] ] ] } },
{ "type": "Feature", "properties": { "id": "vstervik-visby", "name": "Västervik-Visby", "color": "#d96526", "feature_id": "vstervik-visby-0", "coordinates": [ 17.473474142831648, 57.759223740408395 ] }, "geometry": { "type": "MultiLineString", "coordinates": [ [ [ 16.63697244955656, 57.7560136 ], [ 17.32506196210754, 57.7724256592012 ], [ 18.00006148393147, 57.71238147125906 ], [ 18.3000312714301, 57.63842 ] ] ] } },
{ "type": "Feature", "properties": { "id": "oskarshamn-visby", "name": "Oskarshamn-Visby", "color": "#30b34a", "feature_id": "oskarshamn-visby-0", "coordinates": [ 17.354839182151327, 57.536969662249511 ] }, "geometry": { "type": "MultiLineString", "coordinates": [ [ [ 18.3000312714301, 57.63842 ], [ 18.00006148393147, 57.65223753363885 ], [ 17.32506196210754, 57.53165001232286 ], [ 16.66256243142841, 57.29602797009688 ], [ 16.44253927142979, 57.26521 ] ] ] } },
{ "type": "Feature", "properties": { "id": "globalconnect-6-gc6", "name": "GlobalConnect 6 (GC6)", "color": "#4cbb89", "feature_id": "globalconnect-6-gc6-0", "coordinates": [ 10.04430711986253, 55.638189539999935 ] }, "geometry": { "type": "MultiLineString", "coordinates": [ [ [ 9.99721157086237, 55.70859648999988 ], [ 10.09140266886269, 55.56778259 ] ] ] } },
{ "type": "Feature", "properties": { "id": "vietnam-singapore-cable-system-vts", "name": "Vietnam-Singapore Cable System (VTS)", "color": "#939597", "feature_id": "vietnam-singapore-cable-system-vts-0", "coordinates": [ 106.46282537917243, 5.7446817261508949 ] }, "geometry": { "type": "MultiLineString", "coordinates": [ [ [ 105.74999932164808, 4.72571805370361 ], [ 105.04591744854648, 5.88772639493478 ], [ 103.06289565101468, 7.11681225193178 ], [ 101.70000219070414, 7.13134914215914 ], [ 100.5951029728293, 7.19882 ] ], [ [ 104.28750035710021, 1.9182287802156 ], [ 104.11414047991015, 1.92588446510548 ] ], [ [ 104.00411055785635, 1.37349929738244 ], [ 104.20380041699001, 1.34931539207436 ], [ 104.23195039704844, 1.46842676733197 ], [ 104.28750035710021, 1.9182287802156 ], [ 104.56875015845611, 2.81745044265417 ], [ 105.74999932164808, 4.72571805370361 ], [ 107.54999804532039, 7.29876275445952 ], [ 107.77499788712005, 9.52441134501949 ], [ 107.07933837933602, 10.34223199999963 ] ] ] } },
{ "type": "Feature", "properties": { "id": "lake-michigan-crossing-peninsula-and-island-connection", "name": "Lake Michigan Crossing Peninsula and Island Connection", "color": "#939597", "feature_id": "lake-michigan-crossing-peninsula-and-island-connection-0", "coordinates": [ -85.611383908637606, 45.710570899822265 ] }, "geometry": { "type": "MultiLineString", "coordinates": [ [ [ -86.0121548, 45.99314791 ], [ -85.887364921241, 45.84716709802962 ], [ -85.7748650009369, 45.76874730029829 ], [ -85.53533779680885, 45.74093167 ], [ -85.66236508063297, 45.69021709593783 ], [ -85.66236508063297, 45.57221476032958 ], [ -85.43736524002493, 45.4539639701049 ], [ -85.25839776017807, 45.31806299999966 ] ] ] } },
{ "type": "Feature", "properties": { "id": "lake-michigan-chicago-crossing", "name": "Lake Michigan Chicago Crossing", "color": "#939597", "feature_id": "lake-michigan-chicago-crossing-0", "coordinates": [ -87.042807107587223, 41.996979072671245 ] }, "geometry": { "type": "MultiLineString", "coordinates": [ [ [ -87.63241601842836, 41.88414897363115 ], [ -87.22486397374416, 41.92131827294801 ], [ -86.77486429252818, 42.00497039206989 ], [ -86.49025855, 42.09494643278548 ] ], [ [ -87.63241601842836, 41.88414897363115 ], [ -87.22486397374416, 41.96315806081707 ], [ -86.77486429252818, 42.04675526247187 ], [ -86.45448688264149, 42.11623924570896 ] ] ] } },
{ "type": "Feature", "properties": { "id": "nongsa-changi", "name": "Nongsa-Changi", "color": "#939597", "feature_id": "nongsa-changi-0", "coordinates": [ 104.0768804017202, 1.295370025702409 ] }, "geometry": { "type": "MultiLineString", "coordinates": [ [ [ 104.00411055785635, 1.37349929700045 ], [ 104.09355549449265, 1.27746682874661 ], [ 104.10295048783711, 1.19651553900041 ] ] ] } },
{ "type": "Feature", "properties": { "id": "insica", "name": "INSICA", "color": "#939597", "feature_id": "insica-0", "coordinates": [ 103.85950463659297, 1.19112580408122 ] }, "geometry": { "type": "MultiLineString", "coordinates": [ [ [ 103.64621, 1.33864583565465 ], [ 103.72500075558021, 1.22474443966852 ], [ 103.95000059618825, 1.16850674904098 ], [ 104.13311046647141, 1.17320576438183 ] ] ] } },
{ "type": "Feature", "properties": { "id": "ioema-1", "name": "IOEMA-1", "color": "#939597", "feature_id": "ioema-1-0", "coordinates": [ 6.1831783990645786, 53.852888017468835 ] }, "geometry": { "type": "MultiLineString", "coordinates": [ [ [ 2.70007232139532, 52.00429650272413 ], [ 3.37507184679538, 52.00429650272413 ], [ 4.31741499999965, 52.08399199999982 ] ], [ [ 3.03757208349945, 52.35686935757298 ], [ 2.25007264196731, 52.34923443600231 ], [ 1.574842, 52.20525622625099 ] ], [ [ 7.20006913534322, 55.77997032709834 ], [ 7.65006881655929, 55.71665209382179 ], [ 8.32919799999986, 55.75167274300325 ] ], [ [ 7.42506897535536, 54.16597178715178 ], [ 7.98756857687536, 53.90168472607427 ], [ 8.10006849717947, 53.70236555668246 ], [ 8.10686849236221, 53.5323403 ] ], [ [ 5.85007009109946, 53.76891056666807 ], [ 6.52506961292339, 53.63571515699508 ], [ 6.81601629236198, 53.442799 ] ], [ [ 1.43945857171798, 51.35885 ], [ 2.02507280135927, 51.86557165559819 ], [ 2.70007232139532, 52.00429650272413 ], [ 3.03757208349945, 52.35686935757298 ], [ 3.82507152622321, 52.69150159464696 ], [ 4.27507120684338, 53.23359531864929 ], [ 5.85007009109946, 53.76891056666807 ], [ 7.42506897535536, 54.16597178715178 ], [ 7.20006913534322, 55.46235018809831 ], [ 7.20006913534322, 55.77997032709834 ], [ 7.31256905505143, 56.55247760361325 ], [ 8.10006849658357, 57.9320565869514 ], [ 7.99484857171814, 58.143805 ] ] ] } },
{ "type": "Feature", "properties": { "id": "umoja", "name": "Umoja", "color": "#939597", "feature_id": "umoja-0", "coordinates": [ 73.369136158066894, -30.194272617562497 ] }, "geometry": { "type": "MultiLineString", "coordinates": [ [ [ 115.74022, -32.53702089571274 ], [ 113.84999358353615, -31.85146566557725 ], [ 89.10001111606014, -30.56860275949225 ], [ 45.4500416666551, -29.52991296614913 ], [ 38.70004682046353, -29.52991296614913 ], [ 33.30005064587154, -30.11551696977594 ], [ 32.40005128343957, -30.11551696977594 ], [ 30.88039235938437, -30.05771707645661 ] ] ] } },
{ "type": "Feature", "properties": { "id": "proa", "name": "Proa", "color": "#939597", "feature_id": "proa-0", "coordinates": [ 140.94409772480356, 23.968318050907758 ] }, "geometry": { "type": "MultiLineString", "coordinates": [ [ [ 136.90461113662792, 34.41942780492772 ], [ 137.61780690371242, 32.89632905753641 ], [ 138.18030650463632, 31.37216307935734 ], [ 141.78030395555655, 21.72822795323935 ], [ 144.03030236163656, 17.06073218960737 ], [ 144.7053018828644, 15.1151466519455 ], [ 144.8178018043603, 14.02634856451743 ], [ 144.81683513662824, 13.54363582876359 ] ], [ [ 144.7053018828644, 15.1151466519455 ], [ 145.49280132558852, 15.06083578721253 ], [ 145.63747106498886, 15.01150849939949 ] ] ] } },
{ "type": "Feature", "properties": { "id": "taihei", "name": "Taihei", "color": "#939597", "feature_id": "taihei-0", "coordinates": [ 160.28836810524842, 32.029175474515689 ] }, "geometry": { "type": "MultiLineString", "coordinates": [ [ [ -158.08325, 21.33416151999962 ], [ -158.39981350477709, 21.216397899942 ], [ -158.8498131859927, 21.216397899942 ], [ -161.44056418827003, 21.84429407917369 ], [ -179.9997982353205, 27.89623898952869 ] ], [ [ 179.99994672169302, 27.89623898952869 ], [ 149.39996839960057, 34.31215165223547 ], [ 141.97497365894054, 36.33133835588799 ], [ 141.07497429650857, 36.54252213054144 ], [ 140.71827, 36.71308 ] ] ] } },
{ "type": "Feature", "properties": { "id": "new-cam-ring", "name": "New CAM Ring", "color": "#939597", "feature_id": "new-cam-ring-0", "coordinates": [ -18.324026527522005, 38.831939222700775 ] }, "geometry": { "type": "MultiLineString", "coordinates": [ [ [ -16.76318074999952, 32.71937536723225 ], [ -16.31241420878884, 32.8123187832876 ], [ -13.94991588180883, 34.31215165223547 ], [ -11.92491731633676, 36.51238821239364 ], [ -9.44991906964872, 37.76786242517874 ], [ -9.11241930873675, 37.89956046011012 ], [ -8.86959948134856, 37.95719 ] ], [ [ -16.9089104850232, 32.646885 ], [ -16.81866385134878, 32.62301664000789 ], [ -16.76318223502359, 32.71937525 ] ], [ [ -25.67679757497176, 37.74037606999961 ], [ -25.76240751372887, 37.58978657360306 ], [ -25.53740767371692, 36.78317048961605 ], [ -24.74990823099289, 35.96797434759339 ], [ -18.44991269396884, 32.62301664000789 ], [ -17.12511363246887, 32.46403024100134 ], [ -16.90891378622291, 32.646885 ] ], [ [ -27.25032646026906, 38.66570477999988 ], [ -27.22490647887292, 38.47588134813876 ], [ -26.99990663826488, 38.03417390064187 ], [ -25.87490743403289, 37.58978657360306 ], [ -25.66870758010685, 37.73960462631469 ] ], [ [ -9.33791240000035, 38.6888354519986 ], [ -10.79991811329676, 38.38775473578444 ], [ -13.94991588300081, 38.53457265294195 ], [ -23.39990918734485, 39.17701458492114 ], [ -25.19990791459283, 39.17701458492114 ], [ -26.77490679706085, 38.94407095870691 ], [ -27.25032671, 38.66570093075493 ] ] ] } },
{ "type": "Feature", "properties": { "id": "sto-hel-one", "name": "STO-HEL-One", "color": "#45449b", "feature_id": "sto-hel-one-0", "coordinates": [ 20.548612337285515, 60.630458430723749 ] }, "geometry": { "type": "MultiLineString", "coordinates": [ [ [ 18.56540150000036, 60.0320464 ], [ 18.90006084636344, 60.03743169846873 ], [ 19.57506036818755, 60.03743169846873 ], [ 19.80495290000059, 60.099262 ] ], [ [ 19.72481440000039, 60.2726387 ], [ 19.96881008925148, 60.3171707394356 ], [ 20.13755996970755, 60.3728330141931 ], [ 20.25005989001148, 60.48387290544706 ], [ 20.70005957122756, 60.70481713232475 ], [ 21.15005925244345, 60.70481713232475 ], [ 21.44623529999971, 60.6794687 ] ] ] } },
{ "type": "Feature", "properties": { "id": "sovetskaya-gavan-uglegorsk", "name": "Sovetskaya Gavan-Uglegorsk", "color": "#a72f6a", "feature_id": "sovetskaya-gavan-uglegorsk-0", "coordinates": [ 141.13175739999988, 49.015088600000205 ] }, "geometry": { "type": "MultiLineString", "coordinates": [ [ [ 140.28333299999971, 48.9666670000001 ], [ 141.9801818, 49.06351020000032 ] ] ] } },
{ "type": "Feature", "properties": { "id": "rompin-tioman-island", "name": "Rompin-Tioman Island", "color": "#5ac6d1", "feature_id": "rompin-tioman-island-0", "coordinates": [ 103.82426093775084, 2.8083559109428742 ] }, "geometry": { "type": "MultiLineString", "coordinates": [ [ [ 103.49149565704641, 2.80028560794855 ], [ 104.15702621845527, 2.8164262139372 ] ] ] } },
{ "type": "Feature", "properties": { "id": "besut-perhentian-islands", "name": "Besut-Perhentian Islands", "color": "#7ab542", "feature_id": "besut-perhentian-islands-0", "coordinates": [ 102.66026598075527, 5.8589427186440801 ] }, "geometry": { "type": "MultiLineString", "coordinates": [ [ [ 102.57171090634661, 5.79161672483715 ], [ 102.72290646910318, 5.90656656356476 ], [ 102.75470997931428, 5.90288382238341 ] ] ] } },
{ "type": "Feature", "properties": { "id": "lumut-pangkor-island", "name": "Lumut-Pangkor Island", "color": "#2961a5", "feature_id": "lumut-pangkor-island-0", "coordinates": [ 100.60442202612539, 4.2107814113198314 ] }, "geometry": { "type": "MultiLineString", "coordinates": [ [ [ 100.57962452963514, 4.19302590017977 ], [ 100.62921952261566, 4.22853692245989 ] ] ] } },
{ "type": "Feature", "properties": { "id": "calvi-st-florent", "name": "Calvi-St. Florent", "color": "#bf3c95", "feature_id": "calvi-st-florent-0", "coordinates": [ 8.9862976475621625, 42.743713464436716 ] }, "geometry": { "type": "MultiLineString", "coordinates": [ [ [ 8.754733, 42.56312 ], [ 8.7750680190034, 42.6610388144902 ], [ 8.88756793930733, 42.74371346443669 ], [ 9.22506770200754, 42.74371346443669 ], [ 9.3037039999996, 42.68184600000012 ] ] ] } },
{ "type": "Feature", "properties": { "id": "romsar-2", "name": "ROMSAR 2", "color": "#6b4099", "feature_id": "romsar-2-0", "coordinates": [ 10.050807484296756, 41.794296575323322 ] }, "geometry": { "type": "MultiLineString", "coordinates": [ [ [ 8.55431399999964, 40.72681099999979 ], [ 8.60631813854733, 40.9278295445864 ], [ 9.00006785961144, 41.1823303464796 ], [ 9.22506770021947, 41.2246513951782 ], [ 9.41054157902489, 41.21939730561934 ], [ 9.9000672220434, 41.68837522565799 ], [ 10.57506674386733, 42.16268022756146 ], [ 10.91505260455934, 42.35845318350371 ], [ 11.13756634538734, 42.24601493182971 ], [ 11.47506610629948, 42.16268022756146 ], [ 11.79157499999959, 42.096099 ] ] ] } },
{ "type": "Feature", "properties": { "id": "les-dhyres-cable", "name": "Îles d'Hyères Cable", "color": "#3858a7", "feature_id": "les-dhyres-cable-0", "coordinates": [ 6.3639914341316102, 43.006155641639388 ] }, "geometry": { "type": "MultiLineString", "coordinates": [ [ [ 6.15443878130573, 43.03008413646312 ], [ 6.20365284201113, 42.99989374688527 ], [ 6.38761029645282, 43.00707805731055 ], [ 6.44044597537656, 43.01927278405207 ], [ 6.36666220788267, 43.13795969557663 ] ] ] } },
{ "type": "Feature", "properties": { "id": "lic-lin-lamp", "name": "Lic-Lin-Lamp", "color": "#c4a32e", "feature_id": "lic-lin-lamp-0", "coordinates": [ 13.327132580251302, 36.251586548013599 ] }, "geometry": { "type": "MultiLineString", "coordinates": [ [ [ 12.60755838773042, 35.50152744443852 ], [ 12.86076893296266, 35.8583596049076 ], [ 13.16256491145539, 36.05897312258681 ], [ 13.78131447253146, 36.78317048961605 ], [ 13.93822656670043, 37.10250254786433 ] ] ] } },
{ "type": "Feature", "properties": { "id": "ruppione-isolella", "name": "Ruppione-Isolella", "color": "#c41788", "feature_id": "ruppione-isolella-0", "coordinates": [ 8.6017610546644931, 41.705307742162198 ] }, "geometry": { "type": "MultiLineString", "coordinates": [ [ [ 8.78501099999972, 41.832657 ], [ 8.58336815480551, 41.79381510302886 ], [ 8.58336815480551, 41.70988614690484 ], [ 8.7521180352614, 41.667880521967 ], [ 8.90575, 41.67415 ] ] ] } },
{ "type": "Feature", "properties": { "id": "sarco", "name": "SARCO", "color": "#45b648", "feature_id": "sarco-0", "coordinates": [ 9.179701715141487, 41.3151522514747 ] }, "geometry": { "type": "MultiLineString", "coordinates": [ [ [ 9.16897727113524, 41.39044730433591 ], [ 9.19042615914774, 41.23985719861349 ] ] ] } },
{ "type": "Feature", "properties": { "id": "honomoana", "name": "Honomoana", "color": "#939597", "feature_id": "honomoana-0", "coordinates": [ -140.30285250410262, 12.5325883545074 ] }, "geometry": { "type": "MultiLineString", "coordinates": [ [ [ 152.09996648630059, -37.99503557908304 ], [ 149.39996839960057, -39.34180065396819 ], [ 147.59996967473646, -39.68895338487733 ], [ 146.24997063108842, -40.03436927637599 ], [ 145.23747134537265, -39.2547415615617 ], [ 144.69235173392437, -38.52352352301163 ], [ 144.80485165422849, -38.25898836030261 ], [ 144.96715153925368, -37.81753200000024 ] ], [ [ 174.59995054710086, -31.34041055627775 ], [ 175.28071006484436, -33.34801975644684 ], [ 174.82499288827472, -36.14003339129543 ], [ 174.93749280857884, -36.59297842795038 ], [ 174.77046042690606, -36.88418050095063 ] ], [ [ -149.30812077403641, -17.72334221980437 ], [ -149.25614786794546, -17.13127775672355 ], [ -149.22482005239348, -15.97048661114128 ], [ -148.94982024720599, -13.69898726961074 ], [ -148.04982088417785, -9.58636249329395 ], [ -138.59982757864174, 17.39502263470052 ], [ -127.79983522945767, 26.9643047345629 ], [ -119.6998409675696, 31.67051304708713 ], [ -117.44984256148977, 32.62301664000789 ], [ -117.16576683559319, 32.70640764608389 ] ], [ [ -179.99979825111021, -29.79060489928869 ], [ -163.79980972733406, -23.49392244589784 ], [ -156.5998148272819, -21.4146618279605 ], [ -150.97481881208188, -17.5979989961555 ], [ -149.84981960963796, -16.95345498980991 ], [ -149.22482005239348, -15.97048661114128 ] ], [ [ -149.84981960963796, -16.95345498980991 ], [ -149.62481976783775, -17.16855309422616 ], [ -149.44108067057505, -17.51215245847912 ] ], [ [ 179.99994678470878, -29.79060502838685 ], [ 174.59995054710086, -31.34041055627775 ], [ 166.94995596702458, -32.80208389299158 ], [ 159.29996138635258, -34.67300361524697 ], [ 152.09996648630059, -37.99503557908304 ] ], [ [ 152.09996648630059, -37.99503557908304 ], [ 152.023790917052, -34.82698199055459 ], [ 151.20704, -33.86969599999964 ] ] ] } },
{ "type": "Feature", "properties": { "id": "tabua", "name": "Tabua", "color": "#939597", "feature_id": "tabua-0", "coordinates": [ -158.67752562395481, 19.768261412455779 ] }, "geometry": { "type": "MultiLineString", "coordinates": [ [ [ 178.42494704980945, -18.55931064574742 ], [ 178.43744782917764, -18.12381094353719 ] ], [ [ 178.08744807652479, -18.77365906052572 ], [ 177.52494847500478, -18.34706559145318 ], [ 177.31889862097242, -18.10038941849569 ] ], [ [ 160.64997402527118, -30.69766974449265 ], [ 155.31657635540799, -27.93629184064146 ], [ 153.96657731175995, -27.13826316164971 ], [ 153.51657762816009, -26.93785488754291 ], [ 153.40407770964404, -26.83751681895959 ], [ 153.0894391, -26.65184020000038 ] ], [ [ -158.08325, 21.33416151999962 ], [ -157.90008311233407, 21.12858743186435 ], [ -157.80225453681595, 20.89386327374593 ] ], [ [ 179.9999049246783, -17.81234135340585 ], [ 178.87496111451929, -18.24025141071153 ], [ 178.42494704980945, -18.55931064574742 ], [ 178.08744807652479, -18.77365906052572 ], [ 170.99996669323909, -22.66596996779479 ], [ 166.49996988107907, -25.94623071841455 ], [ 160.64997402527118, -30.69766974449265 ], [ 154.8000717646766, -32.61276000573574 ], [ 152.04792701428201, -33.93716236175066 ], [ 151.20704, -33.86969599999964 ] ], [ [ -118.24533600000012, 34.05348099999984 ], [ -120.59984033000157, 32.90681902852468 ], [ -127.79983522945767, 31.28673881439175 ], [ -138.60310458621126, 27.36665711536373 ], [ -147.6030982105313, 25.75672152517522 ], [ -152.99981737755394, 24.12261698700344 ], [ -157.27481434970198, 21.35616448233013 ], [ -157.49981418971396, 21.04733658829405 ], [ -157.80225453681595, 20.89386327374593 ], [ -159.52481275518593, 18.67864702215472 ], [ -165.59980845160203, 10.41081650540272 ], [ -170.99980462619399, 2.36791255870541 ], [ -175.49980143895019, -6.61665069347536 ], [ -178.8747990480702, -15.00681703291881 ], [ -179.54979856929816, -17.38340200594246 ], [ -179.99979825051412, -17.81234135340585 ] ] ] } },
{ "type": "Feature", "properties": { "id": "hawaiian-islands-fiber-link-hifl", "name": "Hawaiian Islands Fiber Link (HIFL)", "color": "#939597", "feature_id": "hawaiian-islands-fiber-link-hifl-0", "coordinates": [ -155.61158405092866, 20.585795007256266 ] }, "geometry": { "type": "MultiLineString", "coordinates": [ [ [ -158.09434432251803, 21.31382923952174 ], [ -157.949813871526, 21.18726316326259 ], [ -157.72481403091797, 21.13480616748229 ], [ -157.49981418971396, 20.99483015013143 ], [ -157.16231442880189, 20.90143978523765 ], [ -157.10606504759033, 20.90143978523765 ], [ -156.93731458879003, 20.95397903659904 ], [ -156.82481466788994, 20.95397903659904 ], [ -156.712314748182, 21.05900217332894 ], [ -156.59981482787796, 21.11148598348881 ], [ -156.48731490757396, 21.05900217332894 ], [ -156.467144, 20.89075500000017 ] ], [ [ -159.368579, 21.97492499999978 ], [ -158.84981323336208, 21.4259978723854 ], [ -158.3998135521461, 21.26882593147906 ], [ -158.09434432251803, 21.31382923952174 ] ], [ [ -157.023889, 21.09333299999979 ], [ -157.10606504759033, 20.90143978523765 ] ], [ [ -156.896861, 20.74347 ], [ -156.82559408025796, 20.78215184399808 ], [ -156.82481466788994, 20.95397903659904 ] ], [ [ -156.467144, 20.89075500000017 ], [ -156.37481498727004, 21.00649984517674 ], [ -156.20606570789425, 21.00649984517674 ], [ -156.03731522635798, 20.95397903659904 ], [ -155.69981546484993, 20.69109910743008 ], [ -155.08106653327414, 19.95262290516439 ], [ -155.081864, 19.71923499999982 ] ] ] } },
{ "type": "Feature", "properties": { "id": "5-villages-6-islands", "name": "5 Villages 6 Islands", "color": "#694099", "feature_id": "5-villages-6-islands-0", "coordinates": [ 139.91550483423842, 32.800320380855887 ] }, "geometry": { "type": "MultiLineString", "coordinates": [ [ [ 139.28026556789715, 34.67086299423112 ], [ 139.19589062766912, 34.62458823084221 ], [ 139.18589063475318, 34.55512767736998 ], [ 139.22402060774138, 34.48560908145168 ] ], [ [ 139.13964077948097, 34.20695345476847 ], [ 139.21551869844038, 34.3308542940764 ], [ 139.23807809778313, 34.35800775237148 ], [ 139.25835028346799, 34.37385314580609 ] ], [ [ 139.23807809778313, 34.35800775237148 ], [ 139.22402060774138, 34.48560908145168 ], [ 139.27888824035568, 34.52980806494848 ], [ 139.28026556789715, 34.67086299423112 ], [ 139.36069278510652, 34.75067252277655 ] ], [ [ 139.13964077948097, 34.20695345476847 ], [ 139.16247565134051, 34.03292178996404 ], [ 139.38747549194858, 33.89296086026743 ], [ 139.59702324430901, 33.88350991725466 ] ], [ [ 139.49535639821372, 34.09038084354649 ], [ 139.44372545210052, 34.03292178996404 ], [ 139.4999754122525, 33.93964008831966 ], [ 139.59702324430901, 33.88350991725466 ] ], [ [ 139.76561090792202, 32.45723123281979 ], [ 139.72497525286053, 32.55982671166815 ], [ 139.94997509346857, 32.84383005037888 ], [ 139.94997509346857, 33.03266260584946 ], [ 139.79680232984748, 33.11229519278616 ] ] ] } },
{ "type": "Feature", "properties": { "id": "izu-islands-cable-system", "name": "Izu Islands Cable System", "color": "#b72a79", "feature_id": "izu-islands-cable-system-0", "coordinates": [ 139.48631601387072, 34.055813347496851 ] }, "geometry": { "type": "MultiLineString", "coordinates": [ [ [ 139.10482828483055, 34.96320482218528 ], [ 139.22401560774517, 34.80953220441419 ], [ 139.36069278510652, 34.75067252277655 ], [ 139.3485155195481, 34.67086299423112 ], [ 139.40476547970005, 34.20695535766622 ], [ 139.49535639821372, 34.09038084354649 ], [ 139.44372545210052, 33.89296086026743 ], [ 139.61247533255641, 33.22109136693108 ], [ 139.79680232984748, 33.11229519278616 ] ] ] } },
{ "type": "Feature", "properties": { "id": "hachijojima-mainland", "name": "Hachijojima-Mainland", "color": "#2492bd", "feature_id": "hachijojima-mainland-0", "coordinates": [ 139.85739675574209, 34.132679177836017 ] }, "geometry": { "type": "MultiLineString", "coordinates": [ [ [ 139.62077, 35.144171 ], [ 139.83747517376037, 34.38181462529914 ], [ 139.91306511961588, 33.4365013965754 ], [ 139.79680232984748, 33.11229519278616 ] ] ] } },
{ "type": "Feature", "properties": { "id": "ogasawara-cable-network", "name": "Ogasawara Cable Network", "color": "#f5ae1a", "feature_id": "ogasawara-cable-network-0", "coordinates": [ 140.95181145231737, 30.05826760234261 ] }, "geometry": { "type": "MultiLineString", "coordinates": [ [ [ 142.03122361909251, 27.04783201749269 ], [ 142.03122361909251, 26.79706431733876 ], [ 142.15990401239929, 26.65091675853047 ] ], [ [ 139.79680232984748, 33.11229519278616 ], [ 140.06247501377248, 33.03266260584946 ], [ 140.73747453559662, 30.90139608851551 ], [ 141.29997413711661, 28.68871408880043 ], [ 142.03122361909251, 27.04783201749269 ], [ 142.20407854982358, 27.06647506480611 ] ], [ [ 142.15990401239929, 26.65091675853047 ], [ 142.14372353939643, 26.79706431733876 ], [ 142.14372353939643, 26.99772309444335 ], [ 142.20407854982358, 27.06647506480611 ] ] ] } },
{ "type": "Feature", "properties": { "id": "bulikula", "name": "Bulikula", "color": "#939597", "feature_id": "bulikula-0", "coordinates": [ 159.83186028836406, -3.5316674487788831 ] }, "geometry": { "type": "MultiLineString", "coordinates": [ [ [ -179.99979733681937, -18.2206455968606 ], [ -177.99980191490647, -15.97048661114128 ] ], [ [ -179.99979825111021, -16.05480231122715 ], [ -177.99980191490647, -15.97048661114128 ], [ -169.64981232407783, -16.52252220397488 ], [ -156.59981974082785, -16.52252220397488 ], [ -151.8748249160457, -16.95345498980991 ], [ -150.03446255149993, -17.83728937276853 ], [ -149.72150385007072, -17.78028785386549 ], [ -149.72966799010806, -17.66465229284552 ], [ -149.69106782289776, -17.53831879598871 ], [ -149.57768185420369, -17.43919664767101 ], [ -149.44108067057505, -17.51215245847912 ] ], [ [ 175.99994955532844, -15.65778827935751 ], [ 179.14994732384042, -16.09062582039479 ], [ 179.99994672169302, -16.05480240593534 ] ], [ [ -158.08325, 21.33416151999962 ], [ -157.79732340789781, 20.5096446349069 ], [ -157.04981450969004, 18.25181631902822 ], [ -155.69981546544602, 5.95781868108853 ], [ -151.24899954602645, -13.53975583968707 ], [ -149.53372862921304, -17.03242725695966 ], [ -149.44108067057505, -17.51215245847912 ] ], [ [ -149.3059125, -17.71856760999951 ], [ -149.17482008781394, -17.38340200594246 ], [ -149.16770301754153, -17.07925771032767 ], [ -149.53372862921304, -17.03242725695966 ] ], [ [ -149.72149710853895, -17.78028785386549 ], [ -149.62897692964813, -17.79998709227658 ], [ -149.49562930903915, -17.81785908364595 ], [ -149.32858584802543, -17.73406300000027 ] ], [ [ 179.99994672169302, -18.2206455968606 ], [ 178.87496111451929, -18.34587912918448 ], [ 178.43744600000022, -18.123634 ] ], [ [ -157.79732340789781, 20.5096446349069 ], [ -158.73731331305797, 20.58581909604039 ], [ -163.799809726738, 19.10440547593045 ], [ -172.79980335105813, 19.10440547593045 ], [ -179.99979825051412, 17.39502263470052 ] ], [ [ 179.99994675357007, 17.39502263470052 ], [ 151.19996712446451, 13.49212817646408 ], [ 148.49996903716843, 13.49212817646408 ], [ 147.14996999352056, 13.71081773817964 ], [ 146.24997063108842, 14.69236003137439 ], [ 145.637512, 15.011117 ] ], [ [ 147.14996999352056, 13.71081773817964 ], [ 146.92497015172074, 12.61539556739339 ], [ 146.24997063108842, 11.73565016140583 ] ], [ [ 144.69470173285575, 13.46477296237014 ], [ 146.24997063108842, 11.73565016140583 ], [ 149.39996839960057, 9.08033076823294 ], [ 152.99996584873273, 2.36791255870541 ], [ 159.07496154574454, -3.02999596800866 ], [ 167.84995532945672, -8.84605018681913 ], [ 173.69996478053517, -13.69898726961074 ], [ 175.99994955532844, -15.65778827935751 ], [ 177.07494879378891, -18.02642638371345 ], [ 177.31889862097242, -18.10038941849569 ] ] ] } },
{ "type": "Feature", "properties": { "id": "halaihai", "name": "Halaihai", "color": "#939597", "feature_id": "halaihai-0", "coordinates": [ -128.78716876816586, -20.883657118412998 ] }, "geometry": { "type": "MultiLineString", "coordinates": [ [ [ -148.92678359570436, -17.28257760367396 ], [ -149.30812077403641, -17.72334221980437 ] ], [ [ -71.59739837597036, -32.95696151932608 ], [ -72.87683746960369, -32.33383519609184 ], [ -106.97681331345684, -24.72101246490571 ], [ -143.97678710232819, -18.21116683063102 ], [ -148.92678359570436, -17.28257760367396 ], [ -149.7142830378323, -17.06378750083079 ], [ -150.0517827981482, -16.85239723776577 ], [ -156.57677634779455, -13.37755388088761 ], [ -168.27676988739648, -9.18617358825929 ], [ -179.99979825111021, 3.14184957930749 ] ], [ [ 146.27300728259013, 12.93782939278759 ], [ 146.27300728259013, 13.92262683581919 ], [ 145.66050771649057, 15.11350037881627 ] ], [ [ -149.44108067057505, -17.51215245847912 ], [ -149.7142830378323, -17.06378750083079 ] ], [ [ 179.99992672230314, 3.14184957930749 ], [ 167.31186977254569, 8.14543454452957 ], [ 151.2058440342044, 10.14928178681776 ], [ 149.45504648498684, 11.06017935623844 ], [ 147.1730066450221, 12.27911181210109 ], [ 146.27300728259013, 12.93782939278759 ], [ 144.809541651502, 13.54909436314899 ] ] ] } },
{ "type": "Feature", "properties": { "id": "coral-bridge", "name": "Coral Bridge", "color": "#43b549", "feature_id": "coral-bridge-0", "coordinates": [ 34.9509968, 29.536753899999738 ] }, "geometry": { "type": "MultiLineString", "coordinates": [ [ [ 34.89689859999966, 29.49247829999958 ], [ 35.00509500000022, 29.5810295 ] ] ] } },
{ "type": "Feature", "properties": { "id": "tamtam", "name": "Tamtam", "color": "#939597", "feature_id": "tamtam-0", "coordinates": [ 168.2640474112099, -19.500425717349525 ] }, "geometry": { "type": "MultiLineString", "coordinates": [ [ [ 167.40464314432401, -16.08611306373696 ], [ 167.56992274973342, -15.99279751873166 ], [ 167.67300232921588, -15.75101395262886 ] ], [ [ 168.35904735598615, -18.35539483853063 ], [ 168.03092357094425, -18.12817673117399 ], [ 167.70233787923036, -17.15035017077758 ], [ 167.97671305156445, -16.46743072219627 ], [ 167.67300232921588, -15.75101395262886 ], [ 167.42769909212595, -15.56966924886937 ], [ 167.20027400000015, -15.5064330000002 ] ], [ [ 168.32964248904594, -19.12706980985228 ], [ 169.01791817710196, -19.48625756597852 ], [ 169.26791799999978, -19.53793912903567 ] ], [ [ 167.26612318866503, -20.91651447004943 ], [ 168.19490432031384, -19.89476165003948 ], [ 168.38530051963824, -18.80889664359842 ], [ 168.32298, -17.73041900000037 ] ] ] } },
{ "type": "Feature", "properties": { "id": "barat-timur-indonesia-1-bti-1", "name": "Barat Timur Indonesia-1 (BTI-1)", "color": "#939597", "feature_id": "barat-timur-indonesia-1-bti-1-0", "coordinates": [ 117.21952169436639, -3.8387374515485271 ] }, "geometry": { "type": "MultiLineString", "coordinates": [ [ [ 114.57481343375933, -5.38595784717307 ], [ 113.34469361088368, -5.94570715507064 ], [ 112.94999421991238, -6.39309949782391 ], [ 112.83749430080026, -6.61665069347536 ], [ 112.65238763118269, -7.16517557920731 ] ], [ [ 117.03310132740097, -4.17999558215863 ], [ 117.4499910332642, -4.26496425280081 ], [ 118.79999007691224, -4.82569249921742 ], [ 119.41238964308275, -5.1521802173347 ] ], [ [ 118.07689730311003, -1.51533365197483 ], [ 117.85190631946367, -1.62779123738167 ], [ 117.08124129449006, -1.45910264245562 ], [ 116.83129147155694, -1.26538966758801 ] ], [ [ 107.12089700000031, -5.98125371580599 ], [ 107.88749780742415, -5.2739443636413 ], [ 108.89999708956415, -5.12456167545629 ], [ 112.04999485867221, -5.2739443636413 ], [ 114.57481343375933, -5.38595784717307 ], [ 117.03310132740097, -4.17999558215863 ], [ 117.82499076880309, -2.73037548526785 ], [ 118.07689730311003, -1.51533365197483 ], [ 118.9912802772246, -0.81055532474076 ], [ 119.69998944053637, 0.56857885252619 ], [ 119.92498928054833, 1.01853421661552 ], [ 120.59998880177636, 1.46842676733197 ], [ 121.49998816361243, 1.73082405489083 ], [ 124.19998625150441, 1.80578828012915 ], [ 124.83962579778171, 1.49081800000037 ] ], [ [ 104.10295358788379, 1.19651076363927 ], [ 104.28790035741287, 1.21559652093209 ], [ 104.62500011860807, 1.27165827035531 ], [ 104.84999995921611, 1.29972618212934 ], [ 105.29999964043219, 0.68107206531244 ], [ 106.31249892316808, -0.33140932966026 ], [ 106.76649860035869, -2.13091848096033 ], [ 106.95937346312914, -3.02999596800866 ], [ 106.87499852468808, -4.60145376483711 ], [ 106.81874856394022, -5.2739443636413 ], [ 107.12089700000031, -5.98125371580599 ] ] ] } },
{ "type": "Feature", "properties": { "id": "jeju-udo", "name": "Jeju-Udo", "color": "#3a55a5", "feature_id": "jeju-udo-0", "coordinates": [ 126.93252888037216, 33.473453760532934 ] }, "geometry": { "type": "MultiLineString", "coordinates": [ [ [ 126.95575023131646, 33.5053360138088 ], [ 126.90930752942786, 33.44157150725707 ] ] ] } },
{ "type": "Feature", "properties": { "id": "domestic-submarine-cable-of-maldives-dscom", "name": "Domestic Submarine Cable of Maldives (DSCoM)", "color": "#cc1b8d", "feature_id": "domestic-submarine-cable-of-maldives-dscom-0", "coordinates": [ 72.752322696320022, 3.1536685307837051 ] }, "geometry": { "type": "MultiLineString", "coordinates": [ [ [ 72.95565310576072, 3.60806699999969 ], [ 72.83630991553269, 3.47292505592015 ], [ 72.75232269632002, 3.27607968736001 ], [ 72.75232269632002, 2.93907670549789 ], [ 72.89329549798759, 2.67085379439719 ] ], [ [ 73.54027213872524, 4.21191399999988 ], [ 73.63127207425991, 4.16491284997694 ], [ 73.63127207425991, 4.0527020972683 ], [ 73.48945837504712, 3.94089559504581 ] ], [ [ 73.27506588125877, 5.66217835302431 ], [ 73.04136330700179, 5.62927000414842 ], [ 73.12502243289187, 5.43541364388821 ], [ 73.12502243289187, 5.21138439709744 ], [ 73.07078247131614, 5.10326399999984 ] ] ] } },
{ "type": "Feature", "properties": { "id": "nome-to-homer-express-nthe", "name": "Nome to Homer Express (NTHE)", "color": "#939597", "feature_id": "nome-to-homer-express-nthe-0", "coordinates": [ -163.41547996684466, 59.036116126729581 ] }, "geometry": { "type": "MultiLineString", "coordinates": [ [ [ -166.49599769770037, 61.5188592 ], [ -166.1988769, 61.5188592 ] ], [ [ -165.40639895727566, 64.50111053726953 ], [ -165.59980845398627, 64.31739001144432 ], [ -165.71230837250212, 63.08820652156496 ], [ -165.59980845219809, 62.47071999993706 ] ], [ [ -153.632155, 59.68235941064096 ], [ -153.56295197922012, 59.63553746032112 ], [ -153.51700201293229, 59.6180780639796 ], [ -152.99981737755394, 59.62282176941042 ], [ -152.09981801512188, 59.65125477763367 ], [ -151.54939912435796, 59.6425 ] ], [ [ -155.886297, 59.33038604659752 ], [ -155.77637602254924, 59.38733022969843 ], [ -155.26495639776326, 59.49092999474293 ], [ -154.64737685086385, 59.66780559050685 ], [ -154.39200703822138, 59.71199027213407 ], [ -154.24512714598293, 59.71592898705984 ], [ -154.12325723539544, 59.72616949287022 ], [ -154.03575729959164, 59.74821803436755 ], [ -153.95450735920244, 59.77182533874293 ], [ -153.8804933, 59.7760993091788 ] ], [ [ -164.5979219, 62.7762156 ], [ -164.92480893037407, 62.60043154711249 ], [ -165.59980845219809, 62.47071999993706 ], [ -166.49980781463006, 61.94619734289449 ], [ -166.49980781463006, 61.08784471959974 ], [ -165.82480829280604, 60.64972274466829 ], [ -165.37480861159005, 60.20556098402322 ], [ -162.78731044459801, 58.66118687773907 ], [ -162.11231092277407, 58.36740335134618 ], [ -161.774811161862, 58.30835113805548 ], [ -159.29981291517407, 58.13060164022799 ], [ -158.39981355274199, 58.24920018303555 ], [ -157.61231411061405, 58.6026268350673 ], [ -157.01266562922953, 58.73211899012127 ] ] ] } },
{ "type": "Feature", "properties": { "id": "mercator", "name": "Mercator", "color": "#b9bc33", "feature_id": "mercator-0", "coordinates": [ 2.1884910115073875, 51.376675500182785 ] }, "geometry": { "type": "MultiLineString", "coordinates": [ [ [ 1.44097230985273, 51.35859517845766 ], [ 1.80005205547724, 51.37667550018278 ], [ 2.47505157730117, 51.37667550018278 ], [ 2.91275126723073, 51.2312443647522 ] ] ] } },
{ "type": "Feature", "properties": { "id": "iceni", "name": "Iceni", "color": "#d52b90", "feature_id": "iceni-0", "coordinates": [ 3.2017488542141379, 52.790150905196903 ] }, "geometry": { "type": "MultiLineString", "coordinates": [ [ [ 1.69355213032681, 52.71521693088626 ], [ 2.25005173609814, 52.78234584700751 ], [ 3.15005109853011, 52.78234584700751 ], [ 4.05005046096226, 52.91822306839278 ], [ 4.70075, 52.836929 ] ] ] } },
{ "type": "Feature", "properties": { "id": "tam-1", "name": "TAM-1", "color": "#939597", "feature_id": "tam-1-0", "coordinates": [ -73.10356090767246, 23.77858245135987 ] }, "geometry": { "type": "MultiLineString", "coordinates": [ [ [ -79.64986933934534, 9.96791518697413 ], [ -82.34986742664132, 10.07869800665097 ], [ -83.03765938887457, 9.98859751741015 ] ], [ [ -78.29987029569729, 11.95585820711473 ], [ -75.37487236838926, 11.33148066218366 ], [ -74.77975278938153, 10.94044561572664 ] ], [ [ -70.19987599438629, 22.14563885230842 ], [ -71.5498749986113, 21.4259978723854 ], [ -73.3498738023213, 20.79630610510887 ], [ -74.13737324444934, 19.95262290516439 ], [ -74.69987284596934, 19.31687611162871 ], [ -75.14987252718532, 18.25181631902822 ], [ -75.93737196931336, 17.39502263470052 ], [ -78.29987029569729, 11.95585820711473 ], [ -79.64986933934534, 9.96791518697413 ], [ -79.75347926594711, 9.43772198487001 ] ], [ [ -87.97486344184153, 16.53419619825972 ], [ -87.86236352213342, 16.10232559580297 ], [ -87.9461557876504, 15.8449815987426 ] ], [ [ -80.16016897784424, 26.0105486680108 ], [ -80.09986902056141, 25.34871742211671 ], [ -80.77486854238535, 24.73717827217609 ], [ -80.99986838299355, 24.53265756616073 ], [ -83.24986678907329, 24.53265756616073 ], [ -84.82486567332928, 23.50508968095737 ], [ -85.94986487636929, 21.63529738485955 ], [ -86.28736463787752, 20.37504125346543 ], [ -87.07486407940929, 18.25181631902822 ], [ -87.97486344184153, 16.53419619825972 ], [ -88.3123632027534, 16.10232559580297 ], [ -88.597165, 15.72717888497372 ] ], [ [ -85.94986487636929, 21.63529738485955 ], [ -86.51236447788929, 21.26882593147906 ], [ -86.767566, 21.09566348377351 ] ], [ [ -66.10666893347558, 18.46610423294742 ], [ -66.03732898259665, 18.67864702215472 ], [ -65.92487906344923, 18.83843321773318 ] ], [ [ -65.92487906344923, 18.83843321773318 ], [ -65.32398553479186, 18.62408068875806 ], [ -65.19362958028117, 18.25181631902822 ], [ -64.88053, 17.75336767255187 ] ], [ [ -80.3942513282677, 27.63873177107867 ], [ -79.64986933934534, 27.264711877834 ], [ -79.19986965991733, 26.86399017396059 ], [ -78.86236989721739, 26.76358656961991 ], [ -77.84987061448132, 27.16466581281352 ], [ -77.39987093326533, 27.06453002316797 ], [ -76.94987125324133, 26.56251314923671 ], [ -76.6061714961255, 26.11679126241024 ], [ -76.24064175447413, 25.70052610903888 ], [ -73.3498738023213, 23.91710129093513 ], [ -70.19987599438629, 22.14563885230842 ], [ -68.84987695073825, 21.30959038531804 ], [ -67.49987794710923, 20.37504125346543 ], [ -66.48737866377725, 19.10440547593045 ], [ -65.92487906344923, 18.83843321773318 ] ] ] } },
{ "type": "Feature", "properties": { "id": "cross-sound-cable", "name": "Cross Sound Cable", "color": "#b91e73", "feature_id": "cross-sound-cable-0", "coordinates": [ -72.878736015078729, 41.136516011319713 ] }, "geometry": { "type": "MultiLineString", "coordinates": [ [ [ -72.92498345896654, 41.30713 ], [ -72.87702413788844, 41.14638300214584 ], [ -72.90921845896671, 40.96082 ] ] ] } },
{ "type": "Feature", "properties": { "id": "tautira-teahupoo", "name": "Tautira-Teahupo'o", "color": "#8d4098", "feature_id": "tautira-teahupoo-0", "coordinates": [ -149.14107347695281, -17.917633749535149 ] }, "geometry": { "type": "MultiLineString", "coordinates": [ [ [ -149.1770351107709, -17.77181572422408 ], [ -149.11257091218943, -17.83019163808816 ], [ -149.12169512544816, -17.91388761974043 ], [ -149.24225611848354, -17.93719389158663 ], [ -149.24856523377207, -17.84943323159532 ] ] ] } },
{ "type": "Feature", "properties": { "id": "whidbey-island-seattle", "name": "Whidbey Island-Seattle", "color": "#ed166f", "feature_id": "whidbey-island-seattle-0", "coordinates": [ -122.42525525402746, 47.763892385687811 ] }, "geometry": { "type": "MultiLineString", "coordinates": [ [ [ -122.44329313719003, 47.93851635072451 ], [ -122.46918400633709, 47.90307887010544 ], [ -122.44105402626471, 47.82760546971162 ], [ -122.41293050095528, 47.71418928115116 ], [ -122.32943910533371, 47.60356 ] ] ] } },
{ "type": "Feature", "properties": { "id": "whidbey-island-everett", "name": "Whidbey Island-Everett", "color": "#55b847", "feature_id": "whidbey-island-everett-0", "coordinates": [ -122.281925, 47.9780225 ] }, "geometry": { "type": "MultiLineString", "coordinates": [ [ [ -122.357431, 47.97947 ], [ -122.206419, 47.976575 ] ] ] } },
{ "type": "Feature", "properties": { "id": "whidbey-island-hat-island", "name": "Whidbey Island-Hat Island", "color": "#ac4a9b", "feature_id": "whidbey-island-hat-island-0", "coordinates": [ -122.33861676704001, 47.996529857304459 ] }, "geometry": { "type": "MultiLineString", "coordinates": [ [ [ -122.31980253408008, 48.01358971460908 ], [ -122.357431, 47.97947 ] ] ] } },
{ "type": "Feature", "properties": { "id": "whidbey-island-camano-island", "name": "Whidbey Island-Camano Island", "color": "#cc1d53", "feature_id": "whidbey-island-camano-island-0", "coordinates": [ -122.54171809627979, 48.12044240714399 ] }, "geometry": { "type": "MultiLineString", "coordinates": [ [ [ -122.5097258233355, 48.14223038529169 ], [ -122.57371036922409, 48.09865442899629 ] ] ] } },
{ "type": "Feature", "properties": { "id": "israel-coasting-1-ic-1", "name": "Israel Coasting 1 (IC-1)", "color": "#3864af", "feature_id": "israel-coasting-1-ic-1-0", "coordinates": [ 34.827748751917099, 32.306398809559404 ] }, "geometry": { "type": "MultiLineString", "coordinates": [ [ [ 34.99874016776005, 32.811596 ], [ 34.76254960982351, 32.62301664000789 ], [ 34.65004968951958, 32.24321001626274 ], [ 34.70629964907565, 32.13213222598808 ], [ 34.7696581677598, 32.04504300000013 ], [ 34.70629964907565, 32.0368149002235 ], [ 34.53754976861957, 31.9891189782898 ], [ 34.48129980846761, 31.79808736758526 ], [ 34.55600816776041, 31.66951 ] ], [ [ 35.10636158023618, 33.03646299999986 ], [ 34.98754944983565, 32.93829672849755 ], [ 34.99874658023651, 32.811596 ], [ 34.81879956937957, 32.62301664000789 ], [ 34.81879956937957, 32.43331330641721 ], [ 34.87197458023602, 32.34394800000022 ], [ 34.79067458930368, 32.27492161975156 ], [ 34.8446785802367, 32.16241300000017 ], [ 34.76254960922761, 32.13213222598808 ], [ 34.76966458023627, 32.04504300000013 ], [ 34.73442462915154, 32.01297004208566 ], [ 34.78510959324601, 31.97782943227114 ], [ 34.53754976861957, 31.79808736758526 ], [ 34.55601458023597, 31.66951 ] ] ] } },
{ "type": "Feature", "properties": { "id": "zayo-festoon", "name": "Zayo Festoon", "color": "#b58636", "feature_id": "zayo-festoon-0", "coordinates": [ -119.92123784718275, 34.252876256911279 ] }, "geometry": { "type": "MultiLineString", "coordinates": [ [ [ -120.66255178515836, 35.28542699999962 ], [ -120.93734009150971, 35.08292270029031 ], [ -121.04984001181373, 34.80627255689063 ], [ -120.59984033059774, 34.25018044028598 ], [ -119.92484080877372, 34.25018044028598 ], [ -119.6988724921824, 34.41925499999979 ], [ -119.69984096816569, 34.15713799994263 ], [ -119.2498412869497, 33.97074536407291 ], [ -118.79984160513764, 33.98629373718467 ], [ -118.24535355799169, 34.05339687939706 ] ] ] } },
{ "type": "Feature", "properties": { "id": "fish-south", "name": "FISH South", "color": "#939597", "feature_id": "fish-south-0", "coordinates": [ -140.05905152238464, 59.523165319504201 ] }, "geometry": { "type": "MultiLineString", "coordinates": [ [ [ -140.06232654318987, 59.52787100202234 ], [ -139.94982662288587, 59.58487361294478 ], [ -139.83732670258183, 59.58487361294478 ], [ -139.6734859591499, 59.54576177245819 ] ], [ [ -136.55056012798289, 58.13918563289863 ], [ -136.46232909346182, 58.10089013194181 ], [ -136.34982917315781, 58.04139277961042 ], [ -136.22857036481375, 57.96074065944373 ] ], [ [ -135.76961070094336, 58.33071335288979 ], [ -135.72082551682627, 58.41785832955853 ] ], [ [ -135.35237100706019, 58.19309178820427 ], [ -135.43380535882486, 58.11192247006416 ] ], [ [ -145.75467337578323, 60.54274832427721 ], [ -145.96857321885099, 60.48387290544706 ], [ -146.02482231930196, 60.4284003662975 ], [ -145.79982247869393, 60.20556098402322 ], [ -144.56232335534989, 59.69858962318886 ], [ -142.64982471018186, 59.75530323694996 ], [ -141.52482550714194, 59.52787100202252 ], [ -140.06232654318987, 59.52787100202234 ], [ -139.4998269416698, 58.71964879559121 ], [ -137.69982821680577, 58.1306016402278 ], [ -136.55056012798289, 58.13918563289863 ], [ -136.47756018154089, 58.21128116930611 ], [ -136.3920702442625, 58.24491118647017 ], [ -136.28406032350631, 58.25896032097751 ], [ -136.11301044900063, 58.27149460377823 ], [ -135.98699054145791, 58.29757462462181 ], [ -135.88347061740748, 58.31409797025878 ], [ -135.76961070094336, 58.33071335288979 ], [ -135.63186080200646, 58.32837695835557 ], [ -135.54587086509488, 58.29993407371451 ], [ -135.44749093727339, 58.25798705857819 ], [ -135.35237100706019, 58.19309178820427 ], [ -135.27131106653158, 58.1693557186385 ], [ -135.17493000487138, 58.14951957724301 ], [ -135.06389121870961, 58.15714408352051 ], [ -134.97296901308121, 58.365509963814 ], [ -134.97219514981677, 58.42899050279701 ], [ -134.92327132187842, 58.43604469305952 ], [ -134.84319138063083, 58.39745579138094 ], [ -134.76047144132005, 58.3314037410391 ], [ -134.70139148466529, 58.32476180540529 ], [ -134.60315155674115, 58.34168184160615 ], [ -134.54221160145104, 58.33366118989016 ], [ -134.40686170075341, 58.29957675077537 ] ] ] } },
{ "type": "Feature", "properties": { "id": "patara-2", "name": "Patara-2", "color": "#9a54a1", "feature_id": "patara-2-0", "coordinates": [ 133.2583728887021, -0.041831009472888793 ] }, "geometry": { "type": "MultiLineString", "coordinates": [ [ [ 134.54997891887641, -0.10641127587541 ], [ 134.43747899857249, -0.44390665691854 ], [ 134.32497907886446, -0.66889574381861 ], [ 134.06198926516882, -0.86145834346259 ] ], [ [ 130.85760153518734, -0.38335828048121 ], [ 131.04670797464351, -0.49997646540067 ], [ 131.27591660748681, -0.47438895695596 ], [ 131.53216440438356, -0.22482732658298 ], [ 132.29998051339228, 0.0060885832432 ], [ 134.54997891887641, -0.10641127587541 ], [ 135.44997828190446, -0.50015470590346 ], [ 135.63855236706684, -0.72953571349356 ] ] ] } },
{ "type": "Feature", "properties": { "id": "nuvem", "name": "Nuvem", "color": "#939597", "feature_id": "nuvem-0", "coordinates": [ -52.485794681727207, 33.295788555563369 ] }, "geometry": { "type": "MultiLineString", "coordinates": [ [ [ -78.88266988343256, 33.69355790837514 ], [ -78.26653698657397, 33.47169957086474 ], [ -69.29987667197325, 32.17975358978957 ], [ -64.46238009890118, 32.0527080234862 ], [ -62.09988177192116, 32.0527080234862 ], [ -50.39989006030513, 33.5654914823555 ], [ -39.54989774713741, 35.21579133487408 ], [ -26.22490718668583, 37.56997399159867 ] ], [ [ -26.22490718668583, 37.56997399159867 ], [ -25.87490743403289, 37.50058844605323 ], [ -25.66870758010685, 37.73960462631469 ] ], [ [ -26.22490718668583, 37.56997399159867 ], [ -25.87490743462888, 38.29952060596925 ], [ -25.19990791459283, 38.82731109526637 ], [ -23.39990918734485, 38.82731109526637 ], [ -13.94991588359671, 38.29952060596925 ], [ -10.34991843208078, 38.1227301083922 ], [ -8.86959721512922, 37.95721527519206 ] ], [ [ -64.65917995948635, 32.36157723537831 ], [ -64.5748800192052, 32.24321001626274 ], [ -64.46238009890118, 32.0527080234862 ] ] ] } },
{ "type": "Feature", "properties": { "id": "tko-connect", "name": "TKO Connect", "color": "#de542a", "feature_id": "tko-connect-0", "coordinates": [ 114.25484208234954, 22.291691296870393 ] }, "geometry": { "type": "MultiLineString", "coordinates": [ [ [ 114.25868329401681, 22.31829267897149 ], [ 114.25781079403889, 22.29607030006105 ], [ 114.23935699999967, 22.26885 ] ], [ [ 114.25868329401681, 22.31829267897149 ], [ 114.24374330400435, 22.29607030006105 ], [ 114.23935699999967, 22.26885 ] ] ] } },
{ "type": "Feature", "properties": { "id": "airraq", "name": "Airraq", "color": "#bc3e96", "feature_id": "airraq-0", "coordinates": [ -160.48085042648381, 58.326757113383429 ] }, "geometry": { "type": "MultiLineString", "coordinates": [ [ [ -162.28609797914913, 59.50742921958982 ], [ -162.06110377956233, 59.6971742699951 ], [ -161.91244152128883, 59.75183077 ] ], [ [ -161.32481148064602, 58.39689246177332 ], [ -161.22481155148691, 58.65468505389476 ], [ -161.05606214958999, 58.77153265219354 ], [ -160.83106231466593, 58.80068331378435 ], [ -160.71856239720398, 58.8589112423676 ], [ -160.49356256227992, 58.97507388617798 ], [ -160.40216262933743, 59.07217535 ] ], [ [ -158.50879580810786, 59.04498530367392 ], [ -158.51231347304602, 58.95251729542412 ], [ -158.62481339335005, 58.83627867169679 ], [ -158.51231347304602, 58.54396856415458 ], [ -158.62481339335005, 58.36740335134618 ], [ -159.29981291517407, 58.24920018303555 ], [ -161.0998116400381, 58.36740335134618 ], [ -161.32481148064602, 58.39689246177332 ], [ -161.774811161862, 58.42635692511553 ], [ -162.11231092277407, 58.48521196181824 ], [ -162.33731076338202, 58.66118687773907 ], [ -162.2248108430781, 58.77801269228043 ], [ -161.99981100247004, 58.89444683796138 ], [ -161.71068878535152, 58.98588663078411 ] ], [ [ -162.2248108430781, 58.77801269228043 ], [ -162.33731076338202, 59.29889402722166 ], [ -162.28106125084301, 59.52787100202234 ], [ -162.33731076338202, 59.75530323694979 ], [ -162.28106125084301, 60.09357022592305 ], [ -162.25293582315408, 60.20556098402322 ], [ -162.03248143321898, 60.21970496867187 ] ] ] } },
{ "type": "Feature", "properties": { "id": "javali", "name": "JAVALI", "color": "#3476bb", "feature_id": "javali-0", "coordinates": [ 114.59713560544341, -8.8361690102311226 ] }, "geometry": { "type": "MultiLineString", "coordinates": [ [ [ 114.09716340843899, -8.61516713556057 ], [ 114.41249318505615, -8.83616901023112 ], [ 114.97499278657615, -8.83616901023112 ], [ 115.15985265561976, -8.78370541399481 ] ] ] } },
{ "type": "Feature", "properties": { "id": "jalapati", "name": "Jalapati", "color": "#3f5fac", "feature_id": "jalapati-0", "coordinates": [ 114.43455937194622, -8.39017416643693 ] }, "geometry": { "type": "MultiLineString", "coordinates": [ [ [ 114.3103932573849, -8.44802754685532 ], [ 114.47074314379155, -8.3733148685123 ], [ 114.52729310373104, -8.29458023599906 ] ] ] } },
{ "type": "Feature", "properties": { "id": "fish-north", "name": "FISH North", "color": "#4158a7", "feature_id": "fish-north-0", "coordinates": [ -146.59925827081307, 60.666610770536167 ] }, "geometry": { "type": "MultiLineString", "coordinates": [ [ [ -146.35343293589426, 61.13035646305128 ], [ -146.55314278937283, 61.09714043898838 ], [ -146.64514272187509, 61.06141701295124 ], [ -146.77301262806066, 60.95572329637335 ], [ -146.8188725944145, 60.84958475867376 ], [ -146.77598736450295, 60.6905957830956 ], [ -146.47482200051795, 60.64972274466811 ], [ -146.02482231930196, 60.6211590197015 ], [ -145.79982247869393, 60.6359344063654 ], [ -145.77169749861793, 60.6359344063654 ], [ -145.75467386865427, 60.54274832427721 ] ] ] } },
{ "type": "Feature", "properties": { "id": "sydney-melbourne-adelaide-perth-smap", "name": "Sydney-Melbourne-Adelaide-Perth (SMAP)", "color": "#b94726", "feature_id": "sydney-melbourne-adelaide-perth-smap-0", "coordinates": [ 132.45149613438841, -37.192721940346431 ] }, "geometry": { "type": "MultiLineString", "coordinates": [ [ [ 134.85085761257704, -37.39478470533192 ], [ 135.89997796252462, -36.01880330158193 ], [ 136.34997764374052, -35.65399339714727 ], [ 137.69997668738856, -35.28750958287694 ], [ 138.59988604988445, -34.92610200000043 ] ], [ [ 143.99997222500841, -39.34180065396819 ], [ 144.22497206502055, -38.81782397325074 ], [ 144.32691199280544, -38.32915647171254 ] ], [ [ 144.44997190562859, -39.51559387611211 ], [ 144.44997190562859, -38.81782397325074 ], [ 144.32691199280544, -38.32915647171254 ] ], [ [ 151.20703711886031, -33.86969599999964 ], [ 151.57379310964276, -34.82698199055459 ], [ 150.49996762035079, -37.94245352569686 ], [ 149.39996839960057, -38.81782397325074 ], [ 147.59996967473646, -39.34180065396819 ], [ 146.24997063108842, -39.68895338487733 ], [ 144.44997190562859, -39.51559387611211 ], [ 143.99997222500841, -39.34180065396819 ], [ 142.19997350014447, -39.34180065396819 ], [ 140.39997477528055, -38.99291515860618 ], [ 134.85085761257704, -37.39478470533192 ], [ 127.09256232737636, -36.7414181279519 ], [ 119.55018485796727, -36.2608402179571 ], [ 115.44676979611502, -36.09924960156447 ], [ 113.82821359836942, -34.61129978545114 ], [ 113.82821359836942, -33.06182889373477 ], [ 115.85731216153303, -31.95344133032431 ] ] ] } },
{ "type": "Feature", "properties": { "id": "ulleung-mainland-2", "name": "Ulleung-Mainland 2", "color": "#aa422e", "feature_id": "ulleung-mainland-2-0", "coordinates": [ 130.12626832379473, 37.277330764633298 ] }, "geometry": { "type": "MultiLineString", "coordinates": [ [ [ 129.33873337935873, 37.17514326596579 ], [ 129.59998242550049, 37.17261659294013 ], [ 130.49998178793246, 37.35168786972502 ], [ 130.89327660932778, 37.48932062641182 ] ] ] } },
{ "type": "Feature", "properties": { "id": "jeju-mainland-3", "name": "Jeju-Mainland 3", "color": "#aa519f", "feature_id": "jeju-mainland-3-0", "coordinates": [ 127.53929599383478, 34.006157149271473 ] }, "geometry": { "type": "MultiLineString", "coordinates": [ [ [ 128.0274354936125, 34.72835854992582 ], [ 127.79998370123228, 34.31215165223547 ], [ 127.34998401942048, 33.783943282364 ], [ 127.12498417881244, 33.50297483987678 ], [ 126.90930752942786, 33.4415685056695 ] ] ] } },
{ "type": "Feature", "properties": { "id": "jeju-mainland-2", "name": "Jeju-Mainland 2", "color": "#7a68ae", "feature_id": "jeju-mainland-2-0", "coordinates": [ 127.16999265328461, 33.997576108537963 ] }, "geometry": { "type": "MultiLineString", "coordinates": [ [ [ 127.28599296347433, 34.60940175186309 ], [ 127.26560907919244, 34.4514196909948 ], [ 127.12498417881244, 33.783943282364 ], [ 126.90930752942786, 33.4415685056695 ] ] ] } },
{ "type": "Feature", "properties": { "id": "yuza-tobishima", "name": "Yuza-Tobishima", "color": "#2e2f8a", "feature_id": "yuza-tobishima-0", "coordinates": [ 139.72538937049725, 39.095037103757178 ] }, "geometry": { "type": "MultiLineString", "coordinates": [ [ [ 139.54899537752638, 39.19500461500409 ], [ 139.83747517316465, 39.03151487972872 ], [ 139.90963512204584, 39.02099623671373 ] ] ] } },
{ "type": "Feature", "properties": { "id": "yui", "name": "YUI", "color": "#632c8c", "feature_id": "yui-0", "coordinates": [ 126.37558620037001, 24.501003998270562 ] }, "geometry": { "type": "MultiLineString", "coordinates": [ [ [ 125.29998547165854, 24.7946200137949 ], [ 125.43748537425243, 25.17915174881222 ], [ 126.33748473728031, 26.26024097157782 ], [ 126.74738444630759, 26.34876549164218 ] ], [ [ 124.24509621895214, 24.38836538952259 ], [ 125.09998561393637, 24.00705710909988 ], [ 125.7749851357603, 24.01990020343248 ], [ 127.68748377735349, 25.55188275942587 ], [ 127.79998370004047, 25.85598546607221 ], [ 127.68080378506454, 26.21236926863903 ] ] ] } },
{ "type": "Feature", "properties": { "id": "beaufort", "name": "Beaufort", "color": "#939597", "feature_id": "beaufort-0", "coordinates": [ -5.8849891535292729, 51.823055154957181 ] }, "geometry": { "type": "MultiLineString", "coordinates": [ [ [ -6.58410599999964, 52.17489218348463 ], [ -5.84992467227256, 51.80540862998139 ], [ -5.37726695475372, 51.7637773831359 ], [ -5.12521510265562, 51.85573211838135 ] ] ] } },
{ "type": "Feature", "properties": { "id": "tpu", "name": "TPU", "color": "#22a9b6", "feature_id": "tpu-0", "coordinates": [ 150.20026301046514, 16.574275964936565 ] }, "geometry": { "type": "MultiLineString", "coordinates": [ [ [ 145.20625803709336, 14.57685397660965 ], [ 145.42186455104067, 14.85005607633244 ], [ 145.63747106498886, 15.01150849939949 ] ], [ [ 122.8730238593579, 20.78987495369383 ], [ 121.74802465572199, 19.34577048503237 ], [ 121.07814990718249, 18.60184389382578 ] ], [ [ -179.97676374562144, 25.57950548156203 ], [ -172.77677313878701, 28.78132785854553 ], [ -163.77677307583247, 32.64880283510266 ], [ -151.17678200178437, 36.35600267515968 ], [ -124.15955921950356, 40.80325310852113 ] ], [ [ 145.5437577986014, 14.46794848402804 ], [ 145.37300792015816, 13.75877674070981 ], [ 144.92300823894209, 13.54013156625266 ], [ 144.809541651502, 13.54909436314899 ] ], [ [ 120.88201985138694, 22.34569808206579 ], [ 122.8730238593579, 20.78987495369383 ], [ 131.42301780246206, 18.35209417030856 ], [ 138.62301270191816, 16.63542289561133 ], [ 144.47300855772602, 14.68570566481149 ], [ 145.20625803709336, 14.57685397660965 ], [ 145.5437577986014, 14.46794848402804 ], [ 146.27300728259013, 14.68570566481149 ], [ 151.22300377596605, 17.06609976463027 ], [ 160.22299739969037, 20.61448193023285 ], [ 179.99994672169302, 25.57950548156203 ] ] ] } },
{ "type": "Feature", "properties": { "id": "sihanoukville-hong-kong-shv-hk", "name": "Sihanoukville-Hong Kong (SHV-HK)", "color": "#939597", "feature_id": "sihanoukville-hong-kong-shv-hk-0", "coordinates": [ 110.01002679906081, 12.571360602352751 ] }, "geometry": { "type": "MultiLineString", "coordinates": [ [ [ 103.506729, 10.62994801641268 ], [ 103.83750067648003, 9.52441134501949 ], [ 104.40000027621234, 8.1905434177955 ], [ 105.29999964043219, 7.9677768822597 ], [ 107.99999772772827, 8.74690746413702 ], [ 109.12499693017237, 9.96791518697413 ], [ 110.02499629260434, 12.61539556739339 ], [ 112.72499438049614, 18.25181631902822 ], [ 113.17499406171221, 20.79630610510887 ], [ 114.25868329401681, 22.31829267897149 ] ] ] } },
{ "type": "Feature", "properties": { "id": "american-1", "name": "AmeriCan-1", "color": "#866baf", "feature_id": "american-1-0", "coordinates": [ -122.59133453336406, 48.010162451858612 ] }, "geometry": { "type": "MultiLineString", "coordinates": [ [ [ -122.6471513365683, 48.290598 ], [ -122.79358877712178, 48.27551390305846 ], [ -122.79358877712178, 48.23806972100289 ], [ -122.63793388679308, 48.11006090495571 ], [ -122.6098139067135, 48.03488959703969 ], [ -122.55355394656864, 47.95960846190169 ], [ -122.49730398641668, 47.90307887010544 ], [ -122.46918045968634, 47.82760546971162 ], [ -122.44105402626471, 47.71418928115116 ], [ -122.32943910533371, 47.60356 ] ], [ [ -123.41463833656836, 48.43012 ], [ -123.0748385772857, 48.35656994073399 ], [ -122.6471513365683, 48.290598 ] ], [ [ -123.05676002859592, 48.98868 ], [ -122.96233865698169, 48.76606651214577 ], [ -123.24358989152419, 48.65471436482155 ], [ -123.24358989152419, 48.58034267150839 ], [ -123.29983841789374, 48.50586139322304 ], [ -123.36725159811704, 48.52039732465717 ] ] ] } },
{ "type": "Feature", "properties": { "id": "anjana", "name": "Anjana", "color": "#2c99a0", "feature_id": "anjana-0", "coordinates": [ -40.724020007233477, 38.724362393623892 ] }, "geometry": { "type": "MultiLineString", "coordinates": [ [ [ -78.88266988343256, 33.69355790837514 ], [ -78.26653698657397, 33.56549148235204 ], [ -76.94987125204935, 33.56549148235204 ], [ -62.09988177192116, 34.68301765985797 ], [ -50.39989006030513, 36.33133835588799 ], [ -39.59989771112098, 39.00237890905839 ], [ -23.39990918734485, 43.40114497315395 ], [ -16.19991428788883, 45.0138336439531 ], [ -9.8999187508647, 45.96024524125342 ], [ -5.84992161992076, 45.33107107332486 ], [ -4.72492241628467, 44.69482908957816 ], [ -3.81001306560698, 43.46149931727051 ] ] ] } },
{ "type": "Feature", "properties": { "id": "sunoque-ii", "name": "Sunoque II", "color": "#9f4a23", "feature_id": "sunoque-ii-0", "coordinates": [ -68.862728635501028, 48.589086395756823 ] }, "geometry": { "type": "MultiLineString", "coordinates": [ [ [ -69.08359854223662, 48.73935708855762 ], [ -68.84987699075727, 48.58034267150839 ], [ -68.70931121562639, 48.37278902244084 ] ] ] } },
{ "type": "Feature", "properties": { "id": "sunoque-i", "name": "Sunoque I", "color": "#2c286e", "feature_id": "sunoque-i-0", "coordinates": [ -68.354354285583028, 48.880028642666304 ] }, "geometry": { "type": "MultiLineString", "coordinates": [ [ [ -68.15248212795328, 49.22104 ], [ -68.39987730954128, 48.80312914165442 ], [ -68.45945262418255, 48.50325927098199 ] ] ] } },
{ "type": "Feature", "properties": { "id": "vancouver-bowen-island-vancouver-island", "name": "Vancouver-Bowen Island-Vancouver Island", "color": "#854e9f", "feature_id": "vancouver-bowen-island-vancouver-island-0", "coordinates": [ -123.895399598297, 49.418605612203677 ] }, "geometry": { "type": "MultiLineString", "coordinates": [ [ [ -124.35616907525649, 49.3421444206449 ], [ -124.08733786002196, 49.42901044065815 ], [ -123.74983809910962, 49.41071483308015 ], [ -123.63733817880552, 49.3924124042524 ], [ -123.42890625369192, 49.34328348838167 ] ], [ [ -123.33800982225094, 49.38007937128451 ], [ -123.27652986735704, 49.37481603900397 ] ] ] } },
{ "type": "Feature", "properties": { "id": "fish-west", "name": "FISH West", "color": "#939597", "feature_id": "fish-west-0", "coordinates": [ -147.61809727128994, 60.211922040072821 ] }, "geometry": { "type": "MultiLineString", "coordinates": [ [ [ -145.75467386865427, 60.54274832427721 ], [ -145.77169749861793, 60.62214016805568 ], [ -145.79982247869393, 60.62214016805568 ], [ -146.02482231930196, 60.59453398451654 ], [ -146.61544690089795, 60.5392507415089 ], [ -146.61186618626181, 60.48248023184203 ], [ -146.6716968610499, 60.52541515489329 ], [ -147.15173333746702, 60.42722573091017 ], [ -147.49861045536474, 60.29714870250724 ], [ -147.5898620287615, 60.22409468936658 ], [ -147.79578024891978, 60.13532016318152 ], [ -147.90828343249714, 60.07925524504043 ], [ -148.01078611085993, 60.06508798186179 ], [ -148.04982088477394, 60.03743169846873 ], [ -148.13419582500197, 60.00932660007923 ], [ -148.21857156809125, 60.00932660007923 ], [ -148.49982056598992, 59.84019347070499 ], [ -149.06232016750991, 59.84019347070499 ], [ -149.28732000811794, 59.84961238502145 ], [ -149.34357074271136, 59.9060699245743 ], [ -149.44767066574019, 60.1100493132619 ] ] ] } },
{ "type": "Feature", "properties": { "id": "sunoque-iii", "name": "Sunoque III", "color": "#939597", "feature_id": "sunoque-iii-0", "coordinates": [ -66.475008234547047, 49.679665839235454 ] }, "geometry": { "type": "MultiLineString", "coordinates": [ [ [ -66.40694325248745, 50.2309139579605 ], [ -66.47487867322835, 49.68443309948498 ], [ -66.49011413130242, 49.12383836036479 ] ] ] } },
{ "type": "Feature", "properties": { "id": "t3", "name": "T3", "color": "#d02a3f", "feature_id": "t3-0", "coordinates": [ 45.035629634252082, -27.137914527598255 ] }, "geometry": { "type": "MultiLineString", "coordinates": [ [ [ 30.88039235938437, -30.05771707645661 ], [ 32.40005128343957, -30.01815488267735 ], [ 38.70004682046353, -28.34851723994729 ], [ 45.00004235748766, -27.15383128539156 ], [ 47.70004044478375, -25.94623071841455 ], [ 52.20003725575196, -23.08058350574764 ], [ 54.67503550243983, -21.62397766209729 ], [ 55.35003502485984, -21.79817640109735 ], [ 56.02503454668376, -21.79817640109735 ], [ 56.70003406791198, -20.99513154302578 ], [ 57.15003375031967, -20.67970695350909 ], [ 57.48548351268403, -20.47399566094629 ] ] ] } },
{ "type": "Feature", "properties": { "id": "submarine-cable-in-the-philippines-scip", "name": "Submarine Cable in the Philippines (SCiP)", "color": "#224092", "feature_id": "submarine-cable-in-the-philippines-scip-0", "coordinates": [ 122.42603465916574, 12.165698513473048 ] }, "geometry": { "type": "MultiLineString", "coordinates": [ [ [ 123.98834884332426, 10.40642028313694 ], [ 124.0551621347531, 10.59042089192314 ], [ 124.24666621783989, 10.93201162513164 ], [ 124.14373629075637, 11.29470931956548 ], [ 124.01730638032068, 11.2464949999994 ], [ 123.93298644005357, 11.42719141055297 ], [ 122.96248712816029, 11.95585820711473 ], [ 122.39998752664029, 12.17588718550798 ], [ 122.17498768543635, 12.06589527357033 ], [ 122.03325741497643, 11.86790448093766 ], [ 121.83748792512029, 12.17588718550798 ], [ 121.72498800422028, 12.39573400002297 ], [ 121.52772251956107, 12.58642316217604 ], [ 121.55623182195282, 12.83486881784652 ], [ 121.46453818932153, 13.04578255071093 ], [ 121.62498807506134, 13.27323815754759 ], [ 121.47853039186327, 13.62087507530032 ], [ 121.06600847164388, 13.76241833790443 ] ], [ [ 124.63191594552143, 8.45414753535847 ], [ 124.59373597256834, 8.63569941732747 ], [ 123.74998657028833, 9.02478143560688 ], [ 123.52498672968029, 9.08033076823294 ], [ 123.28143690221334, 9.295503918748 ], [ 123.52498672968029, 9.41344425850756 ], [ 123.69373661073246, 9.80167047316749 ], [ 123.8062365298444, 10.07869800665097 ], [ 123.83892650668652, 10.25201379826808 ] ], [ [ 124.84217394836772, 10.17858299581697 ], [ 124.81873581258047, 9.96791518697413 ], [ 125.15623557408834, 9.74623697375997 ], [ 125.43748537425243, 9.30244152988315 ], [ 125.54061530179015, 8.94761046393611 ] ], [ [ 124.61277595908027, 11.00688802067621 ], [ 124.42498609211226, 10.79784076439811 ], [ 124.31248617180833, 10.74258167547641 ], [ 124.19998625031261, 10.52144468555213 ], [ 124.14373629075637, 10.41081650540272 ], [ 123.98834884332426, 10.40642028313694 ] ], [ [ 124.08471633256691, 12.58526060344306 ], [ 124.2281112315803, 12.50558813178065 ], [ 124.28238619313154, 12.50139011860877 ] ], [ [ 120.48748888087634, 11.73565016140583 ], [ 120.37498896116831, 11.79071879055644 ], [ 120.20076908458741, 12.00543424713619 ] ], [ [ 121.05018848285071, 12.3630129147707 ], [ 120.71248872148438, 12.17588718550798 ], [ 120.48748888087634, 11.73565016140583 ], [ 120.03748919966027, 11.07398278122661 ], [ 119.50037958074992, 10.82000049048942 ] ] ] } },
{ "type": "Feature", "properties": { "id": "taiwan-penghu-kinmen-matsu-no-2-tpkm2", "name": "Taiwan Penghu Kinmen Matsu No.2 (TPKM2)", "color": "#5a266c", "feature_id": "taiwan-penghu-kinmen-matsu-no-2-tpkm2-0", "coordinates": [ 119.54182501885121, 24.361968609765935 ] }, "geometry": { "type": "MultiLineString", "coordinates": [ [ [ 121.4626481900644, 25.18160422340447 ], [ 121.27498832360028, 25.74203802975764 ], [ 120.71248872148438, 26.39468192538876 ], [ 120.49297, 26.36733136664364 ] ], [ [ 120.64549, 24.43246260186098 ], [ 120.26248904026849, 24.36196860976593 ], [ 118.79999007631633, 24.36196860976593 ], [ 118.43944, 24.43748260175769 ] ], [ [ 120.17047428762343, 23.36279 ], [ 119.92498927935526, 23.43629494132288 ], [ 119.65616428762347, 23.57363 ] ] ] } },
{ "type": "Feature", "properties": { "id": "red2med", "name": "Red2Med", "color": "#7b231b", "feature_id": "red2med-0", "coordinates": [ 32.464504863464107, 29.757919351074577 ] }, "geometry": { "type": "MultiLineString", "coordinates": [ [ [ 33.08276564295245, 28.36593633386358 ], [ 32.85009096581918, 28.95155473219332 ], [ 32.65318110412008, 29.11361416298006 ], [ 32.59712614382983, 29.34456698948981 ], [ 32.42805126360424, 29.63833609362628 ], [ 32.52993119143143, 29.97254543605036 ], [ 32.40005128284368, 30.17468975849899 ], [ 32.28755136253957, 30.3690092136078 ], [ 32.28755136253957, 30.5144959597591 ], [ 32.2313014023876, 30.83702058239716 ], [ 32.28445136473581, 31.25927814644905 ] ] ] } },
{ "type": "Feature", "properties": { "id": "r100-north", "name": "R100 North", "color": "#dc673d", "feature_id": "r100-north-0", "coordinates": [ -1.9581204936924819, 59.354167489800489 ] }, "geometry": { "type": "MultiLineString", "coordinates": [ [ [ -0.96681200000036, 60.687366 ], [ -1.00682919999983, 60.6701315 ] ], [ [ -1.05559, 60.49937 ], [ -1.12492496774869, 60.47001365336859 ], [ -1.18216, 60.45909500000013 ] ], [ [ -1.287109, 59.869131 ], [ -1.23742488805271, 59.79305890746809 ], [ -1.29367484820468, 59.679663707209 ], [ -1.51867468881271, 59.50884868221247 ], [ -1.61377329999988, 59.5262096 ] ], [ [ -1.02492700000018, 60.341001 ], [ -1.09679998767271, 60.34501374899555 ], [ -1.1414772, 60.35144499999984 ] ], [ [ -2.70149580000012, 59.2063227 ], [ -2.65365959999973, 59.14894449999988 ] ], [ [ -2.7662283, 59.1923008 ], [ -2.70149580000012, 59.2063227 ] ], [ [ -2.857578, 59.25541299999986 ], [ -2.78382709999983, 59.22520800000012 ] ], [ [ -3.11033130000016, 59.11455549999981 ], [ -3.07805900000021, 59.143849 ] ], [ [ -2.83620379999973, 59.02519980000017 ], [ -2.81772039999951, 58.9792221 ] ], [ [ -3.17202580000024, 58.82274489999989 ], [ -3.14512480000012, 58.8296825 ] ], [ [ -3.08560840000013, 58.8310597 ], [ -2.9913694, 58.82640279999986 ] ], [ [ -6.16069290000044, 56.91203019999982 ], [ -6.18742138142871, 56.93804054995358 ], [ -6.13117142127666, 56.95338085470123 ], [ -6.01867150097273, 56.92269393303196 ], [ -5.85077959999986, 56.9469819 ] ], [ [ -5.44240350000032, 56.5524143 ], [ -5.4124115, 56.5523086 ] ], [ [ -6.39450329999986, 56.3293938 ], [ -6.36823909999971, 56.32334989999989 ] ], [ [ -6.1778038, 56.2917343 ], [ -6.15929640135273, 56.24117122829028 ], [ -6.18742138142871, 56.1786041668994 ], [ -6.2155463615047, 56.11593496129503 ], [ -6.18018880000033, 56.1036592 ] ], [ [ -1.51867468881271, 59.50884868221247 ], [ -1.79992448897663, 59.3944892668567 ], [ -2.13742425167666, 59.30846566460087 ], [ -2.41907899999979, 59.2898446 ] ] ] } },
{ "type": "Feature", "properties": { "id": "piano-isole-minori", "name": "Piano Isole Minori", "color": "#3d71b7", "feature_id": "piano-isole-minori-0", "coordinates": [ 11.939137663311069, 36.840145697172147 ] }, "geometry": { "type": "MultiLineString", "coordinates": [ [ [ 14.95432543210339, 38.46838692145895 ], [ 14.96556363359831, 38.42411761228048 ] ], [ [ 12.434917, 37.80009191125516 ], [ 11.94801577125737, 37.54682622128215 ], [ 11.75631590705948, 37.23235432155614 ], [ 11.94346, 36.8308729620145 ], [ 12.54381534918752, 36.24065523321488 ], [ 12.71256523023932, 36.01348686719717 ], [ 12.86076893296266, 35.8583636167152 ] ], [ [ 12.60755838773042, 35.50153147422573 ], [ 12.71256523023932, 35.60293032290613 ], [ 12.86076893296266, 35.8583636167152 ] ], [ [ 12.51361800000055, 38.01825390905765 ], [ 12.34101478777525, 37.98820701995781 ], [ 12.07362, 37.96852790831799 ] ], [ [ 13.19733051123111, 38.70802384499234 ], [ 13.33131479131538, 38.38775473578444 ], [ 13.24760318587944, 38.18994270418196 ] ], [ [ 14.35827144031281, 38.53585297360085 ], [ 14.52194894785902, 38.51099232259914 ], [ 14.57665682454149, 38.56490652272318 ], [ 14.69069882831491, 38.57855582737546 ], [ 14.83663846384307, 38.57831896241994 ], [ 14.91568866893015, 38.55656955905981 ], [ 14.96361363497976, 38.48843661260189 ] ], [ [ 14.95432543210339, 38.46838692145895 ], [ 14.96556363359831, 38.42411761228048 ], [ 14.91568866893015, 38.38039815807658 ], [ 14.91568866893015, 38.24955995501156 ], [ 14.96843893797549, 38.14702208251733 ] ], [ [ 15.23351223762506, 38.80580638197693 ], [ 15.18756347633146, 38.68109155517453 ], [ 15.07590076857736, 38.6367791699852 ], [ 15.07506355602753, 38.54923800463281 ], [ 14.96361363497976, 38.48843661260189 ] ], [ [ 8.37952770642677, 39.20657028282152 ], [ 8.30268465837132, 39.1455286665276 ] ], [ [ 8.33610570339735, 41.08172628147518 ], [ 8.22899374279053, 40.948085546349 ] ], [ [ 15.56336314442439, 41.91869836444879 ], [ 15.48897355850771, 42.11543290058368 ], [ 15.50887165016166, 42.12303616123388 ] ], [ [ 9.84220111706824, 43.0482648142909 ], [ 10.31644179028078, 42.8121375781169 ] ], [ [ 13.56544546269919, 41.21793523548416 ], [ 12.95867920359506, 40.89578010642035 ], [ 13.42823282314992, 40.79536733371862 ], [ 13.45417627306728, 40.78994446306511 ] ] ] } },
{ "type": "Feature", "properties": { "id": "east-micronesia-cable-system-emcs", "name": "East Micronesia Cable System (EMCS)", "color": "#ed1b2c", "feature_id": "east-micronesia-cable-system-emcs-0", "coordinates": [ 165.13379079240869, 2.3794925152748263 ] }, "geometry": { "type": "MultiLineString", "coordinates": [ [ [ 166.94995596642866, 0.9435452689132 ], [ 166.94995596642866, 0.71856924087599 ], [ 166.92110320261116, 0.5467 ] ], [ [ 163.12495867609277, 5.65935957241149 ], [ 163.01245875578866, 5.43541364388821 ], [ 163.00810320261044, 5.3279 ] ], [ [ 159.070334, 7.78648402106139 ], [ 160.19996074818866, 7.4475223198722 ], [ 163.12495867609277, 5.65935957241149 ], [ 165.59995692278082, 1.61837219977318 ], [ 166.94995596642866, 0.9435452689132 ], [ 171.89995245980478, 1.39345021446345 ], [ 172.9791, 1.32909800318232 ] ] ] } },
{ "type": "Feature", "properties": { "id": "energy-bridge-cable", "name": "Energy Bridge Cable", "color": "#d96048", "feature_id": "energy-bridge-cable-0", "coordinates": [ 36.680986786561256, 45.427317845472267 ] }, "geometry": { "type": "MultiLineString", "coordinates": [ [ [ 36.59112538599644, 45.43102598053393 ], [ 36.77084818712606, 45.4236097104106 ] ] ] } },
{ "type": "Feature", "properties": { "id": "aurora", "name": "Aurora", "color": "#43499e", "feature_id": "aurora-0", "coordinates": [ 15.612832409603749, 55.803751859339975 ] }, "geometry": { "type": "MultiLineString", "coordinates": [ [ [ 12.41488544052259, 55.6473055 ], [ 12.48756538963128, 55.52608018788872 ], [ 12.60006530993539, 55.49422807782076 ], [ 12.9166664405222, 55.533333 ] ], [ [ 18.25031373637641, 58.936123 ], [ 18.22506132453951, 58.75856894488295 ], [ 18.33756124484344, 58.64167777138501 ], [ 18.78756092605951, 58.05131589106027 ], [ 19.05532073637588, 57.863008 ] ], [ [ 18.3000312714301, 57.63842 ], [ 18.00006148393147, 57.59199374701106 ], [ 17.32506196210754, 57.47120623080026 ], [ 17.00849265102517, 57.32475822033841 ] ], [ [ 16.46807660930595, 56.24572402102604 ], [ 16.08756283876343, 56.03221697111693 ], [ 15.30006339723147, 55.65323105219792 ], [ 14.83628372518132, 55.24821367563846 ] ], [ [ 14.24075414706012, 55.4339006 ], [ 14.51256395450753, 55.33458061322904 ], [ 14.7083289999997, 55.18257019610301 ] ], [ [ 14.70833381582242, 55.101017 ], [ 14.40006403479932, 54.88412743786753 ], [ 13.64869456648069, 54.51955 ] ] ] } },
{ "type": "Feature", "properties": { "id": "tikal-amx3", "name": "TIKAL-AMX3", "color": "#939597", "feature_id": "tikal-amx3-0", "coordinates": [ -85.045970816381129, 22.475410567239763 ] }, "geometry": { "type": "MultiLineString", "coordinates": [ [ [ -86.76758665233304, 21.09572879236739 ], [ -86.51236447788929, 21.00649984517674 ], [ -86.17486471697732, 21.00649984517674 ], [ -85.72486503635743, 20.93646800014906 ] ], [ [ -80.08893152830949, 26.35058569743786 ], [ -79.64986933994133, 25.95717997876434 ], [ -79.76236925964936, 25.34871742211671 ], [ -80.09986902056123, 24.73717827217609 ], [ -80.99986838299347, 23.91710129093513 ], [ -83.24986678907329, 23.91710129093513 ], [ -84.82486567332928, 22.88465411388244 ], [ -85.4998651951533, 21.63529738485955 ], [ -85.72486503635743, 20.93646800014906 ], [ -85.83736495666136, 20.37504125346543 ], [ -86.84986423880135, 18.25181631902822 ], [ -87.74986360123332, 16.53419619825972 ], [ -88.1998632824493, 16.10232559580297 ], [ -88.59713531004529, 15.72723663872104 ] ] ] } },
{ "type": "Feature", "properties": { "id": "connected-coast", "name": "Connected Coast", "color": "#939597", "feature_id": "connected-coast-0", "coordinates": [ -126.8341387596477, 50.548978514204229 ] }, "geometry": { "type": "MultiLineString", "coordinates": [ [ [ -125.02289129999988, 48.96451208999974 ], [ -125.22483705420657, 48.96341767073521 ], [ -125.3642744, 49.00725235 ] ], [ [ -126.6189006, 49.59185602 ], [ -126.49358750709344, 49.61563463415015 ], [ -126.38108758963149, 49.65206603628972 ], [ -126.15608775470743, 49.68847019007453 ], [ -126.0544419, 49.78104817000019 ] ], [ [ -127.11233571708493, 49.81567668258364 ], [ -126.99983579678073, 49.85195506115428 ], [ -126.98495349999985, 49.88497560000039 ] ], [ [ -126.7417876, 49.8749187 ], [ -126.80295093625597, 49.90632321900464 ], [ -126.91546085655288, 49.87008565698788 ], [ -126.97171081670484, 49.87008565698788 ], [ -126.98495349999985, 49.88497560000039 ] ], [ [ -127.6544178, 50.53529781 ], [ -127.77483524776397, 50.49242740022417 ], [ -127.88733516806799, 50.47452827438072 ], [ -128.02796006844798, 50.47452827438072 ] ], [ [ -127.5816184, 50.59938479000021 ], [ -127.49580677179371, 50.72087825136855 ] ], [ [ -128.0332568, 50.44270213000031 ], [ -128.02796006844798, 50.47452827438072 ], [ -128.0281361, 50.52390511 ] ], [ [ -128.0240726, 50.65227311 ], [ -127.77483524776397, 50.59966078659782 ], [ -127.5816184, 50.59938479000021 ] ], [ [ -127.6544178, 50.53529781 ], [ -127.5816184, 50.59938479000021 ] ], [ [ -127.6544178, 50.53529781 ], [ -127.488056, 50.42666700000024 ] ], [ [ -127.37854710000011, 50.03085275 ], [ -127.28108692932756, 49.92443018908899 ], [ -127.11233571708493, 49.81567668258364 ] ], [ [ -126.91546085655288, 49.87008565698788 ], [ -126.9406609, 49.98933935000024 ] ], [ [ -126.8454378, 49.98239051 ], [ -126.80295093625597, 49.90632321900464 ] ], [ [ -126.7417876, 49.8749187 ], [ -126.63420105579999, 49.83381443615259 ] ], [ [ -126.65469529999984, 49.92630485999983 ], [ -126.63420105579999, 49.83381443615259 ], [ -126.60608107572041, 49.68847019007453 ], [ -126.6189006, 49.59185602 ], [ -126.60608107572041, 49.39647369197952 ], [ -126.49359115540928, 49.35985139525818 ], [ -126.2723691, 49.36844717999986 ] ], [ [ -125.98733151404844, 49.21309249677026 ], [ -126.09982143435957, 49.21309249677026 ], [ -126.24047133472175, 49.24981746516684 ], [ -126.29672129487371, 49.34153001255497 ], [ -126.2723691, 49.36844717999986 ] ], [ [ -126.0563412, 49.27631698 ], [ -125.98733151404844, 49.21309249677026 ], [ -125.907312, 49.17350283000025 ], [ -125.9062134, 49.1525376 ] ], [ [ -125.5466816, 48.94183100000033 ], [ -125.4339785, 48.95979785999976 ], [ -125.380662, 48.9942087400003 ], [ -125.3642744, 49.00725235 ] ], [ [ -125.1415087, 48.83282788000024 ], [ -125.0333616, 48.88316308 ] ], [ [ -125.0422831, 49.02105636 ], [ -125.02289129999988, 48.96451208999974 ] ], [ [ -125.0333616, 48.88316308 ], [ -125.02289129999988, 48.96451208999974 ] ], [ [ -124.5565475, 49.75772627999974 ], [ -124.523809, 49.83589 ] ], [ [ -124.48885459999974, 49.67789232 ], [ -124.928266, 49.67351299999971 ] ], [ [ -123.5145776, 49.40161704999969 ], [ -123.74983809910962, 49.42901044065815 ], [ -124.08733786002196, 49.53864087799558 ], [ -124.08733786002196, 49.68443309948498 ], [ -123.97483793971757, 49.79349119144722 ], [ -124.1798859, 49.78326803999983 ], [ -124.36858766078123, 49.75716572784409 ], [ -124.5565475, 49.75772627999974 ] ], [ [ -126.2002141, 50.94987263 ], [ -126.33733626610179, 50.92974809176575 ], [ -126.50608749792255, 50.92974809176575 ], [ -126.55858745940486, 50.84886632573392 ] ], [ [ -126.75261187443787, 50.61394812106694 ], [ -126.75364097118762, 50.67033552833753 ], [ -126.72551479577369, 50.72376904779043 ], [ -126.6411341485579, 50.75936358394642 ], [ -126.49734715005867, 50.74991847293468 ], [ -126.52864183757086, 50.79493410837472 ], [ -126.55858745940486, 50.84886632573392 ] ], [ [ -126.59874742994063, 50.70054017294747 ], [ -126.6411341485579, 50.67033552833753 ], [ -126.61076460042727, 50.57383518430748 ], [ -126.75261187443787, 50.61394812106694 ], [ -126.84948623675689, 50.63365191110994 ], [ -126.8917167994461, 50.61138344935585 ], [ -127.06857708523999, 50.6214683879521 ], [ -127.15484702194624, 50.63120042038277 ] ], [ [ -125.50343684333376, 50.41276523993356 ], [ -125.5467482017625, 50.37733322590891 ] ], [ [ -125.95901354477375, 50.38434418820626 ], [ -125.83107162474447, 50.38892868152936 ], [ -125.74671168450571, 50.3709967557743 ], [ -125.66233674427777, 50.3709967557743 ], [ -125.5467482017625, 50.37733322590891 ], [ -125.49358824076445, 50.35305805049016 ], [ -125.44561591823906, 50.33139503733066 ], [ -125.41540137561992, 50.30006089573293 ], [ -125.44214123814987, 50.27742985648948 ], [ -125.30261850538005, 50.23583903062007 ] ], [ [ -127.2105123320581, 51.68011943931261 ], [ -127.4623204691525, 51.64504609032705 ], [ -127.54671040936974, 51.57518259747888 ], [ -127.57483538944572, 51.50521155452444 ], [ -127.64481414210549, 51.40557093447968 ] ], [ [ -127.49580677179371, 50.72087825136855 ], [ -127.43420048907284, 50.76400091416258 ], [ -127.406076837626, 50.76400091416258 ], [ -127.237326961433, 50.69278878751931 ], [ -127.1897520459016, 50.6121458994041 ], [ -127.15484280035233, 50.63120042038277 ], [ -127.06857708523999, 50.6125425495688 ], [ -127.00083579607245, 50.58255252919668 ], [ -126.9263371154381, 50.58835091985659 ], [ -126.83111117990482, 50.54768561590078 ], [ -126.7310773328539, 50.55003966151632 ], [ -126.61857741539197, 50.51428147959937 ], [ -126.44982753919888, 50.49639699506385 ], [ -126.2248277042749, 50.47849937302188 ], [ -126.08555943379818, 50.49276847686975 ] ], [ [ -128.72301587142533, 52.26232295213411 ], [ -128.58733467218178, 52.26898811247549 ], [ -128.40536610447592, 52.27159309745272 ] ], [ [ -130.33006983111551, 54.313075 ], [ -130.38751465023, 54.28778456596135 ] ], [ [ -126.08555943379818, 50.49276847686975 ], [ -125.95901354477375, 50.38434418820626 ] ], [ [ -125.18619846628761, 49.91955265840255 ], [ -125.24816842082198, 50.02461 ] ] ] } },
{ "type": "Feature", "properties": { "id": "connected-coast", "name": "Connected Coast", "color": "#ca1d5c", "feature_id": "connected-coast-1", "coordinates": [ -128.63232255382107, 53.132572192762204 ] }, "geometry": { "type": "MultiLineString", "coordinates": [ [ [ -124.523809, 49.83589 ], [ -124.76127877803908, 49.98196414284952 ] ], [ [ -128.640889, 54.05954842000013 ], [ -128.6475951, 53.9744296 ], [ -128.77883453652149, 53.85010034721795 ], [ -128.8913344568256, 53.74925378592342 ], [ -129.11633429743335, 53.68267763542396 ], [ -129.22883421773747, 53.54920902084056 ], [ -129.25478833578578, 53.4252931058726 ] ], [ [ -123.4347885, 49.39615687999982 ], [ -123.4388794, 49.43963952000016 ], [ -123.5145776, 49.40161704999969 ] ], [ [ -123.114034, 49.26044 ], [ -123.35608837804642, 49.31913446298367 ], [ -123.4347885, 49.39615687999982 ] ], [ [ -127.64481414210549, 51.40557093447968 ], [ -127.74358659000471, 51.40005320024472 ], [ -127.85608650746674, 51.32981301612922 ], [ -127.83443834465406, 51.24964662436544 ], [ -127.85608650746674, 51.18900930466248 ], [ -127.79983523005376, 51.04777407760083 ], [ -127.72464476418678, 50.97750112024519 ], [ -127.61277278412608, 50.86035999402696 ], [ -127.51857675508803, 50.83510482241375 ], [ -127.46232046915242, 50.76400091416258 ], [ -127.49580677179371, 50.72087825136855 ] ], [ [ -127.95147226786968, 52.06367943450714 ], [ -127.91233015036129, 51.95810253986738 ], [ -127.94046013043375, 51.85399188692269 ], [ -127.94046013043375, 51.71480209466681 ], [ -127.86370028877155, 51.60320130299947 ], [ -127.85608650746674, 51.54021052359354 ], [ -127.74358659000471, 51.40005320024472 ] ], [ [ -124.81641098708053, 50.0357787156605 ], [ -124.82003734097059, 50.01296739997825 ], [ -124.76127877803908, 49.98196414284952 ] ], [ [ -131.9298034706778, 53.56252710216991 ], [ -131.73733244069396, 53.52439675040026 ], [ -130.83733307826125, 53.52439675040026 ], [ -130.61449888485541, 53.49227407843297 ], [ -130.61233323765376, 53.65794367159378 ], [ -130.49983331734975, 53.72455893285006 ], [ -130.43327104649978, 53.79467134918551 ], [ -130.33108469163105, 53.85747344030472 ], [ -130.25851447378096, 53.94951651353444 ] ], [ [ -130.25851447378096, 53.94951651353444 ], [ -130.27804473054493, 54.14231329672858 ], [ -130.32127803890825, 54.2233921510627 ] ], [ [ -130.32127803890825, 54.2233921510627 ], [ -130.49983331734975, 54.25004306179306 ], [ -130.44442013485329, 54.33705541814711 ], [ -130.49983331734975, 54.44675601642588 ], [ -130.43405684195642, 54.55439491921293 ] ], [ [ -127.69350873628818, 52.35335745745368 ], [ -127.72202740406783, 52.36014436999047 ], [ -127.79057832269325, 52.26794328251682 ], [ -127.95147226786968, 52.06367943450714 ], [ -128.06345114247472, 52.06571648865028 ], [ -128.11094690818479, 52.09644103555136 ], [ -128.12231269840387, 52.15394371648719 ], [ -128.14470446316773, 52.16114984088366 ], [ -128.11186854799377, 52.18517417339168 ], [ -128.40536610447592, 52.27159309745272 ], [ -128.48841325672365, 52.31703386853052 ], [ -128.47483475187786, 52.4407664729555 ], [ -128.52487321432534, 52.59177881761519 ], [ -128.52383513984981, 52.64302826422205 ], [ -128.53108601223883, 52.78232285776401 ], [ -128.53108601223883, 52.98597938044131 ], [ -128.58733467218178, 53.1212193630282 ], [ -128.70071815397395, 53.14983203196319 ], [ -128.92483443309376, 53.32328423459359 ], [ -129.1498342737018, 53.32328423459359 ], [ -129.25478833578578, 53.4252931058726 ], [ -129.26233419400572, 53.35686906888986 ], [ -129.37483411430983, 53.39042745806576 ], [ -129.431085351935, 53.45746493836576 ], [ -129.6056764015309, 53.54320510255879 ], [ -129.82483379552582, 53.72455893285006 ], [ -130.04983363613377, 53.85747344030472 ], [ -130.25851536025976, 53.94951651353444 ] ], [ [ -126.75276731694061, 52.37214793561003 ], [ -126.90461720553263, 52.3382317218636 ], [ -127.12961704045669, 52.3382317218636 ], [ -127.24086695883584, 52.44121756048015 ], [ -127.35336687629787, 52.44121756048015 ], [ -127.46586679375982, 52.3725870342118 ], [ -127.57836909607062, 52.30385008818358 ], [ -127.79057491184655, 52.26794328251682 ] ], [ [ -124.83905872097411, 50.1237481500032 ], [ -124.90155867511967, 50.08366067969953 ] ], [ [ -125.10181852819476, 50.2314795270948 ], [ -125.16070877237037, 50.17239028810636 ], [ -125.1959579476632, 50.13705710610171 ], [ -125.21592527387554, 50.10125851949136 ], [ -125.04927488516667, 50.11121239715361 ], [ -125.09983714275776, 50.04700743933893 ], [ -124.98642332019199, 50.06310304527359 ], [ -124.93253726127452, 50.01296739997825 ], [ -124.81641098708053, 50.0357787156605 ], [ -124.90103138578722, 50.08449796406866 ], [ -124.91752768258516, 50.11738065800699 ] ], [ [ -123.8440093857028, 49.17330175420969 ], [ -123.93561821991443, 49.25457739751226 ], [ -124.12351458051008, 49.25190624440014 ], [ -124.20451007380892, 49.35223052890989 ], [ -124.44320399853738, 49.34943591538804 ], [ -124.68672835476215, 49.44353722792704 ], [ -124.71356875282478, 49.49345629218801 ], [ -124.69712882510406, 49.5134805257975 ], [ -124.928266, 49.67351299999971 ], [ -124.82908872828878, 49.70666851761774 ], [ -124.82908872828878, 49.72485356578375 ], [ -124.94158864575081, 49.79752567334692 ], [ -125.04910592224829, 49.8242225821597 ], [ -125.18619846628761, 49.91955265840255 ] ], [ [ -125.18619846628761, 49.91955265840255 ], [ -125.10128500014197, 50.01296739997825 ], [ -124.98642332019199, 50.06310304527359 ] ], [ [ -123.114034, 49.26044 ], [ -123.58108821865311, 49.2824545474234 ], [ -123.8440093857028, 49.17330175420969 ] ] ] } },
{ "type": "Feature", "properties": { "id": "haikou-beihai-cable", "name": "Haikou-Beihai Cable", "color": "#2cb2a0", "feature_id": "haikou-beihai-cable-0", "coordinates": [ 109.23507396949964, 20.636748911764943 ] }, "geometry": { "type": "MultiLineString", "coordinates": [ [ [ 109.10530694412087, 21.48450099999963 ], [ 109.2374968504763, 20.62092052700007 ], [ 109.67762, 19.9048 ] ] ] } },
{ "type": "Feature", "properties": { "id": "ningbo-zhoushan-cable", "name": "Ningbo-Zhoushan Cable", "color": "#1d9cbb", "feature_id": "ningbo-zhoushan-cable-0", "coordinates": [ 121.76356259002119, 30.160824343859357 ] }, "geometry": { "type": "MultiLineString", "coordinates": [ [ [ 121.63985462881675, 30.04311114666007 ], [ 121.72498800422028, 30.1584791196609 ], [ 121.94569495659735, 30.17189746945603 ] ] ] } },
{ "type": "Feature", "properties": { "id": "dalian-yantai-cable", "name": "Dalian-Yantai Cable", "color": "#31549b", "feature_id": "dalian-yantai-cable-0", "coordinates": [ 121.60653576225305, 38.220731410663035 ] }, "geometry": { "type": "MultiLineString", "coordinates": [ [ [ 121.58836700725392, 38.9398441207995 ], [ 121.61248808391635, 38.24063815947198 ], [ 121.4, 37.53 ] ] ] } },
{ "type": "Feature", "properties": { "id": "petropavlovsk-kamchatsky---anadyr", "name": "Petropavlovsk-Kamchatsky - Anadyr", "color": "#af2364", "feature_id": "petropavlovsk-kamchatsky---anadyr-0", "coordinates": [ 170.26763442158432, 54.849677985687286 ] }, "geometry": { "type": "MultiLineString", "coordinates": [ [ [ 177.64027839330407, 64.73783998148912 ], [ 177.57455843986074, 64.72253629248193 ], [ 177.50214575678351, 64.72719091772642 ], [ 178.64994767804478, 64.28486693839773 ], [ 179.77494688108479, 63.79239592397761 ], [ 179.99994764163228, 63.59679590521758 ] ], [ [ -179.99979746953576, 63.59679590521758 ], [ -179.07782904260674, 62.78108049372607 ], [ -179.99979825111021, 61.4885387653239 ] ], [ [ 179.99994686005783, 61.4885387653239 ], [ 179.57191702491309, 60.8695351663294 ], [ 173.1249515920039, 55.90629872677893 ], [ 168.29995501007673, 54.1220405712827 ], [ 159.74996106697276, 52.64601998037546 ], [ 158.65001067431297, 53.01666789688405 ] ] ] } },
{ "type": "Feature", "properties": { "id": "cadmos-2", "name": "CADMOS-2", "color": "#939597", "feature_id": "cadmos-2-0", "coordinates": [ 34.531553723233152, 34.33003036030243 ] }, "geometry": { "type": "MultiLineString", "coordinates": [ [ [ 33.61060042587536, 34.82728147271538 ], [ 33.97505016769547, 34.59045588265237 ], [ 35.10004937013957, 34.06399293012603 ], [ 35.48510909795581, 33.89263712836985 ] ] ] } },
{ "type": "Feature", "properties": { "id": "norfest", "name": "Norfest", "color": "#4db748", "feature_id": "norfest-0", "coordinates": [ 7.7810000632632841, 57.870716716344766 ] }, "geometry": { "type": "MultiLineString", "coordinates": [ [ [ 10.57506674386733, 59.06836550247494 ], [ 10.91256650477948, 58.98151591602632 ], [ 11.11840635896058, 58.9683384 ] ], [ [ 10.23756698295537, 58.89444683796138 ], [ 10.01636714025145, 59.0811106975134 ] ], [ [ 9.11256777991536, 58.36740335134618 ], [ 8.75866803062132, 58.470047 ] ], [ [ 8.32506833778733, 57.9320565869514 ], [ 7.99484857171814, 58.143805 ] ], [ [ 6.52506961292339, 57.92873815757019 ], [ 6.78692942741941, 58.06444 ] ], [ [ 10.70083665477083, 59.459167 ], [ 10.57115674663726, 59.30270062107635 ], [ 10.57506674386733, 59.06836550247494 ], [ 10.23756698295537, 58.89444683796138 ], [ 9.9000672220434, 58.71964879559121 ], [ 9.45006754082733, 58.48521196181824 ], [ 9.11256777991536, 58.36740335134618 ], [ 8.66256809869947, 58.07115384928297 ], [ 8.32506833778733, 57.9320565869514 ], [ 7.87506865716733, 57.87227791046836 ], [ 6.88308935929895, 57.85581468734289 ], [ 6.52506961292339, 57.92873815757019 ], [ 5.96257001140339, 58.26235337816782 ], [ 5.98870999288558, 58.42414318521949 ], [ 5.51257033018731, 58.48521196181824 ], [ 5.28757048957946, 58.64167777138501 ], [ 5.28757048957946, 58.81686755183246 ], [ 5.51257033078321, 58.99117670269853 ], [ 5.73077017620851, 58.9708214866686 ] ], [ [ 10.74801584009863, 59.91860302672068 ], [ 10.57506674386733, 59.75530323694979 ], [ 10.6308399568923, 59.66453073463497 ], [ 10.60319172394341, 59.52787100202252 ], [ 10.70083665477083, 59.459167 ] ] ] } },
{ "type": "Feature", "properties": { "id": "arimao", "name": "ARIMAO", "color": "#c45527", "feature_id": "arimao-0", "coordinates": [ -71.54107005893853, 16.928611620389692 ] }, "geometry": { "type": "MultiLineString", "coordinates": [ [ [ -80.44896128872459, 22.14594977858727 ], [ -80.09986902115732, 21.35616448233013 ], [ -79.42486949873729, 20.37504125346543 ], [ -77.73737069477338, 19.13983629420715 ], [ -76.20409564349075, 18.67617447535976 ], [ -74.69987284596934, 17.82393441253792 ], [ -71.99987475867334, 17.07267593989621 ], [ -66.14987890286528, 15.23578178303578 ], [ -62.09988177251724, 14.51091612787219 ], [ -61.11213835606195, 14.6290001454235 ] ] ] } },
{ "type": "Feature", "properties": { "id": "eastern-light-sweden-finland-ii", "name": "Eastern Light Sweden-Finland II", "color": "#939597", "feature_id": "eastern-light-sweden-finland-ii-0", "coordinates": [ 21.311911975537878, 59.908083662847339 ] }, "geometry": { "type": "MultiLineString", "coordinates": [ [ [ 24.65578212250267, 60.20678025114572 ], [ 24.41255891053618, 60.13094306980754 ], [ 23.8500589532744, 60.07486816498574 ], [ 23.17505900455969, 60.01869775526425 ], [ 22.96675796607306, 59.82340864139905 ], [ 22.72505813729543, 59.79305890746809 ], [ 21.37505899829746, 59.9060700138268 ], [ 20.90799942392096, 59.9209637334888 ], [ 20.25005922680008, 59.62282165244601 ], [ 18.90005932937157, 59.50884849264949 ], [ 18.33755937210979, 59.42311514129758 ], [ 17.9435668774988, 59.40288874272467 ] ] ] } },
{ "type": "Feature", "properties": { "id": "timor-leste-south-submarine-cable-tlssc", "name": "Timor-Leste South Submarine Cable (TLSSC)", "color": "#f5ae1a", "feature_id": "timor-leste-south-submarine-cable-tlssc-0", "coordinates": [ 127.49410608780575, -9.1069755244341764 ] }, "geometry": { "type": "MultiLineString", "coordinates": [ [ [ 125.57937980498313, -8.55944749946433 ], [ 125.77498513397242, -8.34548869989964 ], [ 126.44998465758441, -8.28983042135627 ], [ 126.8999843382044, -8.14136996579534 ], [ 127.34998401942048, -8.25272052197498 ], [ 127.57498386002852, -9.58636249329395 ], [ 127.23748409911637, -10.47259892498978 ], [ 126.44998465698852, -11.55232519729577 ] ] ] } },
{ "type": "Feature", "properties": { "id": "medloop", "name": "Medloop", "color": "#939597", "feature_id": "medloop-0", "coordinates": [ 7.781855630424146, 42.181507109421169 ] }, "geometry": { "type": "MultiLineString", "coordinates": [ [ [ 7.20006913534322, 42.90873242772037 ], [ 7.42506897535536, 42.32923969966554 ], [ 8.41461827494533, 41.91950273465837 ], [ 8.73873804533588, 41.91950273465837 ] ] ] } },
{ "type": "Feature", "properties": { "id": "medloop", "name": "Medloop", "color": "#9d4529", "feature_id": "medloop-1", "coordinates": [ 7.3082750933429921, 42.980299887124552 ] }, "geometry": { "type": "MultiLineString", "coordinates": [ [ [ 5.96257001140339, 42.6610388144902 ], [ 4.05007136623534, 41.68837522565799 ], [ 2.7000723225873, 41.26694507168783 ], [ 2.16872504274879, 41.38560270176812 ] ], [ [ 8.93886790356194, 44.41035752885385 ], [ 8.88756793930733, 44.05151922873524 ], [ 8.43756825809143, 43.72721479104982 ], [ 7.20006913534322, 42.90873242772037 ], [ 6.41256969261946, 42.6610388144902 ], [ 5.96257001140339, 42.6610388144902 ], [ 5.37253042998907, 43.29362778902908 ] ] ] } },
{ "type": "Feature", "properties": { "id": "asia-link-cable-alc", "name": "Asia Link Cable (ALC)", "color": "#939597", "feature_id": "asia-link-cable-alc-0", "coordinates": [ 112.41647789726676, 10.043700582907936 ] }, "geometry": { "type": "MultiLineString", "coordinates": [ [ [ 114.20292333351767, 22.22205041973683 ], [ 114.41249318505615, 20.79630610510887 ], [ 114.7499929459683, 19.10440547593045 ], [ 114.97499278657615, 18.2651708005148 ], [ 114.7499929453724, 17.12195969020027 ], [ 114.07499342354828, 14.80115422479158 ], [ 113.39999390232026, 12.61539556739339 ], [ 112.38749461958417, 9.96791518697413 ], [ 111.14999549624025, 7.74488905255145 ], [ 107.99999772772827, 5.28606986082101 ], [ 107.09999836529612, 4.72571805370361 ], [ 105.74999932164808, 3.94047577222881 ], [ 104.90624991936826, 2.80340486658845 ], [ 104.66056009282137, 1.96148117555086 ], [ 104.47058772799548, 1.46842676733197 ], [ 104.28790035741287, 1.29980116277893 ], [ 104.19209042528557, 1.26242303552454 ], [ 103.98701057056589, 1.38945139680023 ] ], [ [ 104.11414047991015, 1.92588446510548 ], [ 104.32889093295785, 2.02768376125922 ], [ 104.66056009282137, 1.96148117555086 ] ], [ [ 114.07499342354828, 14.80115422479158 ], [ 109.79999645259221, 15.99420991178597 ], [ 108.89999709016024, 16.10232559580297 ], [ 108.19247759137373, 16.04339300520835 ] ], [ [ 111.14999549624025, 7.74488905255145 ], [ 112.94999422050827, 5.88321879371973 ], [ 114.29999326475222, 5.17403832722607 ], [ 114.88563284987971, 4.92676245288669 ] ], [ [ 114.7499929459683, 19.10440547593045 ], [ 113.84999358353615, 18.67864702215472 ], [ 111.09966159348336, 18.50561462869361 ], [ 110.0493762753333, 18.38989700000024 ] ], [ [ 114.7499929453724, 17.12195969020027 ], [ 116.99999135204831, 16.85746760977234 ], [ 119.92498927995224, 16.7497713156447 ], [ 120.35557897432248, 16.51402516186766 ] ], [ [ 114.97499278657615, 18.2651708005148 ], [ 116.99999135204831, 18.03800543960875 ], [ 119.92498927995224, 16.85746760977234 ], [ 120.35483897484683, 16.83071677377094 ] ] ] } },
{ "type": "Feature", "properties": { "id": "manta", "name": "MANTA", "color": "#939597", "feature_id": "manta-0", "coordinates": [ -80.95313552313398, 16.027102193534802 ] }, "geometry": { "type": "MultiLineString", "coordinates": [ [ [ -78.74986997750936, 12.54219581772449 ], [ -79.42486949873729, 9.96791518697413 ], [ -79.7535392665006, 9.43754699999983 ] ], [ [ -75.50568227572235, 10.38700500000021 ], [ -76.04987188961729, 10.96355685778932 ], [ -78.74986997750936, 12.54219581772449 ], [ -79.64986934053732, 13.92930384327183 ], [ -80.99986838299328, 16.10232559580297 ], [ -82.34986742664132, 17.39502263470052 ], [ -85.04986551393732, 19.10440547593045 ], [ -86.0623647972694, 20.37504125346543 ], [ -86.17486471816949, 21.63529738485955 ] ], [ [ -86.01795306402694, 25.56262900538288 ], [ -84.59986583331732, 27.89623898952869 ], [ -84.11536453807635, 29.95370180077166 ] ], [ [ -86.01795306402694, 25.56262900538288 ], [ -88.19986328304547, 23.84852318648794 ], [ -91.79986073277334, 23.02277699937608 ], [ -94.49985882006952, 21.35616448233013 ], [ -96.14075765764133, 19.19546150289428 ] ], [ [ -84.82486567332928, 24.94136317175375 ], [ -84.82486567332928, 23.91710129093513 ], [ -86.17486471816949, 21.63529738485955 ], [ -86.51236447788929, 21.32123529551186 ], [ -86.76758665233304, 21.09572879236739 ] ], [ [ -80.16222149909747, 25.933097 ], [ -80.21236894086552, 25.34871742211671 ], [ -80.99986838299365, 24.73717827217609 ], [ -83.24986678907329, 24.73717827217609 ], [ -84.82486567332928, 24.94136317175375 ], [ -86.01795306402694, 25.56262900538288 ] ] ] } },
{ "type": "Feature", "properties": { "id": "taiwan-penghu-kinmen-matsu-no-3-tpkm3", "name": "Taiwan Penghu Kinmen Matsu No.3 (TPKM3)", "color": "#4dbd9a", "feature_id": "taiwan-penghu-kinmen-matsu-no-3-tpkm3-0", "coordinates": [ 119.3265271405332, 23.740064833138533 ] }, "geometry": { "type": "MultiLineString", "coordinates": [ [ [ 119.93434927272565, 26.15516 ], [ 119.98859609999977, 26.22540729999984 ], [ 120.14998911996437, 26.24342488498042 ], [ 120.37498896057242, 26.29386583975231 ], [ 120.49297, 26.36733649999955 ] ], [ [ 119.93434927272565, 26.15516 ], [ 119.86873931920438, 26.04144234379294 ], [ 119.93907506033597, 25.97314410782072 ] ], [ [ 119.93434927272565, 26.15516 ], [ 120.26248903788452, 25.75470426341523 ], [ 120.93748856149652, 25.24700643263663 ], [ 121.31110780616903, 24.9888889 ] ], [ [ 118.31584640000032, 24.41341889999948 ], [ 118.46249031540438, 24.31071690707578 ], [ 119.24998975753242, 23.79706577881128 ], [ 119.51201957190797, 23.60192 ], [ 119.57625399718488, 23.5737293636082 ], [ 119.65615957190879, 23.57363 ], [ 119.69998943874958, 23.43629494132288 ], [ 120.03748919965736, 23.281375912674 ], [ 120.18086199999966, 22.99721 ] ] ] } },
{ "type": "Feature", "properties": { "id": "unitirreno", "name": "Unitirreno", "color": "#4cb96a", "feature_id": "unitirreno-0", "coordinates": [ 10.920768425783738, 41.055061096275097 ] }, "geometry": { "type": "MultiLineString", "coordinates": [ [ [ 10.80943717415122, 41.20741868014851 ], [ 10.17294449999961, 41.1440440429973 ], [ 9.49644750797137, 40.92357574660862 ] ], [ [ 10.91256650477948, 41.0693404382162 ], [ 11.25006626569144, 41.26694507168783 ], [ 11.58756602660341, 41.4358459502491 ], [ 12.03756570781948, 41.60430845897962 ], [ 12.2269130000001, 41.769718 ] ], [ [ 8.93886790356194, 44.41035752885385 ], [ 9.3375676205234, 44.05151922873524 ], [ 9.67506738143537, 43.40114497315395 ], [ 9.78756730114358, 43.07331078300322 ], [ 10.01256714115553, 42.41235450073586 ], [ 10.57506674386733, 41.52013202089327 ], [ 10.91256650477948, 41.0693404382162 ], [ 11.70006594690734, 39.6983233549332 ], [ 12.03756570841539, 38.21117903702318 ], [ 12.15006562633535, 37.85673997565852 ], [ 12.59137531609161, 37.65058617278613 ] ] ] } },
{ "type": "Feature", "properties": { "id": "kochi-lakshadweep-islands-kli-sofc", "name": "Kochi-Lakshadweep Islands (KLI-SOFC)", "color": "#d32c26", "feature_id": "kochi-lakshadweep-islands-kli-sofc-0", "coordinates": [ 73.837565872244511, 10.682877846721791 ] }, "geometry": { "type": "MultiLineString", "coordinates": [ [ [ 72.72286795461697, 11.12425863180565 ], [ 72.61877279152401, 10.88991663799219 ], [ 72.33752299076401, 10.77942219482034 ], [ 72.1954430914147, 10.86286774743598 ] ], [ [ 73.05120248518666, 8.27464880388296 ], [ 73.23752235319706, 8.28332622417039 ], [ 75.65367042863204, 9.65074862467851 ], [ 76.26955020587491, 9.93838642489319 ] ], [ [ 73.64411206516397, 10.06981764104494 ], [ 73.80002195471599, 9.8940390276188 ], [ 73.57502211410794, 8.78396945537914 ], [ 73.23752235319706, 8.33898542602016 ], [ 73.05120248518666, 8.27464880388296 ] ], [ [ 72.7106427264425, 11.68981674828966 ], [ 72.39377295091597, 11.49689297968082 ], [ 72.18593318270166, 11.59843321448516 ], [ 72.28127303061187, 11.33148066218366 ], [ 72.28722656010738, 10.9398809641782 ], [ 72.39377295091597, 10.88991663799219 ], [ 72.33752299076401, 10.80704962586089 ], [ 72.1954430914147, 10.86286774743598 ], [ 72.2250230704599, 10.77942219482034 ], [ 72.45002291106793, 10.55831195245637 ], [ 72.64071337472495, 10.56472835696464 ], [ 72.67502275167598, 10.33704255000156 ], [ 73.35002227350009, 10.00484699764941 ], [ 73.64410775915098, 10.06981764104494 ] ], [ [ 76.26955020587491, 9.93838642489319 ], [ 75.60002068017582, 10.07869800665097 ], [ 73.78659196423004, 10.70035200120984 ], [ 73.67409366970386, 10.8108781791691 ], [ 73.56159212362182, 10.70035200120984 ], [ 72.72286795461697, 11.12425863180565 ], [ 72.83034264164593, 11.14220030372057 ], [ 72.77758267902168, 11.22718249121781 ], [ 72.94284256195003, 11.19738474238484 ], [ 73.12502243289187, 11.33148066218366 ], [ 73.12502243289187, 11.44176626121408 ], [ 73.00644623627844, 11.48522171427615 ], [ 72.90002259228402, 11.66220822386434 ], [ 72.7106427264425, 11.68981674828966 ] ] ] } },
{ "type": "Feature", "properties": { "id": "sagres", "name": "Sagres", "color": "#4ab970", "feature_id": "sagres-0", "coordinates": [ -9.158888038057059, 37.493654833898496 ] }, "geometry": { "type": "MultiLineString", "coordinates": [ [ [ -9.10274931558703, 38.4430794831419 ], [ -8.99991938843273, 38.1227301083922 ], [ -9.22491922904077, 37.23235432155614 ], [ -8.99991938902873, 36.90321229501768 ], [ -8.88741946872471, 36.90321229501768 ], [ -8.77453954868988, 37.07338751531512 ] ] ] } },
{ "type": "Feature", "properties": { "id": "continente-madeira", "name": "Continente-Madeira", "color": "#37b98e", "feature_id": "continente-madeira-0", "coordinates": [ -13.43524752394084, 36.043517839094243 ] }, "geometry": { "type": "MultiLineString", "coordinates": [ [ [ -9.33155915349599, 38.69016197235553 ], [ -10.79991811329676, 38.29952060596925 ], [ -13.94991588180883, 35.60293032290613 ], [ -16.19991428848483, 34.06399293012603 ], [ -16.81866385015679, 32.8123187832876 ], [ -16.90889378564106, 32.64727814970992 ] ] ] } },
{ "type": "Feature", "properties": { "id": "almera-melilla-alme", "name": "Almería-Melilla (ALME)", "color": "#2dbdbd", "feature_id": "almera-melilla-alme-0", "coordinates": [ -2.5439694167200337, 36.005721792223262 ] }, "geometry": { "type": "MultiLineString", "coordinates": [ [ [ -2.46379401928121, 36.84186246473143 ], [ -2.47492401139665, 36.45208516840206 ], [ -2.58742393170066, 35.724797899806 ], [ -2.93809368328296, 35.29227411254919 ] ] ] } },
{ "type": "Feature", "properties": { "id": "roquetas-melilla-cam", "name": "Roquetas-Melilla (CAM)", "color": "#2fa685", "feature_id": "roquetas-melilla-cam-0", "coordinates": [ -2.6575606697573444, 35.99866656586768 ] }, "geometry": { "type": "MultiLineString", "coordinates": [ [ [ -2.61250391393382, 36.76384217382935 ], [ -2.58742393170066, 36.45208516840206 ], [ -2.69992385200468, 35.724797899806 ], [ -2.93809368328296, 35.29227411254919 ] ] ] } },
{ "type": "Feature", "properties": { "id": "philippine-domestic-submarine-cable-network-pdscn", "name": "Philippine Domestic Submarine Cable Network (PDSCN)", "color": "#5cc09d", "feature_id": "philippine-domestic-submarine-cable-network-pdscn-0", "coordinates": [ 121.84808636692303, 7.6915154472639227 ] }, "geometry": { "type": "MultiLineString", "coordinates": [ [ [ 123.83892650668652, 10.25201379826808 ], [ 123.86248648999636, 10.07869800665097 ], [ 123.8062365298444, 9.80167047316749 ], [ 123.87820913570422, 9.67539187890916 ] ], [ [ 122.06327100000034, 6.90809310554235 ], [ 121.9499878448285, 6.88942176266773 ], [ 121.72498800422028, 7.00109615542793 ], [ 121.72498800422028, 7.4475223198722 ], [ 121.9499878448285, 7.89349425294517 ], [ 122.41209034937056, 8.21003992165092 ], [ 122.67847669449624, 8.07385810571817 ] ], [ [ 123.98834884332426, 10.40642028313694 ], [ 124.19998625150441, 10.30014906602646 ], [ 124.6499859327203, 10.18944276650763 ], [ 124.84217394836772, 10.17858299581697 ] ], [ [ 123.33503132573671, 8.56409702157712 ], [ 123.18748696817244, 8.63569941732747 ], [ 122.73748728695635, 8.41318535956018 ], [ 122.67847669449624, 8.07385810571817 ] ], [ [ 123.33503132573671, 8.56409702157712 ], [ 123.41248680878029, 8.74690746413702 ], [ 123.63748664938851, 8.85808231047822 ], [ 124.48123605226441, 8.63569941732747 ], [ 124.63191594552143, 8.45414753535847 ] ], [ [ 123.91358645439269, 9.6225370957098 ], [ 124.19998625150441, 9.30244152988315 ], [ 124.6499859327203, 8.63569941732747 ], [ 124.63191594552143, 8.45414753535847 ] ], [ [ 123.86154340165245, 11.94089915578918 ], [ 123.93298644005357, 11.53744186728821 ], [ 124.19998625090851, 11.29470931956548 ], [ 124.39720203273188, 11.05486134316599 ] ], [ [ 124.72892524992008, 9.17253179472792 ], [ 124.76248585064045, 9.08033076823294 ], [ 124.81649461015922, 8.98280593341169 ] ], [ [ 126.05252036481781, 9.85520740045665 ], [ 125.88748505546852, 9.80167047316749 ], [ 125.83123509531637, 9.69079426082827 ], [ 125.86972003454434, 9.49833354590615 ] ], [ [ 123.90123074088766, 12.10598042999217 ], [ 123.86248648880438, 12.39573400002297 ], [ 123.89612042234297, 12.683687101726 ] ], [ [ 124.60027596793546, 12.06990466287078 ], [ 124.42498609092046, 12.06589527357033 ], [ 124.08748633060439, 12.17588718550798 ], [ 123.90123074088766, 12.10598042999217 ] ], [ [ 124.39720203273188, 11.05486134316599 ], [ 124.30291617799185, 10.93201162513164 ], [ 124.19998625090851, 10.74258167547641 ], [ 124.0874863312003, 10.52144468555213 ], [ 123.98834884332426, 10.40642028313694 ] ], [ [ 125.48676677437311, 9.78271353400072 ], [ 125.09998561393637, 9.85709470870232 ], [ 124.87498577273243, 9.96791518697413 ], [ 124.84217394836772, 10.17858299581697 ] ], [ [ 123.16748732333238, 9.14621969058565 ], [ 123.18748696876833, 8.96922354781316 ], [ 123.2437369283244, 8.73455264654259 ], [ 123.33503132573671, 8.56409702157712 ] ], [ [ 122.74998727869705, 11.58320218044505 ], [ 122.96248712816029, 11.62547995956986 ], [ 123.29998688907226, 11.62547995956986 ], [ 123.86154340165245, 11.94089915578918 ] ], [ [ 123.41287743409951, 10.48370877967177 ], [ 123.52498672908439, 10.44769694727567 ], [ 123.63524055782547, 10.37623712915587 ] ], [ [ 122.56210741119708, 10.72015096523159 ], [ 122.73748728695635, 10.65660300974366 ], [ 122.968957, 10.64073899999966 ] ], [ [ 121.94481206784093, 11.94926602048288 ], [ 121.95077784426886, 11.93092980247387 ] ], [ [ 122.08171170471684, 12.60295574409565 ], [ 122.17498768484045, 12.72515592356304 ], [ 122.34373756589243, 12.65198760273623 ], [ 122.34373756589243, 12.48728234224497 ], [ 122.39998752664029, 12.06589527357033 ], [ 122.74998727869705, 11.58320218044505 ] ], [ [ 122.08171170471684, 12.60295574409565 ], [ 122.11873772528439, 12.72515592356304 ], [ 122.7937372471085, 13.27323815754759 ], [ 122.95067073028109, 13.54688807020785 ] ], [ [ 121.61229277215068, 13.93527518664887 ], [ 121.78123796437242, 13.49212817646408 ], [ 121.88473418104378, 13.42908313305217 ], [ 121.94998784542422, 13.05415069529863 ], [ 122.06248776572832, 12.72515592356304 ], [ 122.08171170471684, 12.60295574409565 ] ], [ [ 121.07814990718249, 13.63570942544714 ], [ 121.33123828375226, 13.49212817646408 ], [ 121.49998816420832, 13.27323815754759 ], [ 121.46453818932153, 13.04578255071093 ], [ 121.61248493301056, 12.83486881784652 ], [ 121.70270802000381, 12.63448617650253 ], [ 121.88855788834606, 12.19371648797362 ], [ 121.94481099999972, 11.94924477236392 ] ] ] } },
{ "type": "Feature", "properties": { "id": "groix-4", "name": "Groix 4", "color": "#d41f77", "feature_id": "groix-4-0", "coordinates": [ -3.4801890371333166, 47.682454647934378 ] }, "geometry": { "type": "MultiLineString", "coordinates": [ [ [ -3.44556603898679, 47.69743263943637 ], [ -3.48742329413272, 47.67932509111776 ], [ -3.48227232602667, 47.65023770959318 ] ] ] } },
{ "type": "Feature", "properties": { "id": "thetis", "name": "Thetis", "color": "#69a0d5", "feature_id": "thetis-0", "coordinates": [ 26.938455885723943, 35.695363222847838 ] }, "geometry": { "type": "MultiLineString", "coordinates": [ [ [ 25.16052574121449, 37.538715782011 ], [ 25.03118150302027, 37.53033301336065 ], [ 24.9360364539328, 37.44158260544054 ] ], [ [ 25.32858123375337, 37.43906885207819 ], [ 25.25643134345095, 37.53033301336065 ], [ 25.20710136390685, 37.538715782011 ] ], [ [ 25.23814603454857, 37.12223292912832 ], [ 25.42505622399561, 37.26220545235354 ], [ 25.41956622788482, 37.43906885207819 ] ], [ [ 25.37597625876421, 37.10184026226283 ], [ 25.36868126393224, 37.127881937667 ], [ 25.28969610585192, 37.12524684923896 ] ], [ [ 25.40234624008345, 36.47742641187417 ], [ 25.53755614429954, 36.63285342448935 ], [ 25.53755614429954, 36.81319860577722 ], [ 25.40363623916962, 36.97726017314542 ] ], [ [ 26.99507401460928, 36.7715804931329 ], [ 26.81661458617853, 36.86493814541961 ], [ 26.55005542703561, 36.87321951208928 ], [ 26.10005574581954, 36.60275474032976 ], [ 25.76255598490757, 36.45208516840206 ], [ 25.65005606460346, 36.3615426400417 ], [ 25.46480559026569, 36.34542571389266 ] ], [ [ 28.12005578044264, 36.41157986414525 ], [ 27.90005447068348, 36.45208516840206 ], [ 27.33755486916347, 36.63285342448935 ], [ 27.14344500667277, 36.78290060770811 ] ], [ [ 26.10717013481262, 35.20695416056713 ], [ 26.32505558642758, 35.51140764168837 ], [ 26.88755518794758, 35.63341465389536 ], [ 27.11255502855562, 35.90725015614043 ], [ 27.56255470977151, 35.99831894490682 ], [ 27.85108897670532, 35.92785157537484 ] ], [ [ 20.11287183870287, 39.3853679909665 ], [ 20.1929349304793, 39.42299840247995 ], [ 20.27741130974863, 39.44998887609635 ] ], [ [ 19.85851122501542, 39.64154007419037 ], [ 19.9566850978409, 39.64097793514622 ], [ 20.02100005227961, 39.68303122529549 ] ] ] } },
{ "type": "Feature", "properties": { "id": "juno", "name": "JUNO", "color": "#cd5628", "feature_id": "juno-0", "coordinates": [ -149.73852668994309, 42.4219179059235 ] }, "geometry": { "type": "MultiLineString", "coordinates": [ [ [ -179.99981351108062, 42.74035917563463 ], [ -151.19983391146832, 42.74035917563463 ], [ -138.82500430186852, 40.04369389177534 ], [ -129.5998339543217, 36.1498667868178 ], [ -122.84983873608158, 34.86783100527335 ], [ -120.62152181466479, 35.12094936772415 ] ], [ [ 143.09997286257644, 33.93964008831966 ], [ 141.2999741377125, 34.68301765985797 ], [ 139.9609750856761, 34.97407819999975 ] ], [ [ 179.99992719256971, 42.7403571817549 ], [ 172.79992073307184, 42.74369770072915 ], [ 160.19996074878455, 39.00237890905839 ], [ 149.39996839960057, 35.41978051708035 ], [ 143.09997286257644, 33.93964008831966 ], [ 140.39997477528055, 33.18971466460047 ], [ 138.59997605041642, 32.43331330641721 ], [ 137.69997668798445, 33.00121852265448 ], [ 136.87399727311598, 34.33682825203173 ] ] ] } },
{ "type": "Feature", "properties": { "id": "vodafone-greece-domestic", "name": "Vodafone Greece Domestic", "color": "#aebf3c", "feature_id": "vodafone-greece-domestic-0", "coordinates": [ 24.542210608247157, 37.790669387634139 ] }, "geometry": { "type": "MultiLineString", "coordinates": [ [ [ 24.011428, 37.88817800000024 ], [ 24.30005702095561, 37.88634204539163 ], [ 24.7500567021715, 37.70855130533492 ], [ 24.9360364539328, 37.44158260544054 ] ] ] } },
{ "type": "Feature", "properties": { "id": "apocs-1", "name": "APOCS 1", "color": "#b81e4b", "feature_id": "apocs-1-0", "coordinates": [ -59.642790827495816, 46.865405826639169 ] }, "geometry": { "type": "MultiLineString", "coordinates": [ [ [ -60.22412310132226, 46.229284 ], [ -59.84988336584115, 46.5823550820958 ], [ -59.39988368462517, 47.19740739556967 ], [ -59.284726, 47.63667299999975 ] ] ] } },
{ "type": "Feature", "properties": { "id": "apocs-2", "name": "APOCS 2", "color": "#b4287b", "feature_id": "apocs-2-0", "coordinates": [ -59.939027861988201, 47.400453958056218 ] }, "geometry": { "type": "MultiLineString", "coordinates": [ [ [ -60.46931292762743, 46.89666 ], [ -60.29988304765313, 46.99317357497891 ], [ -59.6248835258292, 47.75501398838149 ], [ -59.39193, 47.88156899999986 ] ], [ [ -65.55582811045441, 45.34801402608026 ], [ -65.4433281901504, 45.18376657583663 ], [ -65.20759573903347, 45.089458 ], [ -64.94827799999959, 45.089458 ] ] ] } },
{ "type": "Feature", "properties": { "id": "unitel-north-submarine-cable-unsc", "name": "Unitel North Submarine Cable (UNSC)", "color": "#4bc2c8", "feature_id": "unitel-north-submarine-cable-unsc-0", "coordinates": [ 11.486300240357835, -6.7134448627765471 ] }, "geometry": { "type": "MultiLineString", "coordinates": [ [ [ 12.18986559992896, -5.55657678734671 ], [ 11.92506578751538, -5.62858234765614 ], [ 11.81256586721145, -5.79649412313096 ], [ 11.81256586721145, -6.1321664321287 ], [ 12.15006562812341, -6.18809159586788 ], [ 12.35206548502492, -6.14101542776257 ] ], [ [ 12.14088, -5.23097 ], [ 11.70006594690734, -5.57260090501646 ], [ 11.47506610629948, -5.79649412313096 ], [ 11.47506610629948, -6.6911454506764 ], [ 11.81256586721145, -7.36107214134705 ], [ 12.37506546873145, -7.36107214134705 ], [ 12.86666667000052, -7.23333333300032 ] ] ] } },
{ "type": "Feature", "properties": { "id": "romulo", "name": "Romulo", "color": "#e1b524", "feature_id": "romulo-0", "coordinates": [ 1.1119401621181839, 39.438156638047161 ] }, "geometry": { "type": "MultiLineString", "coordinates": [ [ [ -0.21038561561685, 39.662556 ], [ 0.45007391710319, 39.43815663804716 ], [ 2.25007264196731, 39.43815663804716 ], [ 2.46276799999987, 39.49995262687443 ] ] ] } },
{ "type": "Feature", "properties": { "id": "penbal-4", "name": "Penbal-4", "color": "#11b690", "feature_id": "penbal-4-0", "coordinates": [ 1.3218712573543778, 38.929564795738443 ] }, "geometry": { "type": "MultiLineString", "coordinates": [ [ [ -0.37697549700703, 39.45964671343673 ], [ 0.45007391710319, 39.26417019804767 ], [ 0.90007359772337, 39.03151487972872 ], [ 1.41889, 38.906115 ], [ 1.80007296015533, 38.94407095870691 ], [ 2.47507248257535, 39.26417019804767 ], [ 2.91156, 39.613535 ] ] ] } },
{ "type": "Feature", "properties": { "id": "trans-adriatic-express-tae", "name": "Trans Adriatic Express (TAE)", "color": "#c072af", "feature_id": "trans-adriatic-express-tae-0", "coordinates": [ 18.84586566794027, 40.627591823137138 ] }, "geometry": { "type": "MultiLineString", "coordinates": [ [ [ 18.405157, 40.30200700000034 ], [ 18.57506107659646, 40.50147554220271 ], [ 19.12506068697148, 40.75761560626778 ], [ 19.37619400000041, 40.78671299999985 ] ] ] } },
{ "type": "Feature", "properties": { "id": "olisipo", "name": "Olisipo", "color": "#939597", "feature_id": "olisipo-0", "coordinates": [ -9.2892308394826486, 38.271998401611462 ] }, "geometry": { "type": "MultiLineString", "coordinates": [ [ [ -9.33790914959362, 38.68884285232517 ], [ -9.48588404476688, 38.61206568189252 ], [ -9.46524905938485, 38.44269570155149 ], [ -9.20269924478163, 38.18808260253582 ], [ -9.11241930873675, 37.99143181402265 ], [ -8.86959721512922, 37.95721527519206 ] ] ] } },
{ "type": "Feature", "properties": { "id": "carnival-submarine-network-1-csn-1", "name": "Carnival Submarine Network-1 (CSN-1)", "color": "#939597", "feature_id": "carnival-submarine-network-1-csn-1-0", "coordinates": [ -84.657437583455291, 17.931715270851711 ] }, "geometry": { "type": "MultiLineString", "coordinates": [ [ [ -86.76758665233304, 21.09572879236739 ], [ -86.51756617710222, 20.88290490832815 ], [ -85.98811040620365, 20.80466965896004 ] ], [ [ -79.53670942010494, 8.96482600000041 ], [ -79.43108296461367, 8.23360082365548 ], [ -79.07242834275593, 7.25976456025065 ], [ -79.28130421652729, 5.10127931778882 ], [ -81.56669126636031, 2.38057636240549 ], [ -82.24347970601031, 0.55386775234541 ], [ -82.12486758662938, -1.98101519098468 ], [ -81.44986806420927, -2.46814597265614 ], [ -80.85595099012787, -2.329805834324 ] ], [ [ -79.87486917935739, 11.95585820711473 ], [ -79.64986933934534, 12.17588718550798 ], [ -78.74986997750936, 12.32247215954965 ], [ -75.37487236838926, 11.44176626121408 ], [ -74.77978300000017, 10.94043579748354 ] ], [ [ -81.795793, 26.13909399999979 ], [ -83.24986678907329, 24.94136317175375 ], [ -84.82486567332928, 23.7112581424843 ], [ -86.0623647972694, 21.63529738485955 ], [ -85.94986487636929, 20.37504125346543 ], [ -85.27486535454535, 19.10440547593045 ], [ -84.37486599151723, 17.39502263470052 ], [ -83.02486694786917, 16.10232559580297 ], [ -81.67486790422123, 13.92930384327183 ], [ -79.87486917935739, 11.95585820711473 ], [ -79.76236925964936, 9.96791518697413 ], [ -79.90025916196684, 9.35085524514412 ] ] ] } },
{ "type": "Feature", "properties": { "id": "sea-h2x", "name": "SEA-H2X", "color": "#3e75ba", "feature_id": "sea-h2x-0", "coordinates": [ 111.36822056744241, 10.244365025006168 ] }, "geometry": { "type": "MultiLineString", "coordinates": [ [ [ 113.84999358294024, 17.10851996079568 ], [ 116.99999135204831, 16.7497713156447 ], [ 119.92498927995224, 16.642014062854 ], [ 120.320938998862, 16.61589414713403 ] ], [ [ 114.07499342414418, 18.25181631902822 ], [ 111.14999549564435, 18.28742598659424 ], [ 110.0493762753333, 18.38989700000024 ] ], [ [ 105.74999932164808, 4.50144739401522 ], [ 104.8359699685594, 5.39808113046365 ], [ 103.04883123518101, 7.00516556445629 ], [ 101.70000219070414, 7.0755309300046 ], [ 100.5951029728293, 7.19881807126442 ] ], [ [ 103.64609081207688, 1.3385858520715 ], [ 103.83750067588413, 1.16850674904098 ], [ 104.14002046217226, 1.15796892865923 ], [ 104.26002537715979, 1.46842676733197 ], [ 104.62500011860807, 2.81745044265417 ], [ 105.74999932164808, 4.50144739401522 ], [ 107.09999836529612, 5.17403832722607 ], [ 107.99999772772827, 5.84591508846027 ], [ 110.02499629320025, 7.74488905255145 ], [ 111.26249541654417, 9.96791518697413 ], [ 112.27499469928026, 12.61539556739339 ], [ 113.84999358294024, 17.10851996079568 ], [ 114.07499342414418, 18.25181631902822 ], [ 113.96249350384026, 20.79630610510887 ], [ 114.25868329401681, 22.31829267897149 ] ] ] } },
{ "type": "Feature", "properties": { "id": "hronn", "name": "Hronn", "color": "#009f94", "feature_id": "hronn-0", "coordinates": [ 6.4594555137419283, 55.375967959374357 ] }, "geometry": { "type": "MultiLineString", "coordinates": [ [ [ 5.40007040988339, 55.35590422837544 ], [ 5.28757048957946, 55.32391450012936 ], [ 5.1805, 55.32215 ] ], [ [ 8.40694600000052, 55.44848 ], [ 7.65006881655929, 55.39851702575676 ], [ 5.40007040988339, 55.35590422837544 ], [ 4.51313, 55.41867 ] ] ] } },
{ "type": "Feature", "properties": { "id": "cook-strait", "name": "Cook Strait", "color": "#951f63", "feature_id": "cook-strait-0", "coordinates": [ 174.43018359914944, -41.370292880342902 ] }, "geometry": { "type": "MultiLineString", "coordinates": [ [ [ 174.23597080494744, -41.33902762345182 ], [ 174.43120066664477, -41.37045661248348 ], [ 174.61337053759399, -41.30162636085003 ] ] ] } },
{ "type": "Feature", "properties": { "id": "minoas-east-and-west", "name": "Minoas East and West", "color": "#60489d", "feature_id": "minoas-east-and-west-0", "coordinates": [ 23.663634631214506, 35.66560465416876 ] }, "geometry": { "type": "MultiLineString", "coordinates": [ [ [ 23.03574722000064, 36.52322222000024 ], [ 23.28755773881543, 36.24065523321488 ], [ 23.51255757823166, 36.05897312258681 ], [ 23.7225, 35.51233333000031 ], [ 23.40005765733165, 36.05897312258681 ], [ 23.17505781910758, 36.24065523321488 ], [ 23.03574722000064, 36.52322222000024 ] ] ] } },
{ "type": "Feature", "properties": { "id": "apollo-east-and-west", "name": "Apollo East and West", "color": "#eb8d22", "feature_id": "apollo-east-and-west-0", "coordinates": [ 24.847191332389695, 35.486420684365392 ] }, "geometry": { "type": "MultiLineString", "coordinates": [ [ [ 23.36323941535897, 37.97395211499256 ], [ 23.34443269554493, 37.76786242517874 ], [ 23.40055265817287, 37.67887792909206 ], [ 23.51255757942346, 37.58978657360306 ], [ 23.96255726004346, 36.51238821239364 ], [ 24.41255694125953, 35.90725015614043 ], [ 24.93160657356008, 35.40468665209264 ], [ 24.52505686156346, 35.90725015614043 ], [ 24.07505718094347, 36.51238821239364 ], [ 23.62505749972739, 37.58978657360306 ], [ 23.456672620801, 37.67887792909206 ], [ 23.40055765638139, 37.76786242517874 ], [ 23.36323941535897, 37.97395211499256 ] ] ] } },
{ "type": "Feature", "properties": { "id": "seamewe-6", "name": "SeaMeWe-6", "color": "#939597", "feature_id": "seamewe-6-0", "coordinates": [ 67.710279677650078, 15.063283874132395 ] }, "geometry": { "type": "MultiLineString", "coordinates": [ [ [ 58.61253271367574, 23.81422051502533 ], [ 58.40778285872253, 23.58413 ] ], [ [ 60.30003151883183, 15.66951322515525 ], [ 60.30003151883183, 19.10440547593045 ], [ 60.30003151883183, 22.46944396482952 ], [ 59.85003183761575, 23.09178547692239 ], [ 58.95003247518379, 23.65974644119216 ], [ 58.61253271367574, 23.81422051502533 ], [ 57.66137275950751, 24.42084684447328 ], [ 57.15003374972377, 25.34871742211671 ], [ 56.8125339894077, 26.1593079707739 ], [ 56.58753414879967, 26.5121895020518 ], [ 56.36253430819163, 26.5121895020518 ], [ 55.80003470667163, 26.1593079707739 ], [ 55.35003502545574, 25.85598546607221 ], [ 54.34014573908288, 24.87258266668717 ], [ 52.87503677817179, 25.45034294692391 ], [ 52.20003725694376, 26.05828756029904 ], [ 51.63753765542376, 26.36108632539156 ], [ 51.18753797420769, 26.46184379618898 ], [ 50.57595273852649, 26.229438 ] ], [ [ 54.41907568495613, 24.44396457262543 ], [ 54.34014573908288, 24.87258266668717 ] ], [ [ 51.5193877385264, 25.294537 ], [ 52.20003725694376, 26.05828756029904 ] ], [ [ 85.500013666928, 1.01858854051898 ], [ 83.70001494146798, 5.51007171180325 ], [ 83.02501541964405, 7.74487695688213 ], [ 82.57501573842798, 9.52441134501949 ], [ 81.45001653598388, 11.51526615803877 ], [ 80.24298739105474, 13.06385310188338 ] ], [ [ 65.75491565746178, 16.45525448044254 ], [ 65.47502785162398, 20.37504125346543 ], [ 66.15002737344808, 23.2985980658759 ], [ 67.02854675228855, 24.88973170123582 ] ], [ [ 70.2549124696218, 13.25182881322956 ], [ 71.1000238680158, 16.96510259943593 ], [ 72.87590260996693, 19.07607425728523 ] ], [ [ 74.70002131714794, 5.65935957241149 ], [ 74.25002163652778, 4.83782639198656 ], [ 73.54027200000027, 4.21191694362792 ] ], [ [ 90.00001047908802, 1.91828308225627 ], [ 90.90000984092408, 5.06198695441611 ], [ 91.35000952273606, 9.52441134501949 ], [ 92.70000856638391, 14.80115422479158 ], [ 92.70000856578802, 17.82393441253792 ], [ 92.02500904336819, 19.95262290516439 ], [ 91.99482906593992, 21.42927456664916 ] ], [ [ 101.25000250948806, 2.03066189047467 ], [ 101.4750023495002, 2.59270146460193 ], [ 101.44360237174425, 2.75122876360722 ] ], [ [ 79.65001781052403, 2.96725920849964 ], [ 79.87501765113208, 3.19193397414481 ], [ 80.550017172956, 5.43541364388821 ], [ 80.53985718074962, 5.94082074052015 ] ], [ [ 44.55004267627159, 11.01877499964053 ], [ 43.65004331383962, 11.39992812302738 ], [ 43.14799366949638, 11.59486937144782 ] ], [ [ 33.08276564295245, 28.36593633386358 ], [ 33.35680060388853, 28.16105226222079 ], [ 33.80630028723958, 27.36466799386026 ], [ 34.42504984950763, 26.56251314923671 ], [ 34.87504953131979, 25.75470426341523 ], [ 35.88754881405568, 24.12261698700344 ], [ 37.12504793739979, 22.05298561667754 ], [ 37.91254737952765, 20.37504125346543 ], [ 39.26254642257961, 18.25181631902822 ], [ 40.27504570531769, 16.53419619825972 ], [ 41.68129470911569, 14.80115422479158 ], [ 42.18754435048373, 13.92930384327183 ], [ 42.83441889223159, 13.05415069529863 ], [ 43.14379367306766, 12.83486881784652 ], [ 43.2281686132957, 12.61539556739339 ], [ 43.50941841345962, 12.39573400002297 ], [ 44.55004267627159, 11.01877499964053 ], [ 45.45004203751193, 10.96355685778932 ], [ 48.60003980661981, 11.73565016140583 ], [ 52.65003693696785, 12.72515592356304 ], [ 54.00003598299986, 13.05415069529863 ], [ 55.35003502307177, 13.27323815754759 ], [ 58.9500324733959, 15.01857857375747 ], [ 60.30003151883183, 15.66951322515525 ], [ 65.75491565746178, 16.45525448044254 ], [ 70.2549124696218, 13.25182881322956 ], [ 71.71468744134651, 9.19947052302573 ], [ 73.90979788338855, 6.52510525956329 ], [ 74.70002131714794, 5.65935957241149 ], [ 78.3000187674719, 3.49142332232059 ], [ 79.65001781052403, 2.96725920849964 ], [ 81.00001685476798, 2.59270146460193 ], [ 85.500013666928, 1.01858854051898 ], [ 90.00001047908802, 1.91828308225627 ], [ 92.70000856638391, 4.38928592605099 ], [ 94.27500745064, 5.38563644772348 ], [ 95.42107397406397, 6.13877100900807 ], [ 97.42500521915215, 5.51007171180325 ], [ 97.87500490036805, 5.28606986082101 ], [ 98.66250434249609, 4.61359157886277 ], [ 99.90000346584002, 3.26681481681567 ], [ 101.25000250948806, 2.03066189047467 ], [ 102.15000187192003, 1.52465753852912 ], [ 102.68279723997186, 1.41768673166663 ], [ 103.34065102845322, 1.07494975843319 ], [ 103.50000091556807, 1.14499905756337 ], [ 103.64609081207688, 1.3385858520715 ] ], [ [ 32.28445136473581, 31.25927814644905 ], [ 32.00630156177957, 30.83702058239716 ], [ 31.9500516016276, 30.07738596207985 ], [ 32.17500143988696, 29.63833609362628 ], [ 32.28755136253957, 29.08272578828876 ], [ 33.08276564295245, 28.36593633386358 ] ], [ [ 32.28445136473581, 31.25927814644905 ], [ 32.06255152193171, 30.83702058239716 ], [ 32.06255152193171, 30.07738596207985 ], [ 32.23124640063861, 29.63833609362628 ], [ 32.40005128284368, 29.08272578828876 ], [ 33.08276564295245, 28.36593633386358 ] ], [ [ 5.37253042998907, 43.29362778902908 ], [ 5.28757049017536, 41.74435878948223 ], [ 5.85007009169536, 38.65181171271134 ], [ 6.75006945531949, 37.94551049545967 ], [ 9.00006786020734, 37.41128363492324 ], [ 10.34861723036536, 37.41128363492324 ], [ 11.13756634538734, 37.23235432155614 ], [ 11.81256586841253, 35.41978051708035 ], [ 14.4000640353954, 33.56549148235204 ], [ 16.65006244147541, 32.62301664000789 ], [ 19.3500605287715, 33.00121852265448 ], [ 22.0500586148756, 33.17402209671805 ], [ 25.20005638457955, 32.43331330641721 ], [ 27.90005447187564, 31.76621025972701 ], [ 31.05005223919563, 31.79808736758526 ], [ 32.06255152193171, 31.51079843004906 ], [ 32.28445136473581, 31.25927814644905 ] ], [ [ 35.88754881405568, 24.12261698700344 ], [ 36.90004809500369, 24.36196860976593 ], [ 37.80004745803156, 24.32780311165181 ], [ 38.10697724059967, 24.07064801041784 ] ] ] } },
{ "type": "Feature", "properties": { "id": "biznet-nusantara-cable-system-1-bncs-1", "name": "Biznet Nusantara Cable System-1 (BNCS-1)", "color": "#c46628", "feature_id": "biznet-nusantara-cable-system-1-bncs-1-0", "coordinates": [ 105.70661248093886, -5.9509014690878459 ] }, "geometry": { "type": "MultiLineString", "coordinates": [ [ [ 105.88390920948316, -6.07369890987174 ], [ 105.72187434097629, -5.97368012448737 ], [ 105.58496037606339, -5.76933307776485 ] ], [ [ 105.16425973659172, -2.06514265343443 ], [ 105.05175762819319, -2.22578779676552 ], [ 104.87451166060187, -2.29534634931288 ] ] ] } },
{ "type": "Feature", "properties": { "id": "hokkaido-akita-cable", "name": "Hokkaido-Akita Cable", "color": "#c38c2b", "feature_id": "hokkaido-akita-cable-0", "coordinates": [ 138.82497589102445, 42.525386015596268 ] }, "geometry": { "type": "MultiLineString", "coordinates": [ [ [ 140.11667497537667, 39.71667152745366 ], [ 139.49997541165661, 40.04369219283004 ], [ 139.27497557104874, 40.38732029077508 ], [ 138.82497589102445, 42.07923561816413 ], [ 138.82497589102445, 42.74371346443669 ], [ 139.04997573163232, 43.07331078300322 ], [ 140.39997477528055, 43.64586280559492 ], [ 140.84997445649643, 43.64586280559492 ], [ 141.3543759999998, 43.06209599999981 ] ] ] } },
{ "type": "Feature", "properties": { "id": "topaz", "name": "Topaz", "color": "#939597", "feature_id": "topaz-0", "coordinates": [ 131.07306334941376, 26.928002171128359 ] }, "geometry": { "type": "MultiLineString", "coordinates": [ [ [ 138.59997605041642, 33.18971466460047 ], [ 138.3939703363819, 31.72165954540153 ], [ 135.05290856319252, 28.93293489562601 ], [ 128.07498350582398, 25.41765489222936 ], [ 127.20867552577469, 24.9888889 ], [ 125.82638654830522, 23.91197588476566 ], [ 125.10249946499951, 23.92192670929585 ], [ 123.62010384920251, 24.25635955827758 ], [ 122.83558991464656, 24.75150203000036 ], [ 122.166144575792, 24.85696748385125 ], [ 121.80144795065142, 24.86350411248779 ] ] ] } },
{ "type": "Feature", "properties": { "id": "topaz", "name": "Topaz", "color": "#33499e", "feature_id": "topaz-1", "coordinates": [ -152.30356639946402, 49.587286740046849 ] }, "geometry": { "type": "MultiLineString", "coordinates": [ [ [ -124.80753734982569, 49.23399525062965 ], [ -123.97483793971784, 49.35578708015061 ], [ -123.114034, 49.26044 ] ], [ [ 142.19997350014447, 36.87321951208928 ], [ 142.42497334015661, 36.1498667868178 ], [ 142.19997350014447, 35.05222991093673 ], [ 140.84997445649643, 33.93964008831966 ], [ 138.59997605041642, 33.18971466460047 ], [ 137.69997668798445, 33.56549148235204 ], [ 136.87399727311598, 34.33682825203173 ] ], [ [ 179.99994672169302, 49.58728674004685 ], [ 172.79995182283281, 49.58728674004685 ], [ 160.19996074878455, 46.5823550820958 ], [ 149.39996839960057, 40.04369219283004 ], [ 142.19997350014447, 36.87321951208928 ], [ 141.07497429650857, 36.63285342448935 ], [ 140.71827454919813, 36.71305911738493 ] ], [ [ -124.80753734982569, 49.23399525062965 ], [ -124.81858873599236, 49.09864531009281 ], [ -125.09983714275776, 48.95110602078302 ], [ -125.54983682397375, 48.80312914165442 ], [ -138.59982757864174, 49.00033438946343 ], [ -151.19981865268991, 49.58728674004685 ], [ -179.99979825051412, 49.58728674004685 ] ] ] } },
{ "type": "Feature", "properties": { "id": "medusa-submarine-cable-system", "name": "Medusa Submarine Cable System", "color": "#da7f27", "feature_id": "medusa-submarine-cable-system-0", "coordinates": [ 1.3104387368136514, 37.090886399012028 ] }, "geometry": { "type": "MultiLineString", "coordinates": [ [ [ 6.07506993230322, 38.65181171271134 ], [ 8.05743694902895, 38.22048320665041 ], [ 9.00006785961144, 37.94551049545967 ], [ 9.5838287077788, 37.56799715393033 ], [ 9.86735724581159, 37.27681625347515 ] ], [ [ 4.72507088805946, 38.65181171271134 ], [ 6.07506993230322, 38.65181171271134 ] ], [ [ 6.07506993230322, 38.65181171271134 ], [ 5.40007041047929, 41.74435878948223 ], [ 5.37253042998907, 43.29362778902908 ] ], [ [ -2.24992417019271, 35.87687057009283 ], [ -2.47492401139665, 35.4503344896715 ], [ -2.9330349999996, 35.17002 ] ], [ [ -2.24992417019271, 35.87687057009283 ], [ 2.25007264196731, 37.41128363492324 ], [ 4.72507088805946, 38.65181171271134 ] ] ] } },
{ "type": "Feature", "properties": { "id": "medusa-submarine-cable-system", "name": "Medusa Submarine Cable System", "color": "#939597", "feature_id": "medusa-submarine-cable-system-1", "coordinates": [ 20.620627576581292, 34.749308245709571 ] }, "geometry": { "type": "MultiLineString", "coordinates": [ [ [ 32.04719875165272, 34.36126232841875 ], [ 34.20005000830351, 34.36126232841875 ], [ 35.89779880560243, 34.89170328553848 ] ], [ [ 14.3501, 35.9524 ], [ 13.5892665867621, 35.50152744443852 ] ], [ [ 20.06099755071802, 32.1148467730243 ], [ 19.54833292295356, 32.37254680331547 ], [ 19.27075216168532, 32.80214707225284 ], [ 19.24898112158607, 34.86099639886459 ] ], [ [ 14.47077136061674, 34.99040862562433 ], [ 15.28032546762509, 33.68969836184677 ], [ 15.0889307337039, 32.37254680331547 ] ], [ [ 31.05005223979153, 32.90681902852468 ], [ 31.61064239361434, 33.93731078529868 ], [ 32.46668800000052, 34.76662920076821 ] ], [ [ 22.50654831394805, 34.53907554907902 ], [ 22.71329787740769, 35.39334285607203 ], [ 23.90367058300941, 36.29040944035275 ], [ 23.90367058300941, 37.09588010976437 ], [ 23.73052617441654, 37.97446102487642 ] ], [ [ 11.81256586661555, 37.23235432155614 ], [ 12.06051569156148, 37.54682622128215 ], [ 12.59137531609161, 37.65058617278613 ] ], [ [ 8.10006849777537, 38.21117903702318 ], [ 6.97506929413946, 37.44106375352233 ], [ 6.5572417140004, 37.00295935602444 ] ], [ [ 2.25007264196731, 37.41128363492324 ], [ 2.81257224348731, 37.23235432155614 ], [ 3.03571208541306, 36.76212778211003 ] ], [ [ 4.95007072866731, 41.1823303464796 ], [ 2.7000723225873, 41.1823303464796 ], [ 2.16872504274879, 41.38560270176812 ] ], [ [ 5.37253042998907, 43.29362778902908 ], [ 5.06257064956732, 41.74435878948223 ], [ 4.95007072866731, 41.1823303464796 ], [ 4.83757080895928, 40.04369219283004 ], [ 4.72507088805946, 38.65181171271134 ] ], [ [ -4.49992257627272, 35.78566189952622 ], [ -4.72492241688075, 35.60293032290613 ], [ -5.3918119444499, 35.56591893442133 ] ], [ [ -9.33155915349599, 38.69016197235553 ], [ -9.44991906964872, 38.1227301083922 ], [ -9.67491890906477, 37.23235432155614 ], [ -9.56241898935675, 36.69301553274438 ], [ -8.99991938843273, 36.33133835588799 ], [ -5.8438481960001, 36.13475690999979 ], [ -5.56573612899431, 36.28964443924729 ], [ -5.25052372978581, 36.37610614625084 ], [ -4.49992257627272, 35.78566189952622 ], [ -2.24992417019271, 35.87687057009283 ] ], [ [ 9.00006785961144, 37.94551049545967 ], [ 10.34861722976928, 37.94551049545967 ], [ 10.91256650537538, 37.58978657360306 ], [ 11.81256586661555, 37.23235432155614 ], [ 12.94626501280219, 35.87231864098554 ], [ 14.47077136061674, 34.99040862562433 ], [ 16.5602576693071, 34.48499754933233 ], [ 19.24898112158607, 34.86099639886459 ], [ 22.0500586148756, 34.63291490532071 ], [ 23.64128846164546, 34.30535154295467 ], [ 25.25240009630676, 33.89459266962982 ], [ 27.00005510825151, 33.87739543625145 ], [ 31.05005223979153, 32.90681902852468 ], [ 31.9500516016276, 31.79808736758526 ], [ 32.28755136253957, 31.51079843004906 ], [ 32.28445136473581, 31.25927814644905 ] ] ] } },
{ "type": "Feature", "properties": { "id": "saudi-vision", "name": "Saudi Vision", "color": "#c76a28", "feature_id": "saudi-vision-0", "coordinates": [ 36.699929995878726, 25.543088498954923 ] }, "geometry": { "type": "MultiLineString", "coordinates": [ [ [ 37.80004745743566, 23.84852318648794 ], [ 37.96879733789173, 23.91710129093513 ], [ 38.10701723997532, 24.07061699999969 ] ], [ [ 35.60629901210351, 26.56251314923671 ], [ 35.60629901150762, 27.09791857521597 ], [ 35.69652894758787, 27.35401899999946 ] ], [ [ 39.18286300000012, 21.48154278085263 ], [ 38.81254674076764, 22.05298561667754 ], [ 37.80004745743566, 23.84852318648794 ], [ 36.56254833468763, 25.75470426341523 ], [ 35.60629901210351, 26.56251314923671 ], [ 34.46137982377105, 27.9169531782056 ], [ 34.46137982377105, 27.99148344790472 ], [ 34.48950480265532, 28.11558608721803 ], [ 34.57387974288317, 28.31385174713364 ], [ 34.76762960622493, 29.08904402302273 ], [ 34.95220947487088, 29.283852 ] ] ] } },
{ "type": "Feature", "properties": { "id": "scotland-northern-ireland-4", "name": "Scotland-Northern Ireland 4", "color": "#a4ab37", "feature_id": "scotland-northern-ireland-4-0", "coordinates": [ -5.3735456821428667, 55.153340823728385 ] }, "geometry": { "type": "MultiLineString", "coordinates": [ [ [ -5.80983164832085, 54.85780200253145 ], [ -5.62492177931272, 55.04558670490423 ], [ -5.17492209809674, 55.23848220955442 ], [ -4.8541723253189, 55.24040360744587 ] ] ] } },
{ "type": "Feature", "properties": { "id": "scotland-northern-ireland-3", "name": "Scotland-Northern Ireland 3", "color": "#44b649", "feature_id": "scotland-northern-ireland-3-0", "coordinates": [ -5.2959281963958489, 54.687945208302558 ] }, "geometry": { "type": "MultiLineString", "coordinates": [ [ [ -5.53869184039879, 54.64303774269828 ], [ -5.28742201840076, 54.68951871778461 ], [ -5.17492209809674, 54.75449236881693 ], [ -5.11550214019035, 54.84402536873057 ] ] ] } },
{ "type": "Feature", "properties": { "id": "hawaiki-nui-1", "name": "Hawaiki Nui 1", "color": "#939597", "feature_id": "hawaiki-nui-1-0", "coordinates": [ 115.51384990916119, -7.8829131023718695 ] }, "geometry": { "type": "MultiLineString", "coordinates": [ [ [ 129.59998242550049, -9.58636249329395 ], [ 128.6999870359665, -8.92015053805604 ], [ 128.3038833436693, -7.80190305918286 ], [ 127.34998401942048, -7.38586539097874 ], [ 125.99998497577243, -7.38586539097874 ], [ 125.54998529396046, -7.99285445846069 ], [ 125.57937980498313, -8.55944749946433 ] ], [ [ 152.99996584932845, -16.30669306561827 ], [ 155.24996425540846, -15.44102365956809 ], [ 157.49996266089255, -11.94394493174681 ], [ 159.41246130606078, -10.17745743036107 ], [ 159.52496122636472, -9.73423534230066 ], [ 159.46876126617727, -9.29042430103552 ], [ 159.52496122696061, -9.12384859782334 ], [ 159.74996106756865, -9.12384859782334 ], [ 159.94976092602863, -9.42905364643845 ] ], [ [ 147.2624699138245, -11.06203210990948 ], [ 147.14996999352056, -10.17745743036107 ], [ 147.18851969098361, -9.47958929269729 ] ], [ [ 104.14960045538582, 1.18452336036332 ], [ 104.0166370000003, 1.06679800000035 ] ], [ [ 109.34999676839627, -3.92832730414264 ], [ 108.22499756833612, -4.60145376483711 ], [ 107.77499788712005, -5.2739443636413 ], [ 106.82786855747969, -6.17158799999972 ] ], [ [ 131.39998115036443, -9.14236087700533 ], [ 129.59998242550049, -9.58636249329395 ], [ 129.14998274428442, -10.62006486036324 ], [ 129.03748282457639, -11.83385827587987 ], [ 129.87515781769261, -12.19454303116224 ], [ 130.50000678851072, -12.32900582392162 ], [ 130.84315500000028, -12.46750362874273 ] ], [ [ 154.34996489297649, -27.55351399643815 ], [ 153.56246544906074, -27.35385293623131 ], [ 153.02282700000043, -27.46888410816531 ] ], [ [ 152.99996584932845, -16.30669306561827 ], [ 153.44996553054452, -18.88013997510117 ], [ 153.89996521176059, -25.54089607625931 ], [ 154.34996489297649, -27.55351399643815 ], [ 154.34996489297649, -28.74381028114989 ], [ 153.76076054297755, -31.85146566557725 ], [ 152.09996648689665, -33.17952345666914 ], [ 151.20703711886031, -33.86969599999964 ] ], [ [ 152.99996584932845, -16.30669306561827 ], [ 151.64996680508469, -14.57172649133255 ], [ 148.49996903716843, -12.38384043318557 ], [ 147.2624699138245, -11.06203210990948 ], [ 144.89997158684466, -10.47259892498978 ], [ 142.19997349954858, -9.58636249329395 ], [ 138.59997605041642, -9.955921616229 ], [ 134.54997891887641, -9.58636249329395 ], [ 131.39998115036443, -9.14236087700533 ] ], [ [ 129.03748282457639, -11.83385827587987 ], [ 127.34998401942048, -11.77267983991194 ], [ 126.44998465698852, -11.77267983991194 ], [ 120.99998851781679, -11.55232519729577 ], [ 118.68749015601242, -10.80429713890708 ], [ 116.54999167023632, -9.58636249329395 ], [ 115.8749921484124, -9.14236087700533 ], [ 115.81874218826026, -8.86457667788879 ], [ 115.87499214900831, -8.40113904812284 ], [ 115.76249222810829, -8.17849027894493 ], [ 115.19999262658828, -7.50981068833955 ], [ 114.46970572643436, -6.61665069347536 ], [ 112.04999485867221, -5.49795068831488 ], [ 109.34999676839627, -3.92832730414264 ], [ 108.89999708777627, -3.02999596800866 ], [ 106.08749908256004, -0.33140932966026 ], [ 104.84999995921611, 0.62482576000739 ], [ 104.40000027800004, 0.90605018086909 ], [ 104.2875003576961, 1.01853421661552 ], [ 104.1778504347774, 1.18452336036332 ], [ 103.85310700000069, 1.29387768461166 ] ] ] } },
{ "type": "Feature", "properties": { "id": "blue", "name": "Blue", "color": "#7c287d", "feature_id": "blue-0", "coordinates": [ 27.542339101747963, 34.028954564657425 ] }, "geometry": { "type": "MultiLineString", "coordinates": [ [ [ 14.85006371541949, 38.68109155517453 ], [ 13.95006435298753, 38.41714222345644 ], [ 13.35865477254357, 38.11612161658339 ] ], [ [ 9.00006785961144, 44.05151922873524 ], [ 8.93886790356194, 44.41035752885385 ] ], [ [ 14.85006371541949, 38.68109155517453 ], [ 13.50006467177145, 38.85651904987272 ], [ 12.15006562812341, 39.6983233549332 ], [ 11.13756634538734, 41.0693404382162 ], [ 10.68756666357554, 41.52013202089327 ], [ 10.12506706086337, 42.41235450073586 ], [ 9.90006722085142, 43.07331078300322 ], [ 9.6188174212834, 43.40114497315395 ], [ 9.00006785961144, 44.05151922873524 ] ], [ [ 32.46665123625969, 34.76657169708598 ], [ 31.50005192041171, 33.97074536407291 ], [ 31.05005223979153, 33.18971466460047 ], [ 25.3863443463154, 34.54478831498562 ], [ 23.35021203932669, 35.05122570947854 ], [ 22.0500586148756, 35.67911935834275 ] ], [ [ 24.01216722549532, 35.51204255863757 ], [ 23.7375574200315, 35.87687057009283 ], [ 22.95005797790347, 36.05897312258681 ], [ 22.0500586148756, 35.67911935834275 ] ], [ [ 10.68756666357554, 41.52013202089327 ], [ 9.9000672220434, 41.1823303464796 ], [ 9.61315742529307, 41.00477368759763 ] ], [ [ 11.13756634538734, 41.0693404382162 ], [ 11.70006594690734, 41.26694507168783 ], [ 12.26256554842752, 41.52013202089327 ], [ 12.49576, 41.90311 ] ], [ [ 8.7750680190034, 43.51003100840901 ], [ 9.3375676205234, 43.40114497315395 ], [ 9.45006754201949, 43.07331078300322 ], [ 9.56256746113144, 42.90873242772037 ], [ 9.45088100000022, 42.68833887338437 ] ], [ [ 8.7750680190034, 43.51003100840901 ], [ 9.00006785961144, 44.05151922873524 ] ], [ [ 35.00509500000022, 29.60277233357361 ], [ 34.65004968892368, 31.03001726298632 ], [ 34.65004968892368, 31.51079843004906 ], [ 34.76967960477271, 32.04501185826483 ] ], [ [ 34.76967960477271, 32.04501185826483 ], [ 33.75005032708761, 32.43331330641721 ], [ 31.05005223979153, 33.18971466460047 ] ], [ [ 22.0500586148756, 35.67911935834275 ], [ 21.60005893365952, 35.86167640626605 ], [ 18.00006148452737, 37.05299936423364 ], [ 15.75006307844736, 37.67887792909206 ], [ 15.52506323724343, 38.06370455144154 ], [ 15.63756315754753, 38.24063815947198 ], [ 15.30006339663557, 38.50523297944307 ], [ 14.85006371541949, 38.68109155517453 ] ], [ [ 8.7750680190034, 43.51003100840901 ], [ 7.20006913534322, 43.15543467648206 ], [ 6.41256969261946, 42.82627801037571 ], [ 5.96257001140339, 42.82627801037571 ], [ 5.37253042998907, 43.29362778902908 ] ] ] } },
{ "type": "Feature", "properties": { "id": "raman", "name": "Raman", "color": "#939597", "feature_id": "raman-0", "coordinates": [ 50.511870040534532, 14.013272070190846 ] }, "geometry": { "type": "MultiLineString", "coordinates": [ [ [ 62.77502976551988, 20.37504125346543 ], [ 62.77502976551988, 22.46944396482952 ], [ 59.85003183761575, 24.22525137740373 ], [ 58.50003279396771, 23.89138876125301 ], [ 57.88605322832058, 23.67872342575357 ] ], [ [ 55.35003502545574, 15.88603571907903 ], [ 54.78753542333983, 16.53419619825972 ], [ 54.14808587692784, 17.09582718672565 ] ], [ [ 44.55004267627159, 12.28583355626838 ], [ 43.63637028333588, 11.94650543254203 ], [ 43.14799366949638, 11.59486937144782 ] ], [ [ 35.69654894757382, 27.35401030043886 ], [ 35.80902892030377, 28.11423835582824 ], [ 35.38627963612146, 29.11361416298006 ], [ 35.00509500000022, 29.58103323103279 ], [ 35.52236385784028, 29.18990208480479 ], [ 35.99389040070528, 28.15020742874113 ], [ 35.69654894757382, 27.35401030043886 ] ], [ [ 72.87590260996693, 19.07607425728523 ], [ 70.20002450558383, 19.63506409994249 ], [ 66.60002705585578, 20.16397503197587 ], [ 62.77502976551988, 20.37504125346543 ], [ 58.95003247518379, 17.609605913225 ], [ 55.35003502545574, 15.88603571907903 ], [ 48.60003980721571, 13.27323815754759 ], [ 45.45004203870374, 12.50558813178065 ], [ 44.55004267627159, 12.28583355626838 ], [ 43.88195913315433, 12.45877074687192 ], [ 43.42504347323158, 12.61539556739339 ], [ 43.34066853300354, 12.83486881784652 ], [ 43.25629359277551, 13.05415069529863 ], [ 43.03129375216765, 13.92930384327183 ], [ 42.52504411079961, 14.80115422479158 ], [ 41.8500445889755, 16.53419619825972 ], [ 39.48754626259156, 20.37504125346543 ], [ 39.1500465010837, 20.93646800014906 ], [ 38.70004682046353, 22.05298561667754 ], [ 37.46254769711778, 24.12261698700344 ], [ 36.45004841438352, 25.75470426341523 ], [ 35.69654894757382, 27.35401030043886 ] ] ] } },
{ "type": "Feature", "properties": { "id": "kingisepp-kaliningrad-system-baltika", "name": "Kingisepp-Kaliningrad System (Baltika)", "color": "#12b5d6", "feature_id": "kingisepp-kaliningrad-system-baltika-0", "coordinates": [ 22.519340764201484, 59.177164046541911 ] }, "geometry": { "type": "MultiLineString", "coordinates": [ [ [ 28.66126379551582, 59.43785823690482 ], [ 27.37860937499232, 59.76579956081518 ], [ 26.10728235270413, 59.94532688612237 ], [ 23.84732296667657, 59.53406190277903 ], [ 22.3808201432679, 59.13993635436074 ], [ 21.30842106981249, 58.59223846792796 ], [ 20.52373882094292, 57.62501221189865 ], [ 19.31195689343054, 56.41736400880456 ], [ 20.11831965902751, 55.25597656488328 ], [ 20.60220704583015, 54.97036048843147 ] ] ] } },
{ "type": "Feature", "properties": { "id": "deep-blue-one", "name": "Deep Blue One", "color": "#ba742d", "feature_id": "deep-blue-one-0", "coordinates": [ -56.188607023028268, 7.6552891691676521 ] }, "geometry": { "type": "MultiLineString", "coordinates": [ [ [ -57.37488511915311, 8.63569941732747 ], [ -57.48738503886113, 8.1905434177955 ], [ -57.82488480036918, 7.29876275445952 ], [ -58.15486456660835, 6.80429329928868 ] ], [ [ -55.4556016603845, 7.42587221539894 ], [ -55.34988655427713, 6.55424242549698 ], [ -55.17385100000029, 5.82403 ] ], [ [ -61.65081209004632, 10.68626103278632 ], [ -61.42488225009723, 10.96355685778932 ], [ -60.97488256888116, 11.07005723775345 ], [ -60.7498827288692, 11.05558134154955 ] ], [ [ -60.73534273916942, 11.18245699999947 ], [ -60.7498827288692, 11.05558134154955 ] ], [ [ -60.7498827288692, 11.05558134154955 ], [ -60.29988304705723, 10.85308969074528 ], [ -57.37488511915311, 8.63569941732747 ], [ -56.47488575672114, 7.74488905255145 ], [ -55.4556016603845, 7.42587221539894 ], [ -53.99988751062917, 7.55905892601083 ], [ -53.09458552894352, 7.3574103497498 ], [ -52.4248886263731, 5.95781868108853 ], [ -52.32092869942328, 4.94154744831024 ] ] ] } },
{ "type": "Feature", "properties": { "id": "apricot", "name": "Apricot", "color": "#b63894", "feature_id": "apricot-0", "coordinates": [ 129.23798072152712, 20.059088092174036 ] }, "geometry": { "type": "MultiLineString", "coordinates": [ [ [ 127.34998401942048, 19.24608308700458 ], [ 125.99998497636834, 21.32123529551186 ], [ 124.14876628719325, 23.75779807079245 ], [ 122.84998720785636, 24.63495976683041 ], [ 121.80144795065142, 24.86350411248779 ] ], [ [ 144.65753175859138, 13.38530551849808 ], [ 143.99997222500841, 13.60149820227659 ], [ 143.09997286257644, 13.92930384327183 ], [ 138.59997605041642, 15.66951322515525 ], [ 131.39998115096031, 17.39502263470052 ], [ 126.44998465639262, 18.25181631902822 ], [ 127.34998401942048, 19.24608308700458 ], [ 130.94998146974444, 20.79630610510887 ], [ 138.59997605041642, 23.7112581424843 ], [ 139.72497525286053, 24.94136317175375 ], [ 140.84997445649643, 30.90139608851551 ], [ 141.07497429710446, 32.43331330641721 ], [ 140.96247437680054, 33.93964008831966 ], [ 140.56872465573645, 34.40502275071594 ], [ 140.37184979460858, 34.69072647741027 ], [ 140.1046624838865, 34.85244570884615 ], [ 139.96097900000029, 34.9740779999996 ] ] ] } },
{ "type": "Feature", "properties": { "id": "apricot", "name": "Apricot", "color": "#939597", "feature_id": "apricot-1", "coordinates": [ 119.96497042769207, 1.1841040607806506 ] }, "geometry": { "type": "MultiLineString", "coordinates": [ [ [ 104.17500043679628, 1.01840923645215 ], [ 104.11887547655554, 1.01840923645215 ], [ 104.0166370000003, 1.06679800000035 ] ], [ [ 109.12499692898021, -3.02999596800866 ], [ 107.88749780742415, -4.60145376483711 ], [ 107.43749812620827, -5.2739443636413 ], [ 107.12099835041957, -5.98115426026328 ] ], [ [ 126.57346403647036, 5.40467665837863 ], [ 126.3374847366844, 5.65935957241149 ], [ 126.11248489607637, 5.95781868108853 ], [ 125.61287587559997, 7.07998888316064 ] ], [ [ 125.54998529455636, 16.24638821747719 ], [ 123.52498672908439, 15.59728785911438 ], [ 121.94998784542422, 15.66951322515525 ], [ 121.56018812156209, 15.76153946584214 ] ], [ [ 103.64609081207688, 1.3385858520715 ], [ 103.83750067588413, 1.18275373929424 ], [ 104.02421554420971, 1.20209203677361 ], [ 104.14960045538582, 1.18452336036332 ], [ 104.17500043679628, 1.01840923645215 ], [ 104.2875003576961, 0.96229266239685 ], [ 104.40000027800004, 0.84980682621138 ], [ 104.84999995921611, 0.68107206531244 ], [ 106.19999900286416, -0.33140932966026 ], [ 109.12499692898021, -3.02999596800866 ], [ 109.79999645080431, -3.47926867897006 ], [ 112.04999485867221, -4.60145376483711 ], [ 114.60984933620142, -5.2739443636413 ], [ 116.80810148738884, -4.17999558215863 ], [ 117.7124908479029, -2.73037548526785 ], [ 117.96440181128685, -1.51533365197483 ], [ 118.76628430204579, -0.81055532474076 ], [ 119.47498959873617, 0.56857885252619 ], [ 119.69998943934421, 1.01853421661552 ], [ 120.59998880177636, 1.58088684091413 ], [ 124.19998625090851, 3.41655961832325 ], [ 126.57346403647036, 5.40467665837863 ], [ 128.24998338185245, 7.4475223198722 ], [ 127.34998401942048, 11.88247526828451 ], [ 125.54998529455636, 16.24638821747719 ], [ 126.44998465639262, 18.25181631902822 ] ] ] } },
{ "type": "Feature", "properties": { "id": "scylla", "name": "Scylla", "color": "#b82a3f", "feature_id": "scylla-0", "coordinates": [ 3.1697065756605403, 52.62326141852725 ] }, "geometry": { "type": "MultiLineString", "coordinates": [ [ [ 1.72927301090669, 52.46882263773048 ], [ 2.25007264196731, 52.62326141852725 ], [ 3.82507152622321, 52.62326141852725 ], [ 4.27507120743928, 52.55491468334153 ], [ 4.61367096757211, 52.45850170510113 ] ] ] } },
{ "type": "Feature", "properties": { "id": "polar-express", "name": "Polar Express", "color": "#cf3a26", "feature_id": "polar-express-0", "coordinates": [ 48.423333272790664, 69.782452853361292 ] }, "geometry": { "type": "MultiLineString", "coordinates": [ [ [ 61.6637, 69.7512 ], [ 60.75003119945182, 70.40189838789871 ], [ 59.40003215580378, 70.55228024514132 ], [ 57.60003343093985, 70.40189838789871 ], [ 53.10003661877982, 69.94402310253807 ], [ 44.10004299445961, 69.63309228121113 ], [ 35.55004905135565, 69.47590081058141 ], [ 35.10004937013957, 69.31754886651788 ], [ 35.11421936010154, 69.18399665130558 ] ] ] } },
{ "type": "Feature", "properties": { "id": "polar-express", "name": "Polar Express", "color": "#939597", "feature_id": "polar-express-1", "coordinates": [ 100.75766056091868, 77.592749412276831 ] }, "geometry": { "type": "MultiLineString", "coordinates": [ [ [ 133.19997987522854, 41.85617959436374 ], [ 133.19997987463265, 42.32923969966554 ], [ 132.89127009392124, 42.83453574149161 ] ], [ [ 131.91074739009591, 43.15461540791453 ], [ 132.2999805127964, 42.35695685335537 ], [ 133.19997987522854, 41.85617959436374 ], [ 134.54997891887641, 41.74435878948223 ], [ 137.92497652799659, 43.07331078300322 ], [ 140.84997445590054, 45.59408578894718 ], [ 141.97497365894054, 45.75130568537152 ], [ 143.09997286198055, 45.75130568537152 ], [ 144.67497174444856, 46.11643477220242 ], [ 145.12497142745252, 47.04430546733287 ] ], [ [ 142.72624265858042, 46.94899298742814 ], [ 143.43747262348842, 47.12091150337974 ], [ 145.12497142745252, 47.04430546733287 ], [ 147.59996967294859, 46.8394840627337 ], [ 153.44996552994863, 48.35656994073399 ], [ 158.84996170454079, 50.83511113795267 ], [ 159.74996106697276, 52.50929095964713 ] ], [ [ 158.65001067431297, 53.01666789688405 ], [ 159.74996106697276, 52.50929095964713 ] ], [ [ 159.74996106697276, 52.50929095964713 ], [ 161.99995947305277, 52.78232285776401 ], [ 168.29995501007673, 53.85747344030472 ], [ 174.02495095443587, 55.90629872677893 ], [ 179.97797408100845, 60.52845120335891 ] ], [ [ -179.99979825111021, 60.52845120335891 ], [ -179.52782592920985, 60.8695351663294 ], [ -172.79980335165411, 63.99042806051585 ] ], [ [ 177.50214575678351, 64.72719091772642 ], [ 178.64994767804478, 64.47943091017559 ], [ 179.99994672169302, 64.18706730674532 ] ], [ [ -179.99979825111021, 64.18706730674532 ], [ -172.79980335165411, 63.99042806051585 ], [ -170.09980526435811, 64.76870273314248 ], [ -169.19980590192614, 66.07850491576789 ], [ -170.54980494557392, 67.66857826204087 ], [ -175.94980112016617, 69.47590081058141 ], [ -179.9997967228899, 70.17422909007649 ] ], [ [ 179.99994824991296, 70.17422909007649 ], [ 177.74994831561281, 70.55228024514132 ], [ 171.89995245980478, 70.70155250919251 ], [ 169.64995405372477, 70.25039973315269 ] ], [ [ 170.307, 69.7029 ], [ 169.64995405372477, 70.25039973315269 ] ], [ [ 169.64995405372477, 70.25039973315269 ], [ 159.74996106697276, 72.13481545023681 ], [ 148.94996871778861, 72.81230997105121 ], [ 141.74997381833251, 73.07627580961623 ], [ 134.99089662947918, 72.81107196658 ] ], [ [ 128.8645, 71.6375 ], [ 131.39998115036443, 71.9962481654091 ], [ 134.99997860009248, 72.81230997105121 ], [ 135.00070515758972, 72.81107196658 ], [ 130.94998146914853, 74.09330000483304 ], [ 123.74998656969242, 76.27568108311124 ], [ 112.94999422050827, 77.49983814503032 ], [ 104.84999995862022, 77.88351717807191 ], [ 99.45000378402823, 77.49983814503032 ], [ 94.50000729065214, 77.20425577257384 ], [ 86.85001270998013, 75.95170116422619 ], [ 81.00001685417209, 74.45913348599115 ], [ 78.75001844809208, 73.96950097861448 ], [ 71.55002354863598, 73.96950097861448 ], [ 65.70002769282792, 72.81230997105121 ], [ 63.00002960553183, 70.99679695986222 ], [ 60.75003119945182, 70.40189838789871 ] ], [ [ 78.75001844809208, 73.96950097861448 ], [ 80.10001749174012, 73.59244957584484 ], [ 80.531, 73.5077 ] ] ] } },
{ "type": "Feature", "properties": { "id": "darwin-jakarta-singapore-cable-djsc", "name": "Darwin-Jakarta-Singapore Cable (DJSC)", "color": "#752222", "feature_id": "darwin-jakarta-singapore-cable-djsc-0", "coordinates": [ 114.16800775684534, -19.800107039490765 ] }, "geometry": { "type": "MultiLineString", "coordinates": [ [ [ 118.57724023471046, -20.31344226536242 ], [ 117.97499050962779, -20.04866167036372 ], [ 115.19999262658828, -19.80010703949077 ], [ 111.59999517686023, -19.80010703949077 ], [ 109.79999645199631, -20.43392219763741 ] ] ] } },
{ "type": "Feature", "properties": { "id": "zeus", "name": "Zeus", "color": "#2181bf", "feature_id": "zeus-0", "coordinates": [ 3.1322239085293395, 52.48646132010029 ] }, "geometry": { "type": "MultiLineString", "coordinates": [ [ [ 1.72927301090669, 52.46882263773048 ], [ 2.25007264196731, 52.48646132010029 ], [ 3.82507152622321, 52.48646132010029 ], [ 4.52419103096048, 52.36366638180829 ] ] ] } },
{ "type": "Feature", "properties": { "id": "india-asia-xpress-iax", "name": "India Asia Xpress (IAX)", "color": "#939597", "feature_id": "india-asia-xpress-iax-0", "coordinates": [ 88.076150257677227, 12.08036113105525 ] }, "geometry": { "type": "MultiLineString", "coordinates": [ [ [ 87.50654093847432, 21.61382502635084 ], [ 88.64575957688014, 2.54689723575966 ] ], [ [ 81.13951857354486, 16.17504911520482 ], [ 82.01872118892727, 15.04470016416689 ], [ 81.82223885811331, 11.12758965642409 ] ] ] } },
{ "type": "Feature", "properties": { "id": "india-asia-xpress-iax", "name": "India Asia Xpress (IAX)", "color": "#ced528", "feature_id": "india-asia-xpress-iax-1", "coordinates": [ 82.915575198927655, 2.4346698251038394 ] }, "geometry": { "type": "MultiLineString", "coordinates": [ [ [ 85.500013666928, 1.9182287802156 ], [ 83.92501477969205, 5.51007171180325 ], [ 83.25001525965619, 7.74487695688213 ], [ 82.80001557844011, 9.52441134501949 ], [ 81.45001653598388, 11.73565016140583 ], [ 80.24298739105474, 13.06385310188338 ] ], [ [ 75.37502083897188, 5.65935957241149 ], [ 74.25002163652778, 4.61359157886277 ], [ 73.54035213926461, 4.21234578187178 ] ], [ [ 101.25000250948806, 2.14308717847186 ], [ 101.41875238934823, 2.59270146460193 ], [ 101.44360237174425, 2.75122876360722 ] ], [ [ 98.10000474097609, 5.28606986082101 ], [ 99.00000410340806, 5.95781868108853 ], [ 100.06611334816643, 6.61351886085411 ] ], [ [ 79.65001781052403, 3.19193397414481 ], [ 80.43751725265209, 5.43541364388821 ], [ 80.53985718074962, 5.94082074052015 ] ], [ [ 72.87590151562159, 19.06618949020813 ], [ 71.32502370862383, 16.96510259943593 ], [ 71.04513590397801, 13.49212817646408 ], [ 72.50491087570272, 9.36197891183397 ], [ 74.70002131774494, 6.68867555120235 ], [ 75.37502083897188, 5.65935957241149 ], [ 78.3000187674719, 3.71597811929807 ], [ 79.65001781052403, 3.19193397414481 ], [ 81.00001685476798, 2.81745044265417 ], [ 85.500013666928, 1.9182287802156 ], [ 90.00001047908802, 2.81745044265417 ], [ 92.70000856638391, 4.61359157886277 ], [ 94.27500745064, 5.60960118451691 ], [ 95.40635270497349, 6.21829530649952 ], [ 97.42500521915215, 5.62204118088323 ], [ 98.10000474097609, 5.28606986082101 ], [ 98.88750418310413, 4.61359157886277 ], [ 100.01250338614413, 3.26681481681567 ], [ 101.25000250948806, 2.14308717847186 ], [ 102.15000187192003, 1.80578828012915 ], [ 102.68279723997186, 1.55826417755247 ], [ 103.34065102845322, 1.38397800415487 ], [ 103.50000091556807, 1.32751885596585 ], [ 103.64609081207688, 1.3385858520715 ] ] ] } },
{ "type": "Feature", "properties": { "id": "india-europe-xpress-iex", "name": "India Europe Xpress (IEX)", "color": "#939597", "feature_id": "india-europe-xpress-iex-0", "coordinates": [ 48.479840860047226, 12.256429919428616 ] }, "geometry": { "type": "MultiLineString", "coordinates": [ [ [ 8.66256809869947, 44.21300917863173 ], [ 8.32506833838323, 43.8084564391072 ], [ 7.87506865716733, 43.5644004971176 ], [ 7.20006913534322, 43.23744835244091 ], [ 6.41256969261946, 42.90873242772037 ], [ 5.96257001140339, 42.90873242772037 ], [ 5.36354699825686, 43.2865077486307 ] ], [ [ 39.03754658077959, 20.93646800014906 ], [ 39.18275647850768, 21.481533475503 ] ], [ [ 24.9202225972494, 34.24218731646292 ], [ 24.90279096897315, 34.76016729562049 ], [ 24.7684, 35.07163 ] ], [ [ 35.52192407187547, 26.56251314923671 ], [ 35.21254929044368, 27.49780250920219 ], [ 35.22314928293446, 28.05096910114814 ] ], [ [ 37.34051417738748, 24.13808459944836 ], [ 37.80004745803156, 24.12261698700344 ], [ 38.10697724059967, 24.07064801041784 ] ], [ [ 44.55004267627159, 11.57037848436481 ], [ 43.65004331383962, 11.62059881636418 ], [ 43.14799366949638, 11.59486937144782 ] ], [ [ 54.00003598419185, 13.60149820227659 ], [ 54.11253590151572, 14.5835116451186 ], [ 54.17338394844855, 16.54803642952232 ], [ 54.14808587692784, 17.09582718672565 ] ], [ [ 32.65318110412008, 29.11361416298006 ], [ 33.0750508052635, 28.95155473219332 ], [ 33.53928797639455, 28.16105226222079 ], [ 34.53754976921547, 27.36466799386026 ], [ 35.52192407187547, 26.56251314923671 ], [ 36.33754849407959, 25.75470426341523 ], [ 37.35004777681367, 24.12261698700344 ], [ 38.5875469001596, 22.05298561667754 ], [ 39.03754658077959, 20.93646800014906 ], [ 39.37504634228764, 20.37504125346543 ], [ 41.73754466867157, 16.53419619825972 ], [ 42.46879415064765, 14.80115422479158 ], [ 42.97504379201551, 13.92930384327183 ], [ 43.22816861269962, 13.05415069529863 ], [ 43.3266060429656, 12.83486881784652 ], [ 43.41098098319364, 12.61539556739339 ], [ 43.87504315444765, 12.39573400002297 ], [ 44.55004267627159, 11.57037848436481 ], [ 45.45004203870374, 11.51526615803877 ], [ 48.60003980781179, 12.28583355626838 ], [ 52.65003693815965, 13.27323815754759 ], [ 54.00003598419185, 13.60149820227659 ], [ 55.35003502426394, 13.71081773817964 ], [ 58.95003247458789, 15.45276095932206 ], [ 60.97503103946396, 16.53419619825972 ], [ 66.60002705585578, 18.67864702215472 ], [ 70.20002450558383, 18.89166158430315 ], [ 72.87590151562159, 19.06618949020813 ] ], [ [ 29.67235321517045, 31.04764199787644 ], [ 29.98130299690349, 30.85311851188068 ], [ 30.3750527179676, 30.78065656729476 ], [ 31.05005223979153, 30.41752891425909 ], [ 31.72505176161546, 30.17468975849899 ], [ 32.17505144283154, 29.58908594077863 ], [ 32.65318110412008, 29.11361416298006 ] ], [ [ 29.67235321517045, 31.04764199787644 ], [ 29.98130299690349, 30.80481662242606 ], [ 30.3750527179676, 30.68395567543812 ], [ 31.05005223979153, 30.32046542476144 ], [ 31.72505176161546, 30.07738596207985 ], [ 32.17505144283154, 29.54020324258316 ], [ 32.65318110412008, 29.11361416298006 ] ], [ [ 8.48375822596588, 44.30574823054251 ], [ 8.66256809869947, 44.21300917863173 ], [ 9.22506770021947, 44.05151922873524 ], [ 9.56256746113144, 43.40114497315395 ], [ 9.67506738143537, 43.07331078300322 ], [ 9.9000672214475, 42.41235450073586 ], [ 10.4625668235634, 41.52013202089327 ], [ 11.47506610629948, 39.6983233549332 ], [ 11.70006594750324, 37.85673997565852 ], [ 12.26256554783162, 37.23235432155614 ], [ 13.0820926246068, 36.0250978352739 ], [ 14.49254443743946, 35.24657290391401 ], [ 16.51671558910878, 34.74883374222028 ], [ 19.24898112158607, 35.09735393311572 ], [ 22.0500586148756, 34.89090355336368 ], [ 23.51870991821909, 34.56509456203117 ], [ 25.28969610585192, 34.1568536124284 ], [ 27.90005447127938, 32.52821504536491 ], [ 29.67235321517045, 31.04764199787644 ] ] ] } },
{ "type": "Feature", "properties": { "id": "firmina", "name": "Firmina", "color": "#c52159", "feature_id": "firmina-0", "coordinates": [ -34.347349102592155, 1.4072573511900941 ] }, "geometry": { "type": "MultiLineString", "coordinates": [ [ [ -41.84989611720108, -27.95174728521976 ], [ -45.22489372632109, -25.13418654706134 ], [ -46.4124928850147, -24.00886839636483 ] ], [ [ -50.84988974152112, -35.95811819864919 ], [ -53.99988751003309, -35.40985639492525 ], [ -54.94999683756274, -34.96666536873363 ] ], [ [ -78.88266988343256, 33.69355790837514 ], [ -78.3790402402086, 33.18971466460047 ], [ -77.39987093386132, 32.36998992114339 ], [ -74.69987284596934, 30.90139608851551 ], [ -73.3498738023213, 30.32046542476144 ], [ -69.29987667137726, 28.35923352610856 ], [ -63.4498808155692, 25.75470426341523 ], [ -48.59989133544111, 16.53419619825972 ], [ -39.15211735364873, 8.15204668878514 ], [ -33.74990185531301, 0.56857885252619 ], [ -30.48740414473091, -3.8160842000324 ], [ -27.89990599950586, -9.29042430103552 ], [ -28.34973103461563, -13.6978202886325 ], [ -30.14972975947965, -18.0252841928967 ], [ -36.33740002230498, -24.41918455361521 ], [ -39.59989771171697, -25.94623071841455 ], [ -41.84989611720108, -27.95174728521976 ], [ -44.09989452328109, -32.61276000573574 ], [ -50.84988974152112, -35.95811819864919 ], [ -53.99988751003309, -36.68325067019043 ], [ -56.69544560047454, -36.47095527632105 ] ] ] } },
{ "type": "Feature", "properties": { "id": "firmina", "name": "Firmina", "color": "#939597", "feature_id": "firmina-1", "coordinates": [ -62.35831097114049, 20.923299995249636 ] }, "geometry": { "type": "MultiLineString", "coordinates": [ [ [ -55.60028874445781, 20.95228397575038 ], [ -62.1022767702246, 20.95714014405154 ], [ -66.14987890286528, 20.42216685544603 ], [ -68.18942823987531, 18.98804069344285 ], [ -68.43815728182744, 18.62137131610474 ] ] ] } },
{ "type": "Feature", "properties": { "id": "ionian", "name": "Ionian", "color": "#be432b", "feature_id": "ionian-0", "coordinates": [ 18.938710756916407, 38.981265934904222 ] }, "geometry": { "type": "MultiLineString", "coordinates": [ [ [ 17.12715210230862, 39.08066915816424 ], [ 17.77506164332343, 39.03151487972872 ], [ 19.80006020879559, 38.94407095870691 ], [ 20.75171953463112, 38.95926674743761 ] ] ] } },
{ "type": "Feature", "properties": { "id": "sape-labuan-bajo-ende-kupang", "name": "Sape-Labuan Bajo-Ende-Kupang", "color": "#2982bd", "feature_id": "sape-labuan-bajo-ende-kupang-0", "coordinates": [ 122.54750304427115, -9.6092224599483149 ] }, "geometry": { "type": "MultiLineString", "coordinates": [ [ [ 118.97619995148753, -8.50560159393899 ], [ 119.24998975753242, -8.1970491404712 ], [ 119.58748951844439, -8.14136996579534 ], [ 119.86873931920438, -8.1970491404712 ], [ 119.90755929170408, -8.47555457563657 ] ], [ [ 121.6427380624869, -8.84569446906206 ], [ 121.72498800422028, -9.06830600387441 ], [ 122.84998720726047, -9.80814728623784 ], [ 123.29998688907226, -9.90051402780968 ], [ 123.58338668830928, -10.18293973657086 ] ] ] } },
{ "type": "Feature", "properties": { "id": "kupang-alor-cable-systems", "name": "Kupang-Alor Cable Systems", "color": "#8fc73e", "feature_id": "kupang-alor-cable-systems-0", "coordinates": [ 123.6297513722392, -9.1009745599263141 ] }, "geometry": { "type": "MultiLineString", "coordinates": [ [ [ 123.58333668774885, -10.1833334353659 ], [ 123.46873676893243, -9.69727322779005 ], [ 123.52498672908439, -9.14236087700533 ], [ 124.08748633060439, -8.92015053805604 ], [ 124.19998625090851, -8.6978048522565 ], [ 124.40375610655605, -8.32065371592503 ] ] ] } },
{ "type": "Feature", "properties": { "id": "denpasar-waingapu-cable-systems", "name": "Denpasar-Waingapu Cable Systems", "color": "#73469b", "feature_id": "denpasar-waingapu-cable-systems-0", "coordinates": [ 116.69216573688443, -9.3644326112489598 ] }, "geometry": { "type": "MultiLineString", "coordinates": [ [ [ 118.0822205847911, -8.84114915636186 ], [ 118.0124906341883, -9.14236087700533 ], [ 117.67499087327633, -9.36443261124896 ], [ 117.22499119206026, -9.36443261124896 ], [ 116.54999167023632, -9.36443261124896 ], [ 116.09999198902025, -9.25341427292932 ], [ 115.64999230780437, -9.14236087700533 ], [ 115.42499246719633, -8.92015053805604 ], [ 115.26057258367304, -8.65709625541782 ] ], [ [ 115.64999230780437, -9.14236087700533 ], [ 115.70624226795633, -8.86457667788879 ], [ 115.87499214900831, -8.67927003806828 ], [ 116.07252200848033, -8.56142660744573 ] ], [ [ 118.0822205847911, -8.84114915636186 ], [ 118.23749047479633, -9.14236087700533 ], [ 118.68749015601242, -9.25341427292932 ], [ 119.24998975812831, -9.17938254587128 ], [ 120.03748919966027, -9.17938254587128 ], [ 120.26248904026849, -9.36443261124896 ], [ 120.25301904757286, -9.64576589016045 ] ] ] } },
{ "type": "Feature", "properties": { "id": "bifrost", "name": "Bifrost", "color": "#939597", "feature_id": "bifrost-0", "coordinates": [ -120.10638899403298, 33.373252119733046 ] }, "geometry": { "type": "MultiLineString", "coordinates": [ [ [ -122.84983873608158, 35.05222991093673 ], [ -121.9498393748416, 34.31215165223547 ], [ -120.59984033000157, 33.56549148235204 ], [ -117.44984256148977, 32.33831157801293 ], [ -117.06378442547147, 32.3575986746028 ] ] ] } },
{ "type": "Feature", "properties": { "id": "bifrost", "name": "Bifrost", "color": "#f5ae1a", "feature_id": "bifrost-1", "coordinates": [ -152.38305336538838, 37.36629963591011 ] }, "geometry": { "type": "MultiLineString", "coordinates": [ [ [ -123.97340935607642, 45.14659036063931 ], [ -125.09983714216159, 44.53466416326733 ], [ -129.5998339543217, 43.07331078300322 ], [ -138.59982757864191, 40.38732029077508 ], [ -151.19981865328589, 37.70855130533492 ], [ -163.79980972733406, 34.06399293012603 ], [ -172.79980979028863, 30.25570294203987 ], [ -179.99980039712295, 27.09791857521597 ] ], [ [ 109.34999677018433, -3.02999596800866 ], [ 107.99999772772827, -4.60145376483711 ], [ 107.5499980465122, -5.2739443636413 ], [ 106.82782855810404, -6.17187639081632 ] ], [ [ 126.44998465698852, 5.65935957241149 ], [ 126.2249848157844, 5.95781868108853 ], [ 125.61287587559997, 7.07998888316064 ] ], [ [ 124.19998625090851, 3.86564978248203 ], [ 124.64998593331639, 1.80578828012915 ], [ 124.83963579837059, 1.49077929609472 ] ], [ [ 179.99994672169302, 27.09791857521597 ], [ 173.69995118466889, 25.48419908687245 ], [ 160.19996074818866, 22.19194263077546 ], [ 151.19996712446451, 18.67864702215472 ], [ 145.79997094927663, 16.24638821747719 ], [ 144.67497174623662, 14.36565375922844 ], [ 144.5624718259325, 13.92930384327183 ], [ 144.77675167413477, 13.49003750452791 ] ], [ [ 144.5624718259325, 13.92930384327183 ], [ 143.99997222500841, 13.27323815754759 ], [ 137.24997700676838, 11.73565016140583 ], [ 133.19997987582445, 9.96791518697413 ], [ 129.59998242550049, 7.89349425294517 ], [ 126.44998465698852, 5.65935957241149 ], [ 124.19998625090851, 3.86564978248203 ], [ 120.59998880177636, 2.36791255870541 ], [ 119.24998975693651, 1.01853421661552 ], [ 119.02498991513632, 0.56857885252619 ], [ 118.31629235168833, -0.81055532474076 ], [ 117.85190631946367, -1.2904013961416 ], [ 117.73941082764067, -1.51533365197483 ], [ 117.48749100610306, -2.73037548526785 ], [ 116.58310164737706, -4.17999558215863 ], [ 114.67992114108486, -5.04985716736676 ], [ 112.04999485867221, -4.37714437553184 ], [ 110.02499629200844, -3.47926867897006 ], [ 109.34999677018433, -3.02999596800866 ], [ 106.31249892316808, -0.33140932966026 ], [ 105.63749940134416, 0.11858841888831 ], [ 104.84999995921611, 0.56857885252619 ], [ 104.17500043739219, 0.68507177822052 ], [ 103.89375063663218, 0.7935626526072 ], [ 103.89375063663218, 1.01853421661552 ], [ 103.64609081207688, 1.3385858520715 ] ], [ [ -120.62152181466479, 35.12094936772415 ], [ -122.84983873608158, 35.05222991093673 ], [ -129.5998339543217, 38.29952060596925 ], [ -138.59982757864191, 40.38732029077508 ] ] ] } },
{ "type": "Feature", "properties": { "id": "echo", "name": "Echo", "color": "#cd5628", "feature_id": "echo-0", "coordinates": [ 160.86188798844881, 21.518600435604728 ] }, "geometry": { "type": "MultiLineString", "coordinates": [ [ [ 179.99994672169302, 26.29386583975231 ], [ 173.69995118466889, 24.66904191412424 ], [ 160.19996074818866, 21.35616448233013 ], [ 151.19996712446451, 17.82393441253792 ], [ 145.79997094927663, 15.81388726061962 ], [ 143.88747230410857, 13.96569820381954 ], [ 144.22497206442463, 13.71081773817964 ], [ 144.69470173285575, 13.46477296237014 ] ] ] } },
{ "type": "Feature", "properties": { "id": "echo", "name": "Echo", "color": "#939597", "feature_id": "echo-1", "coordinates": [ 127.3711135694469, -4.6199873446591218 ] }, "geometry": { "type": "MultiLineString", "coordinates": [ [ [ 144.65753175859138, 13.38530551849808 ], [ 143.99997222500841, 13.3827080361257 ], [ 143.54997254319662, 13.41918696131003 ] ], [ [ 133.64997955704033, 7.74488905255145 ], [ 134.09997923706462, 7.52188323740651 ], [ 134.5609408257699, 7.53174623928952 ] ], [ [ 109.57499661138827, -3.02999596800866 ], [ 108.1124976480322, -4.60145376483711 ], [ 107.66249796681612, -5.2739443636413 ], [ 107.12099835041957, -5.98115426026328 ] ], [ [ 143.88747230410857, 13.96569820381954 ], [ 143.54997254319662, 13.41918696131003 ], [ 137.24997700676838, 9.52441134501949 ], [ 133.64997955704033, 7.74488905255145 ], [ 133.19997987582445, 7.29876275445952 ], [ 130.49998178793246, 3.86564978248203 ], [ 129.59998242550049, 1.61837219977318 ], [ 128.69998306306852, -1.98101519098468 ], [ 128.02498354124441, -2.88019558025141 ], [ 127.34998401942048, -4.67620802875107 ], [ 123.74998656969242, -6.46762759269069 ], [ 120.14998911996437, -6.46762759269069 ], [ 116.58310164737706, -4.85297487484091 ], [ 114.7499929459683, -4.82569249921742 ], [ 112.04999485867221, -4.15276774801364 ], [ 110.24999613321238, -3.47926867897006 ], [ 109.57499661138827, -3.02999596800866 ], [ 106.53749876377611, -0.33140932966026 ], [ 105.29999964043219, 0.90605018086909 ], [ 104.84999995921611, 1.1872527736941 ], [ 104.62500011860807, 1.25055714779723 ], [ 104.28790035741287, 1.29982615632916 ], [ 104.18975042694323, 1.31015097035863 ], [ 103.98701057056589, 1.38945139680023 ] ] ] } },
{ "type": "Feature", "properties": { "id": "echo", "name": "Echo", "color": "#ce5728", "feature_id": "echo-2", "coordinates": [ -152.8644210143957, 36.507218716598956 ] }, "geometry": { "type": "MultiLineString", "coordinates": [ [ [ -124.15955921950356, 40.80325310852113 ], [ -139.05018102509484, 39.00237890905839 ], [ -151.19981865328589, 36.99311991986188 ], [ -163.79980972733406, 33.31515395812905 ], [ -172.79980979028863, 29.47523619496653 ], [ -179.99980039712295, 26.29386583975231 ] ] ] } },
{ "type": "Feature", "properties": { "id": "jamaica-submarine-cable-festoon-system-jscfs", "name": "Jamaica Submarine Cable Festoon System (JSCFS)", "color": "#3e60ac", "feature_id": "jamaica-submarine-cable-festoon-system-jscfs-0", "coordinates": [ -77.848750841007259, 17.982107130467057 ] }, "geometry": { "type": "MultiLineString", "coordinates": [ [ [ -77.92138056441902, 18.46935759322733 ], [ -78.18737037598936, 18.5542645650491 ], [ -78.35612025644534, 18.44757882253212 ], [ -78.34826026201347, 18.27867143378014 ], [ -78.29987029629338, 18.07365872398147 ], [ -78.07487045568534, 17.9666772041247 ], [ -77.84837061613986, 18.02369455539464 ], [ -77.84987061507731, 17.8596308695378 ], [ -77.39987093326533, 17.71680217900864 ], [ -76.94987125204935, 17.77037632083602 ], [ -76.66665145328092, 17.94994418132339 ] ] ] } },
{ "type": "Feature", "properties": { "id": "kafos", "name": "KAFOS", "color": "#bc74b0", "feature_id": "kafos-0", "coordinates": [ 28.059768458575558, 41.878465750291376 ] }, "geometry": { "type": "MultiLineString", "coordinates": [ [ [ 28.98823370040312, 41.04061756347715 ], [ 29.02505367372348, 41.4358459502491 ], [ 28.35005415189955, 41.85617959436374 ], [ 27.98535441025626, 41.88417875345408 ], [ 28.23755423159562, 42.19047067556428 ], [ 28.23755423159562, 42.85377505385472 ], [ 28.35005415189955, 43.18278481586101 ] ], [ [ 27.91285446161598, 43.20837344983071 ], [ 28.35005415189955, 43.18278481586101 ], [ 28.80005383311562, 43.42838486264783 ], [ 28.80005383311562, 43.67299239292199 ], [ 28.5827539870529, 43.81718785722384 ] ] ] } },
{ "type": "Feature", "properties": { "id": "jakarta-bangka-batam-singapore-b2js", "name": "Jakarta-Bangka-Batam-Singapore (B2JS)", "color": "#31b34a", "feature_id": "jakarta-bangka-batam-singapore-b2js-0", "coordinates": [ 105.8468008350727, -1.8862984076575924 ] }, "geometry": { "type": "MultiLineString", "coordinates": [ [ [ 106.82782855810404, -6.17187639081632 ], [ 106.4249988434722, -5.2739443636413 ], [ 106.64999868408005, -4.60145376483711 ], [ 106.76249860378826, -3.47926867897006 ], [ 106.54745875672049, -3.07992487467799 ], [ 106.31249892257236, -2.58053670498413 ], [ 105.86249924135629, -1.90605839438477 ], [ 105.5827094401579, -1.55387979369163 ], [ 105.52499948104004, -1.23131575021741 ], [ 105.18749972012807, 0.11858841888831 ], [ 104.84999995921611, 0.34558624730237 ], [ 104.17500043739219, 0.45608344784057 ], [ 103.72500075617612, 0.7935626526072 ], [ 103.72500075617612, 1.01853421661552 ], [ 103.87813064769749, 1.13472359862661 ], [ 104.0166370000003, 1.06679800000035 ], [ 103.92187561670808, 1.18537817691577 ], [ 103.94648059927786, 1.327258925921 ] ] ] } },
{ "type": "Feature", "properties": { "id": "maroc-telecom-west-africa", "name": "Maroc Telecom West Africa", "color": "#b27032", "feature_id": "maroc-telecom-west-africa-0", "coordinates": [ -16.688941483872568, 8.7253167944752601 ] }, "geometry": { "type": "MultiLineString", "coordinates": [ [ [ -16.19991428848483, 23.84852318648794 ], [ -16.08741436818081, 23.74558798310365 ], [ -15.9344244765603, 23.72108197755363 ] ], [ [ -3.71242313414468, 3.26681481681567 ], [ -4.02624291183188, 5.32350879182484 ] ], [ [ 1.35007327893944, 4.16491284997694 ], [ 1.35007327953534, 5.06198695441611 ], [ 1.22780336615254, 6.12630729721873 ] ], [ [ 2.25007264196731, 4.0527020972683 ], [ 2.25007264196731, 5.06198695441611 ], [ 2.4401125073412, 6.35667333545826 ] ], [ [ -7.63192035813202, 33.60539511325584 ], [ -8.99991938902873, 33.31515395812905 ], [ -12.1499171569448, 30.12604984672283 ], [ -13.02283218857351, 28.16105226222079 ], [ -14.39991556302481, 26.9643047345629 ], [ -16.19991428848483, 23.84852318648794 ], [ -16.64991396910482, 22.88465411388244 ], [ -17.99991301275286, 19.95262290516439 ], [ -17.99991301334885, 16.53419619825972 ], [ -17.99991301275286, 11.73565016140583 ], [ -16.64991396910482, 8.63569941732747 ], [ -15.29991492664876, 7.74488905255145 ], [ -14.39991556421679, 6.85219109875433 ], [ -12.1499171569448, 5.06198695441611 ], [ -10.79991811329676, 3.71597811929807 ], [ -6.29992130173273, 3.71597811929807 ], [ -3.71242313414468, 3.26681481681567 ], [ -0.89992512654467, 3.279837005485 ], [ 1.35007327893944, 4.16491284997694 ], [ 2.25007264196731, 4.0527020972683 ], [ 5.40007041047929, 1.9182287802156 ], [ 7.20006913534322, 0.7935626526072 ], [ 8.55006817899126, 0.56857885252619 ], [ 9.45426753844821, 0.39446519185548 ] ] ] } },
{ "type": "Feature", "properties": { "id": "africa-1", "name": "Africa-1", "color": "#939597", "feature_id": "africa-1-0", "coordinates": [ 48.51132784674715, 11.824040700245183 ] }, "geometry": { "type": "MultiLineString", "coordinates": [ [ [ 42.95452380595619, 14.79780901024102 ], [ 42.75004395140765, 14.63794258949612 ], [ 41.79379462882354, 14.80115422479158 ] ], [ [ 7.42506897535536, 37.94551049545967 ], [ 5.62507025049142, 37.35168786972502 ], [ 5.05568065385224, 36.75152814511764 ] ], [ [ 33.08276564295245, 28.36593633386358 ], [ 32.7320868096055, 28.91576488954453 ], [ 32.27205088751434, 29.03186417191496 ], [ 31.69565233922443, 28.93293489562601 ], [ 31.02792358673469, 29.1588987021242 ], [ 30.25379870692613, 29.58896461979337 ], [ 29.80260641382583, 30.14927191491723 ], [ 29.67235321517045, 31.04764199787644 ] ], [ [ 35.69654894757382, 27.35401030043886 ], [ 35.10004937013957, 27.09791857521597 ], [ 34.59379972936762, 26.56251314923671 ] ], [ [ 56.33993432360578, 25.0514826710929 ], [ 56.92503390911573, 24.71163150633119 ], [ 58.50003279396771, 24.04558710925592 ], [ 59.85003183701986, 23.40188413185254 ], [ 60.97503104005986, 22.46944396482952 ], [ 60.97503104005986, 16.7497713156447 ] ], [ [ 32.28445136473581, 31.25927814644905 ], [ 32.11880148208368, 31.51079843004906 ], [ 31.27505207980367, 31.79808736758526 ], [ 27.90005447068348, 31.95730791100496 ], [ 25.20005638338757, 32.7177179367584 ], [ 22.0500586148756, 33.45605770170512 ], [ 19.35006052757951, 33.37780603565933 ], [ 16.65006244028343, 33.00121852265448 ], [ 14.40006403420342, 33.84625607000385 ], [ 12.15006562813032, 35.41978051708035 ], [ 11.92506578751538, 35.78566189952622 ], [ 11.70006594690734, 36.24065523321488 ], [ 11.36256618480339, 37.23235432155614 ], [ 10.34861722917338, 37.58978657360306 ], [ 9.00006785901554, 37.58978657360306 ], [ 7.42506897535536, 37.94551049545967 ], [ 6.75006945353143, 38.65181171271134 ], [ 5.73757017079535, 41.74435878948223 ], [ 5.37253042939299, 43.29362778902908 ] ], [ [ 39.6728961306921, -4.05292436476305 ], [ 42.30004427019158, -3.25465736479768 ], [ 45.22504219809552, -1.0063589512248 ], [ 47.70004044418784, 1.46842676733197 ], [ 50.85003821329572, 5.51007171180325 ], [ 53.55003630059162, 9.52441134501949 ], [ 54.67503550363163, 12.61539556739339 ], [ 54.00003598419185, 13.16371891791359 ], [ 52.65003693756375, 12.83486881784652 ], [ 48.60003980721571, 11.84577637362577 ], [ 45.45004203810783, 11.07398278122661 ], [ 44.55004267567568, 11.12918015324408 ], [ 43.50941841286372, 12.39573400002297 ], [ 43.25629359217961, 12.61539556739339 ], [ 43.17191865195175, 12.83486881784652 ], [ 42.89066885178765, 13.05415069529863 ], [ 42.30004427019158, 13.92930384327183 ], [ 41.79379462882354, 14.80115422479158 ], [ 40.50004554532983, 16.53419619825972 ], [ 39.48754626259156, 18.25181631902822 ], [ 38.13754721894352, 20.37504125346543 ], [ 37.35004777681549, 22.05298561667754 ], [ 36.11254865347155, 24.12261698700344 ], [ 35.10004937073548, 25.75470426341523 ], [ 34.59379972877172, 26.56251314923671 ], [ 33.91880020694761, 27.36466799386026 ], [ 33.38487558519097, 28.16105226222079 ], [ 33.08276564295245, 28.36593633386358 ], [ 32.76239392030568, 28.93536066591549 ], [ 32.26376314640125, 29.08168448369012 ], [ 31.69390303932957, 29.01833169208537 ], [ 31.05155899327715, 29.2386547733525 ], [ 30.30575355209284, 29.6569927221975 ], [ 29.89415267619451, 30.19228980404452 ], [ 29.67235321517045, 31.04764199787644 ] ], [ [ 44.55004267567568, 11.12918015324408 ], [ 43.65004331324372, 11.48946170930054 ], [ 43.1479936689003, 11.59486937144782 ] ], [ [ 45.45004203810783, 11.07398278122661 ], [ 45.23580218987713, 10.70544188325443 ], [ 45.01088234921274, 10.43511874899288 ] ], [ [ 54.00003598359576, 13.16371891791359 ], [ 55.35003502485984, 13.92930384327183 ], [ 58.95003247518379, 15.66951322515525 ], [ 60.97503104005986, 16.7497713156447 ], [ 65.70002769282792, 20.37504125346543 ], [ 66.26252729434792, 23.2985980658759 ], [ 67.02854675169264, 24.88973170123582 ] ] ] } },
{ "type": "Feature", "properties": { "id": "natitua-sud", "name": "Natitua Sud", "color": "#56c5cd", "feature_id": "natitua-sud-0", "coordinates": [ -148.94982024720599, -20.460174471434488 ] }, "geometry": { "type": "MultiLineString", "coordinates": [ [ [ -149.17482008781394, -22.42353053825288 ], [ -150.74981897207002, -22.42353053825288 ], [ -151.34291855191262, -22.45125943200214 ] ], [ [ -149.4859198674279, -23.34692100073201 ], [ -149.17482008781394, -22.42353053825288 ], [ -148.94982024720599, -20.85502445095989 ], [ -148.94982024720599, -18.09773041362584 ], [ -149.06232016750991, -17.77663542458723 ], [ -149.30812077403641, -17.72334221980437 ] ] ] } },
{ "type": "Feature", "properties": { "id": "cogim", "name": "COGIM", "color": "#2da348", "feature_id": "cogim-0", "coordinates": [ -63.098710670710354, 47.999570815181464 ] }, "geometry": { "type": "MultiLineString", "coordinates": [ [ [ -64.30898020757121, 48.47179524319343 ], [ -63.89988049738118, 48.35656994073399 ], [ -62.54988145373323, 47.75501398838149 ], [ -61.95568187466976, 47.38257962126941 ] ], [ [ -64.30898020757121, 48.47179524319343 ], [ -63.89988049738118, 48.20683973227639 ], [ -62.54988145373323, 47.60352623014696 ], [ -61.95568187466976, 47.38257962126941 ] ] ] } },
{ "type": "Feature", "properties": { "id": "au-aleutian", "name": "AU-Aleutian", "color": "#939597", "feature_id": "au-aleutian-0", "coordinates": [ -163.1289861938159, 54.788223499130901 ] }, "geometry": { "type": "MultiLineString", "coordinates": [ [ [ -152.887317457846, 57.93214153471666 ], [ -152.88193814671197, 57.86944326210168 ] ], [ [ -162.89981036490201, 54.62453363273441 ], [ -163.01231028520604, 54.75458482702214 ], [ -163.23731012581416, 54.81945422425174 ], [ -163.41500999992982, 54.85095757670635 ] ], [ [ -158.84981323395809, 55.58979765418965 ], [ -158.96231315426201, 55.7800604287217 ], [ -159.14481302497742, 55.91748576408025 ] ], [ [ -158.77211328900137, 56.25498350864942 ], [ -158.62481339335005, 56.28291483663352 ], [ -158.50721347665893, 56.32136337173197 ], [ -158.40881354636639, 56.29451450143274 ] ], [ [ -162.30441078668872, 55.04920181729871 ], [ -162.44981068368602, 55.01343862290656 ] ], [ [ -162.44981068368602, 55.01343862290656 ], [ -162.56231060399006, 55.07789244004115 ], [ -162.70401050360857, 55.20414950086254 ] ] ] } },
{ "type": "Feature", "properties": { "id": "au-aleutian", "name": "AU-Aleutian", "color": "#2d56a6", "feature_id": "au-aleutian-1", "coordinates": [ -159.80395885589576, 55.390914869446881 ] }, "geometry": { "type": "MultiLineString", "coordinates": [ [ [ -152.54981769693393, 57.9022645808777 ], [ -152.50173842565371, 57.92520170162098 ] ], [ [ -165.93730821311007, 54.36317932422044 ], [ -165.82480829280604, 54.29757945174354 ], [ -165.77305051697178, 54.13563909483602 ] ], [ [ -166.53325505656073, 53.88451469083277 ], [ -166.49980781463006, 54.03413235288807 ], [ -166.27480797402211, 54.29757945174354 ], [ -165.93730821311007, 54.36317932422044 ], [ -165.59980845219809, 54.42867459701121 ], [ -165.14980877098202, 54.29757945174354 ], [ -164.24980940855005, 54.29757945174354 ], [ -163.34981004611808, 54.42867459701121 ], [ -162.89981036490201, 54.62453363273441 ], [ -162.56231060399006, 54.81945422425174 ], [ -162.44981068368602, 54.98117280667415 ], [ -162.30441078668872, 55.04920181729871 ] ], [ [ -153.98601667951715, 57.5373186474279 ], [ -153.96856734948312, 57.66903988014617 ], [ -154.34981642179795, 57.75250737948315 ], [ -154.79981610301394, 57.69243021067551 ], [ -155.47481562483796, 57.32986760241196 ], [ -156.82481466848603, 56.46979987684146 ], [ -157.49981419031005, 56.40760669952748 ], [ -157.949813871526, 56.41452207827388 ], [ -158.40881354636639, 56.29451450143274 ] ], [ [ -158.40881354636639, 56.29451450143274 ], [ -158.17481371213407, 56.34531171708674 ], [ -158.04981380068514, 56.27944535366361 ], [ -157.95606442397002, 56.0672110054515 ], [ -158.39981355274199, 55.71674234179641 ], [ -158.84981323395809, 55.58979765418965 ], [ -159.29981291517407, 55.46244102274402 ], [ -159.74981259639003, 55.39860800738421 ], [ -160.19981227760601, 55.33467174196283 ], [ -160.4963120675628, 55.34155340050567 ], [ -160.649811958822, 55.43053741585332 ], [ -160.87481179943003, 55.39860800738421 ], [ -161.0998116400381, 55.33467174196283 ], [ -161.32481148064602, 55.3026648631947 ], [ -161.54981132125405, 55.3026648631947 ], [ -161.774811161862, 55.23857355917981 ], [ -161.99981100247004, 55.07789244004115 ], [ -162.11231092277407, 55.01343862290656 ], [ -162.30441078668872, 55.04920181729871 ] ], [ [ -152.39511780652481, 57.79442233367651 ], [ -152.38106851418576, 57.87236288409638 ], [ -152.54981769693393, 57.9022645808777 ], [ -152.887317457846, 57.93214153471666 ], [ -152.99981737815003, 57.9619936426085 ], [ -153.16856793641989, 57.99182080194843 ], [ -153.44981705936601, 58.02162314067974 ], [ -153.899816740582, 57.99182080194843 ], [ -154.12481658119003, 57.81248509700269 ], [ -153.91231673172686, 57.66903988014617 ], [ -153.98601667951715, 57.5373186474279 ] ] ] } },
{ "type": "Feature", "properties": { "id": "sealink", "name": "SEALink", "color": "#b08c34", "feature_id": "sealink-0", "coordinates": [ -133.57288556552211, 57.167860042796342 ] }, "geometry": { "type": "MultiLineString", "coordinates": [ [ [ -132.82953166696961, 56.01522795549929 ], [ -132.9112827986132, 56.12703903462036 ], [ -132.89728280888457, 56.19050811225174 ], [ -132.7297129312297, 56.26414244600623 ], [ -132.68226177043357, 56.29090165693316 ], [ -132.64808299171534, 56.35047071868664 ], [ -132.64808299171534, 56.38164333600665 ], [ -132.64808299171534, 56.47504144368907 ], [ -132.64813299025769, 56.53717947317273 ], [ -132.70453414081942, 56.5991056130363 ], [ -132.78895907958972, 56.66104033500309 ], [ -132.83120037858563, 56.72276371639821 ], [ -132.96985275504599, 56.80779122608303 ], [ -132.84488284732893, 56.91336556277725 ], [ -132.95198276875277, 57.02097743143672 ], [ -133.23294256202445, 57.08174586726199 ], [ -133.51633117983843, 57.12497316683114 ], [ -133.573282312923, 57.16816090817339 ], [ -133.60188111983013, 57.22966820564022 ], [ -133.57424231079764, 57.31396150003885 ], [ -133.60852228564744, 57.37303699157905 ], [ -133.63518109624007, 57.55877147097961 ], [ -133.74631218455488, 57.70789417107802 ], [ -133.76848216971041, 57.82371236991844 ], [ -133.93518088371746, 57.98640326883048 ], [ -134.06858194953577, 58.10124945897577 ], [ -134.19278185841375, 58.16513091439575 ], [ -134.29583062763373, 58.2074722872719 ], [ -134.57990043354189, 58.24259543893794 ], [ -134.65548037809106, 58.29167268564768 ], [ -134.78693028165, 58.41219086765235 ], [ -134.78291914433501, 58.4981259553756 ], [ -134.74729145098979, 58.55104926823191 ] ] ] } },
{ "type": "Feature", "properties": { "id": "colombian-festoon", "name": "Colombian Festoon", "color": "#34b44a", "feature_id": "colombian-festoon-0", "coordinates": [ -75.572066881936934, 10.345771350329175 ] }, "geometry": { "type": "MultiLineString", "coordinates": [ [ [ -74.20529311880517, 11.24193804215387 ], [ -74.36237308565327, 11.33148066218366 ], [ -74.47487300595729, 11.22115250713828 ], [ -74.61193345573741, 11.0121608716288 ] ], [ [ -74.95280235488768, 11.00516315415223 ], [ -75.14987252778131, 11.07398278122661 ], [ -75.26237244808533, 10.96355685778932 ], [ -75.50573165009133, 10.38679144872171 ], [ -75.82487204960533, 10.18944276650763 ], [ -75.82487205020132, 9.8940390276188 ], [ -75.55866223759485, 9.49638197998378 ] ] ] } },
{ "type": "Feature", "properties": { "id": "iris", "name": "IRIS", "color": "#94479b", "feature_id": "iris-0", "coordinates": [ -14.888230240416295, 59.702718729913649 ] }, "geometry": { "type": "MultiLineString", "coordinates": [ [ [ -9.04831935474179, 53.27388633164323 ], [ -9.89991875146078, 53.05365242709034 ], [ -10.79991811389275, 53.25603519350496 ], [ -11.24991779510873, 53.52439675040044 ], [ -12.59991683816078, 54.94878902385559 ], [ -12.59991683875678, 55.67438282806264 ], [ -12.37491699814874, 56.4282604688234 ], [ -12.59991683875678, 58.83627867169679 ], [ -13.94991588240473, 59.52787100202234 ], [ -21.14991078186083, 60.8695351663294 ], [ -21.82491030368485, 62.15710017959811 ], [ -22.72490966611691, 62.98618902459575 ], [ -22.27490998490083, 63.4927196825823 ], [ -21.37812062019483, 63.85625749318208 ] ] ] } },
{ "type": "Feature", "properties": { "id": "amitie", "name": "Amitie", "color": "#4bb748", "feature_id": "amitie-0", "coordinates": [ -35.611006018074498, 47.229908495775788 ] }, "geometry": { "type": "MultiLineString", "coordinates": [ [ [ -10.79991811329676, 49.44120372312804 ], [ -7.19992066356871, 50.88245364291024 ], [ -5.39992193870468, 51.02419288763878 ], [ -4.54440254476274, 50.82820142743812 ] ], [ [ -70.95027550281526, 42.46364601310954 ], [ -69.29987667137726, 42.41235450073586 ], [ -61.19988240948919, 41.74435878948223 ], [ -50.39989006030513, 43.5644004971176 ], [ -39.99999508453427, 46.17414676370763 ], [ -23.39990918734485, 50.16726116292715 ], [ -16.19991428788883, 50.16726116292715 ], [ -10.79991811329676, 49.44120372312804 ], [ -5.84992162051666, 46.99317357497891 ], [ -3.14992353322067, 45.1197757996118 ], [ -1.21182490618788, 44.89381187034425 ] ] ] } },
{ "type": "Feature", "properties": { "id": "gulf-of-mexico-fiber-optic-network", "name": "Gulf of Mexico Fiber Optic Network", "color": "#b09330", "feature_id": "gulf-of-mexico-fiber-optic-network-0", "coordinates": [ -91.16801373144628, 28.055198789470996 ] }, "geometry": { "type": "MultiLineString", "coordinates": [ [ [ -95.34435822181815, 28.94954214664031 ], [ -94.04985913885344, 28.0949100596577 ], [ -91.79986073277352, 27.89623898952869 ], [ -88.64986296426146, 28.68871408880043 ], [ -88.19986328304547, 29.47523619496653 ], [ -88.55616303063934, 30.36577371017556 ] ] ] } },
{ "type": "Feature", "properties": { "id": "havsil", "name": "Havsil", "color": "#2b2f83", "feature_id": "havsil-0", "coordinates": [ 8.4018901785708167, 57.661627943336377 ] }, "geometry": { "type": "MultiLineString", "coordinates": [ [ [ 8.61616813156966, 57.1116502612406 ], [ 8.66256809869947, 57.28927362171987 ], [ 8.21256841629141, 57.9320565869514 ], [ 7.99625857131523, 58.15106571642484 ] ] ] } },
{ "type": "Feature", "properties": { "id": "grace-hopper", "name": "Grace Hopper", "color": "#28b08c", "feature_id": "grace-hopper-0", "coordinates": [ -38.342932720687728, 42.071471470194389 ] }, "geometry": { "type": "MultiLineString", "coordinates": [ [ [ -16.19991428788883, 46.27218285381365 ], [ -9.8999187508647, 46.89076287862233 ], [ -5.84992161992076, 45.96024524125342 ], [ -4.27492273626067, 44.69482908957816 ], [ -2.94919367482356, 43.27422025200065 ] ], [ [ -72.93786409419282, 40.75584308487114 ], [ -71.09987539624129, 39.78482855593699 ], [ -68.39987730894529, 39.52498733351167 ], [ -61.19988240948919, 38.65181171271134 ], [ -50.39989006030513, 39.00237890905839 ], [ -39.59989771112098, 41.74435878948223 ], [ -23.39990918734485, 45.96024524125342 ], [ -16.19991428788883, 46.27218285381365 ], [ -10.79991811329676, 49.29468421942562 ], [ -8.09992002600077, 49.73293362369082 ], [ -4.54440254476274, 50.82820142743812 ] ] ] } },
{ "type": "Feature", "properties": { "id": "asia-direct-cable-adc", "name": "Asia Direct Cable (ADC)", "color": "#ed1b2c", "feature_id": "asia-direct-cable-adc-0", "coordinates": [ 120.88988111749366, 20.058334551396229 ] }, "geometry": { "type": "MultiLineString", "coordinates": [ [ [ 114.29999326356042, 14.80115422479158 ], [ 116.99999135204831, 13.71081773817964 ], [ 118.79999007691224, 13.49212817646408 ], [ 120.14998912056028, 13.49212817646408 ], [ 121.06600847164388, 13.76241833790443 ] ], [ [ 116.99999135204831, 19.31687611162871 ], [ 117.22499119206026, 19.95262290516439 ], [ 117.22499119206026, 20.79630610510887 ], [ 116.99999135204831, 22.46944396482952 ], [ 116.67753158048176, 23.35500681127355 ] ], [ [ 115.19999262718419, 18.25181631902822 ], [ 114.52499310536027, 20.79630610510887 ], [ 114.20292333351767, 22.22205041973683 ] ], [ [ 113.17499406171221, 12.61539556739339 ], [ 112.94999422110418, 12.83486881784652 ], [ 111.59999517745614, 13.49212817646408 ], [ 110.02499629320025, 13.82008640969806 ], [ 109.21959686375268, 13.78291044143207 ] ], [ [ 107.99999772772827, 5.39808113046365 ], [ 105.29999964043219, 6.40520079535603 ], [ 103.27500107496003, 7.74488905255145 ], [ 100.80000282767627, 9.52441134501949 ], [ 100.12500330585216, 11.29470931956548 ], [ 100.23750322675217, 12.17588718550798 ], [ 100.57500298647233, 12.83486881784652 ], [ 100.93057273577533, 13.17437121166224 ] ], [ [ 139.97546699999984, 35.00543300000017 ], [ 140.1749749340766, 34.89859296336222 ], [ 140.34372481453249, 34.69072647741027 ], [ 140.51247469558447, 34.40502275071594 ], [ 140.84997445649643, 33.93964008831966 ], [ 140.84997445649643, 32.43331330641721 ], [ 140.39997477528055, 30.90139608851551 ], [ 138.82497589102445, 28.16105226222079 ], [ 137.24997700676838, 26.56251314923671 ], [ 132.74998019460836, 23.50508968095737 ], [ 130.94998146974444, 22.67720619658292 ], [ 125.99998497636834, 21.11148598348881 ], [ 122.84998720785636, 20.26954403592959 ], [ 121.04998848299225, 20.05833455139623 ], [ 120.14998912056028, 20.05833455139623 ], [ 116.99999135204831, 19.31687611162871 ], [ 115.19999262718419, 18.25181631902822 ], [ 114.29999326356042, 14.80115422479158 ], [ 113.17499406171221, 12.61539556739339 ], [ 112.16249477897614, 9.96791518697413 ], [ 110.92499565563222, 7.74488905255145 ], [ 107.99999772772827, 5.39808113046365 ], [ 105.74999932164808, 4.38928592605099 ], [ 104.68125007876004, 2.81745044265417 ], [ 104.3161753373827, 1.46842676733197 ], [ 104.20615041532531, 1.34189494420638 ], [ 103.91973061822782, 1.22844358921186 ], [ 103.64609081207688, 1.3385858520715 ] ] ] } },
{ "type": "Feature", "properties": { "id": "eaufon-3", "name": "EAUFON 3", "color": "#939597", "feature_id": "eaufon-3-0", "coordinates": [ -68.975037620051282, 60.340351862264392 ] }, "geometry": { "type": "MultiLineString", "coordinates": [ [ [ -69.29987667197325, 61.30465853191158 ], [ -69.6373764328853, 61.14218811914619 ], [ -69.65026704875343, 61.03999773543458 ] ], [ [ -69.07487683136522, 60.09357022592305 ], [ -69.52487651258129, 60.00932660007923 ], [ -69.86237627349325, 60.00932660007923 ], [ -70.02623500000018, 60.023415 ] ], [ [ -69.03737685793054, 59.51719275174019 ], [ -69.48737653914662, 59.40286331928215 ], [ -69.59748899999985, 59.30574 ] ], [ [ -68.39987730954128, 59.29889402722166 ], [ -69.07487683136522, 58.95251729542412 ], [ -69.41237659227727, 58.89444683796138 ], [ -69.52487651258129, 58.80715791514554 ], [ -69.6373764328853, 58.77801269228043 ], [ -69.93739622034846, 58.697407 ] ], [ [ -67.94987762832521, 58.95251729542412 ], [ -68.17487746893325, 58.54396856415458 ], [ -68.17487746893325, 58.42635692511553 ], [ -68.28737738923726, 58.24920018303555 ], [ -68.41883729610984, 58.102996 ] ], [ [ -71.95388901309511, 61.59626 ], [ -71.99987475926925, 61.62709041825654 ], [ -71.99987475926925, 61.73382762714022 ], [ -71.7748749186613, 61.78705797378999 ], [ -71.32487523744531, 61.73382762714022 ], [ -70.64987571562129, 61.51998376783514 ], [ -69.29987667197325, 61.30465853191158 ], [ -68.84987699075727, 61.08784471959974 ], [ -68.84987699075727, 60.64972274466829 ], [ -69.07487683136522, 60.09357022592305 ], [ -69.03737685793054, 59.51719275174019 ], [ -68.39987730954128, 59.29889402722166 ], [ -67.94987762832521, 58.95251729542412 ], [ -66.59987858467726, 59.06836550247494 ], [ -66.14987890346119, 58.95251729542412 ], [ -65.99511901309455, 58.710155 ] ] ] } },
{ "type": "Feature", "properties": { "id": "eaufon-2", "name": "EAUFON 2", "color": "#c11a7d", "feature_id": "eaufon-2-0", "coordinates": [ -78.537817121082895, 62.763221670391722 ] }, "geometry": { "type": "MultiLineString", "coordinates": [ [ [ -78.74986997750936, 62.47071999993706 ], [ -78.29987029629338, 62.47071999993706 ], [ -77.94346054877738, 62.41502369498159 ] ], [ [ -78.97486981811731, 61.08784471959974 ], [ -78.52487013690133, 60.97887735694231 ], [ -78.14424040654293, 60.81768303986588 ] ], [ [ -75.64685217571621, 62.2012833728858 ], [ -75.48733080434768, 62.39551416272755 ], [ -74.81233128252366, 62.34334021969972 ], [ -74.6308190654326, 62.11332960460878 ] ], [ [ -78.52487013690133, 59.75530323694979 ], [ -78.97486981811731, 60.64972274466829 ], [ -78.97486981811731, 61.08784471959974 ], [ -78.74986997750936, 61.51998376783514 ], [ -78.74986997750936, 62.47071999993706 ], [ -78.52487013690133, 62.78108049372607 ], [ -77.39987093386132, 62.98618902459575 ], [ -76.04987189021328, 62.78108049372607 ], [ -75.64685217571621, 62.2012833728858 ] ] ] } },
{ "type": "Feature", "properties": { "id": "eaufon-1", "name": "EAUFON 1", "color": "#5b6cb3", "feature_id": "eaufon-1-0", "coordinates": [ -77.22173960190058, 56.731241450467742 ] }, "geometry": { "type": "MultiLineString", "coordinates": [ [ [ -78.29987029629338, 55.67438282806264 ], [ -78.07487045568534, 55.41980621446019 ], [ -77.76378669168498, 55.27457419138992 ] ], [ [ -78.74986997750936, 58.13060164022799 ], [ -78.29987029629338, 58.36740335134618 ], [ -78.10507043429136, 58.45513258522406 ] ], [ [ -77.17487109325337, 56.55247760361361 ], [ -76.7248714120373, 56.55247760361325 ], [ -76.54713716294596, 56.55156255991272 ] ], [ [ -77.26920696392492, 60.03711467356478 ], [ -78.52487013690133, 59.75530323694979 ], [ -79.19986965872535, 59.06836550247494 ], [ -79.19986965872535, 58.6026268350673 ], [ -78.74986997750936, 58.13060164022799 ], [ -77.39987093386132, 57.41066230395049 ], [ -77.17487109325337, 56.55247760361361 ], [ -77.39987093386132, 56.1786041668994 ], [ -77.84987061507731, 55.92731356432176 ], [ -78.29987029629338, 55.67438282806264 ], [ -79.19986965872535, 55.41980621446019 ], [ -80.09986902115732, 54.90569284432047 ], [ -80.09986902115732, 54.3849293997443 ], [ -79.64986933994133, 53.85747344030472 ], [ -78.89347339140434, 53.77361440535734 ] ] ] } },
{ "type": "Feature", "properties": { "id": "2africa", "name": "2Africa", "color": "#939597", "feature_id": "2africa-0", "coordinates": [ 60.525031359439865, 18.277684207603631 ] }, "geometry": { "type": "MultiLineString", "coordinates": [ [ [ 55.35003502545574, 26.26024097157782 ], [ 54.90003534423966, 25.75470426341523 ], [ 54.45003566183197, 24.83931282559271 ], [ 54.41907568495613, 24.44396457262543 ] ], [ [ 60.52503135943986, 16.10232559580297 ], [ 60.97503103886788, 16.31838002635953 ], [ 66.60002705585578, 18.25181631902822 ], [ 70.20002450558383, 18.785187974742 ], [ 72.87590260996693, 19.07607425728523 ] ], [ [ 60.52503135943986, 22.46944396482952 ], [ 65.25002801161183, 24.25944448578478 ], [ 67.02854675228855, 24.88973170123582 ] ], [ [ 58.50003279396771, 23.89138876125301 ], [ 58.16253303305574, 23.86567111926249 ], [ 57.88605322832058, 23.67872342575357 ] ], [ [ 57.03753383001575, 25.34871742211671 ], [ 57.38011358673322, 24.42084684447328 ], [ 57.71253335183967, 24.12261698700344 ], [ 58.50003279396771, 23.89138876125301 ], [ 59.85003183761575, 23.19523175611711 ], [ 60.52503135943986, 22.46944396482952 ], [ 60.52503135943986, 19.10440547593045 ], [ 60.52503135943986, 16.10232559580297 ], [ 58.95003247399199, 15.23578178303578 ], [ 55.35003502366785, 13.49212817646408 ], [ 54.90003534423966, 12.61539556739339 ] ], [ [ 51.30003789451161, 26.9643047345629 ], [ 50.96253813359964, 26.56251314923671 ], [ 50.57601840741415, 26.22949483839126 ] ], [ [ 52.20003725694376, 26.56251314923671 ], [ 51.86253749603161, 26.05828756029904 ], [ 51.51927773920008, 25.29460875802463 ] ], [ [ 50.62503837268768, 27.36466799386026 ], [ 50.28753861177572, 26.9643047345629 ], [ 50.21419866373056, 26.28537535931817 ] ], [ [ 49.16253940873571, 28.75448641587171 ], [ 47.97484025011305, 29.37410420420039 ] ], [ [ 48.5317798555716, 29.92363278689715 ], [ 49.16253940873571, 28.75448641587171 ], [ 50.17503869147161, 28.06182365971013 ], [ 50.62503837268768, 27.36466799386026 ], [ 51.30003789451161, 26.9643047345629 ], [ 52.20003725694376, 26.56251314923671 ], [ 53.55003630059162, 26.26024097157782 ], [ 55.35003502545574, 26.26024097157782 ], [ 55.80003470667163, 26.36108632539156 ], [ 56.2500343878877, 26.71335144773289 ], [ 56.86878394955967, 26.56251314923671 ], [ 57.03753383001575, 26.1593079707739 ], [ 57.03753383001575, 25.34871742211671 ], [ 56.33993432360578, 25.0514826710929 ] ], [ [ 38.25004713924763, 20.37504125346543 ], [ 37.58923757400337, 19.9190434481513 ], [ 37.21967786917097, 19.61556659454616 ] ], [ [ 44.55004267627159, 11.23954347159687 ], [ 43.65004331383962, 11.45511199738794 ], [ 43.14799366949638, 11.59486937144782 ] ], [ [ 54.00003598419185, 13.27323815754759 ], [ 54.11253590389969, 13.60149820227659 ], [ 54.28861598981103, 14.58954800244702 ], [ 54.28861598981103, 16.58202090261528 ], [ 54.14808587692784, 17.09582718672565 ] ], [ [ 44.55004267627159, 11.23954347159687 ], [ 43.31254355292765, 12.61539556739339 ], [ 43.21410612266167, 12.83486881784652 ], [ 42.97504379201551, 13.05415069529863 ], [ 42.35629423034354, 13.92930384327183 ], [ 41.8500445889755, 14.80115422479158 ], [ 40.61254546563375, 16.53419619825972 ], [ 39.60004618289549, 18.25181631902822 ], [ 38.25004713924763, 20.37504125346543 ] ] ] } },
{ "type": "Feature", "properties": { "id": "2africa", "name": "2Africa", "color": "#b5258f", "feature_id": "2africa-1", "coordinates": [ -21.144285882711586, 16.455363310582729 ] }, "geometry": { "type": "MultiLineString", "coordinates": [ [ [ 25.19868919685618, 34.01486154978068 ], [ 24.99488074748585, 34.89090355336368 ], [ 24.7684, 35.07163 ] ], [ [ 45.45004203870374, 11.18436706643671 ], [ 45.17955222972517, 10.70544188325443 ], [ 45.01088234980864, 10.43511874899288 ] ], [ [ 34.67817466959547, 26.56251314923671 ], [ 35.21254929044368, 27.09791857521597 ], [ 35.69654894757382, 27.35401030043886 ] ], [ [ 37.4625476971196, 22.05298561667754 ], [ 39.18275647850768, 21.481533475503 ] ], [ [ 41.8500445889755, -11.94394493174681 ], [ 42.07504442958354, -12.05398686257157 ], [ 42.75004395140765, -12.05398686257157 ], [ 43.24330360197787, -11.70058928227253 ] ], [ [ -18.67491253517278, 31.28673881439175 ], [ -16.64991396970081, 30.25570294203987 ], [ -15.86241452697678, 28.95155473219332 ], [ -15.5965647159034, 27.95773368288527 ] ], [ [ 55.45302495190069, -4.56574835053377 ], [ 55.35003502485984, -3.92832730414264 ], [ 54.90003534364376, -1.0813464460988 ], [ 54.00003598121179, 1.16850674904098 ], [ 51.75003757632377, 5.51007171180325 ] ], [ [ 5.40007041047929, 2.36791255870541 ], [ 7.20006913534322, 3.15449149809985 ], [ 7.65006881655929, 3.49142332232059 ], [ 7.99928731857368, 4.5415906928251 ] ], [ [ 1.80007296015533, -11.35630876900089 ], [ 11.70006594750324, -8.84605018681913 ], [ 12.60006530993539, -8.83063193705301 ], [ 13.23502486012412, -8.81256180747281 ] ], [ [ 27.00005510825151, -34.73466151270862 ], [ 25.8750559052115, -34.36402589452668 ], [ 25.6232560835889, -33.9624706667599 ] ], [ [ 5.37253042998907, 43.29362778902908 ], [ 5.17507056927535, 42.85377505385472 ], [ 4.05007136623534, 41.85617959436374 ], [ 2.7000723225873, 41.35145028689676 ], [ 2.16872504274879, 41.38560270176812 ] ], [ [ 8.93886790356194, 44.41035752885385 ], [ 8.7750680190034, 44.05151922873524 ], [ 8.32506833838323, 43.72721479104982 ], [ 7.20006913534322, 43.07331078300322 ], [ 6.41256969261946, 42.74371346443669 ], [ 5.96257001140339, 42.74371346443669 ], [ 5.17507056927535, 42.85377505385472 ] ], [ [ 32.28445136473581, 31.25927814644905 ], [ 32.17505144223563, 31.51079843004906 ], [ 31.72505176101956, 31.79808736758526 ], [ 30.60005255857546, 32.24321001626274 ], [ 28.68266219511189, 32.58881770832659 ], [ 25.19868919685618, 34.01486154978068 ], [ 24.04673688790992, 34.33537907402818 ], [ 22.0500586148756, 34.76657169708598 ], [ 19.24898112158607, 34.96588061426259 ], [ 16.53848662920766, 34.62626157775406 ], [ 14.48543, 35.11498128807165 ], [ 13.01441056635024, 35.96055382761562 ], [ 12.36930375406308, 36.7539518496264 ], [ 11.58756602779539, 37.85673997565852 ], [ 11.25006626569144, 39.6983233549332 ], [ 10.35006690325948, 41.52013202089327 ], [ 9.78756730173948, 42.41235450073586 ], [ 9.56256746172734, 43.07331078300322 ], [ 9.45006754082733, 43.40114497315395 ], [ 9.11256777991536, 44.05151922873524 ], [ 8.93886790356194, 44.41035752885385 ] ], [ [ 33.41295056589733, 28.16105226222079 ], [ 33.30005064527564, 28.29321405801615 ], [ 33.08276564295245, 28.36593633386358 ] ], [ [ 36.22504857377548, 24.12261698700344 ], [ 36.90004809500369, 24.25944448578478 ], [ 37.80004745803156, 24.22525137740191 ], [ 38.10697724059967, 24.07064801041784 ] ], [ [ 48.60003980721571, 1.46842676733197 ], [ 46.80004108235159, 1.9182287802156 ], [ 45.34418211369599, 2.04120522322878 ] ], [ [ 41.17504506655567, -4.9004224531474 ], [ 40.7250453853396, -4.67620802875107 ], [ 39.7450660795661, -3.94612518687387 ] ], [ [ 40.95004522654354, -5.2739443636413 ], [ 40.50004554473174, -4.67620802875107 ], [ 39.67289769319088, -4.05302411460538 ] ], [ [ 39.26967641693273, -6.82313210834924 ], [ 39.82504602290763, -6.46762759269069 ], [ 40.38754562502353, -6.1694505295745 ] ], [ [ 42.30004426959567, -14.86188391766195 ], [ 45.00004235689176, -15.29638776062193 ], [ 46.31544142505069, -15.71372979868418 ] ], [ [ 42.30004427019158, -15.22403228464737 ], [ 41.40004490716371, -14.64430197712377 ], [ 40.68539697592696, -14.56558293609041 ] ], [ [ 35.32504921134351, -26.55162080165708 ], [ 33.75005032708761, -26.35017490457371 ], [ 32.58062115552212, -25.96826815540796 ] ], [ [ 30.88039235938437, -30.05771707645661 ], [ 32.40005128343957, -29.8231438437626 ], [ 32.85005096465547, -29.43197962220612 ], [ 33.75005032708761, -28.34851723994729 ], [ 35.32504921134351, -26.55162080165708 ], [ 41.17504506715157, -23.28741340348865 ], [ 42.30004427019158, -20.57441905727613 ], [ 42.30004427019158, -15.22403228464737 ], [ 42.30004426959567, -14.86188391766195 ], [ 41.8500445889755, -11.94394493174681 ], [ 41.40004490775961, -9.29042430103552 ], [ 40.38754562502353, -6.1694505295745 ], [ 40.95004522654354, -5.2739443636413 ], [ 41.17504506655567, -4.9004224531474 ] ], [ [ 41.17504506655567, -4.9004224531474 ], [ 42.30004427019158, -3.47926867897006 ], [ 45.45004203870374, -1.23131575021741 ], [ 48.60003980721571, 1.46842676733197 ], [ 51.75003757632377, 5.51007171180325 ], [ 54.00003598180769, 9.52441134501949 ], [ 54.90003534423966, 12.61539556739339 ], [ 54.00003598419185, 13.27323815754759 ], [ 52.65003693815965, 12.94453386866297 ], [ 48.60003980781179, 11.95585820711473 ], [ 45.45004203870374, 11.18436706643671 ], [ 44.55004267627159, 11.23954347159687 ] ], [ [ 38.2521750447772, 20.36041343679164 ], [ 37.4625476971196, 22.05298561667754 ] ], [ [ 37.4625476971196, 22.05298561667754 ], [ 36.22504857377548, 24.12261698700344 ], [ 35.21254929103959, 25.75470426341523 ], [ 34.67817466959547, 26.56251314923671 ], [ 33.91880020754351, 27.36466799386026 ], [ 33.41295056589733, 28.16105226222079 ], [ 32.90645092470137, 28.95155473219332 ], [ 32.65318110412008, 29.11361416298006 ], [ 32.56895616318991, 29.34456698948981 ], [ 32.39998128289319, 29.63833609362628 ], [ 32.52993119143143, 29.97254543605036 ], [ 32.73755104375564, 30.25570294203987 ], [ 32.62505112345171, 30.83702058239716 ], [ 32.28445136473581, 31.25927814644905 ] ], [ [ 32.65318110412008, 29.11361416298006 ], [ 32.62520112394137, 29.34456698948981 ], [ 32.45622624364466, 29.63833609362628 ], [ 32.52993119143143, 29.97254543605036 ], [ 32.85005096405957, 30.25570294203987 ], [ 32.73755104375564, 30.83702058239716 ], [ 32.28445136473581, 31.25927814644905 ] ], [ [ 18.44992116524676, -33.69332014378617 ], [ 17.77506164332343, -34.11602012163193 ], [ 17.32506196210754, -34.85783936223576 ], [ 18.00006148393147, -36.3215277599179 ], [ 19.80006020939149, -36.68325067019043 ], [ 23.40005765911936, -36.68325067019043 ], [ 26.10005574581954, -35.83660803749216 ], [ 27.00005510825151, -34.73466151270862 ] ], [ [ 27.00005510825151, -34.73466151270862 ], [ 31.50005192041171, -31.34041055627775 ], [ 32.40005128343957, -29.8231438437626 ] ], [ [ 10.80006658447537, -5.12456167545629 ], [ 11.25006626569144, -5.57260090501646 ], [ 12.34996548710851, -5.93337373147133 ] ], [ [ 0.00007423529131, -6.46762759269069 ], [ 10.80006658447537, -5.12456167545629 ], [ 11.86363583162902, -4.77878776891936 ] ], [ [ -3.59992321384075, -2.58053670498413 ], [ 0.00007423529131, -6.46762759269069 ], [ 1.80007296015533, -11.35630876900089 ], [ 6.75006945412733, -18.02642638371345 ], [ 8.10006849777537, -23.49392244589784 ], [ 13.05006499115128, -30.30995334464681 ], [ 15.30006339723147, -32.61276000573574 ], [ 16.65006244087933, -33.74264465652956 ], [ 17.55006180331148, -33.92953699245896 ], [ 18.15553137439108, -33.34805845646768 ] ], [ [ 3.42351181069211, 6.43906691148463 ], [ 3.82507152622321, 4.16491284997694 ], [ 2.25007264196731, 1.13101432643172 ], [ 1.5750731201432, 0.34358628488916 ], [ 0.45007391710319, -0.63139818525811 ], [ -3.59992321384075, -2.58053670498413 ], [ -10.79991811329676, -2.58053670498413 ], [ -15.29991492545678, 1.9182287802156 ], [ -19.79991173761688, 8.63569941732747 ], [ -21.14991078126484, 11.73565016140583 ], [ -21.14092484990459, 14.36565375922844 ], [ -21.14991078126484, 19.95262290516439 ], [ -20.29991138460441, 22.88465411388244 ], [ -18.67491253517278, 31.28673881439175 ], [ -17.0999136503208, 35.05222991093673 ], [ -16.24606512351911, 39.4671271901905 ], [ -16.19991428788883, 39.6983233549332 ], [ -16.19991428848483, 44.69482908957816 ], [ -11.24991779510873, 48.70423463096067 ], [ -7.19992066356871, 50.74028189394816 ], [ -5.39992193870468, 50.95337730033451 ], [ -4.54440254476274, 50.82820142743812 ] ], [ [ -0.20431561932097, 5.55828588990586 ], [ 0.45007391710319, 3.279837005485 ], [ 0.45007391710319, -0.63139818525811 ] ], [ [ -3.59992321384075, -2.58053670498413 ], [ -4.37492266482381, 1.46842676733197 ], [ -4.49992257627272, 2.36791255870541 ], [ -4.27492273566468, 3.26681481681567 ], [ -4.02624291183188, 5.32350879182484 ] ], [ [ -21.14092484990459, 14.36565375922844 ], [ -18.44991269396884, 14.36565375922844 ], [ -17.44571340535295, 14.68659484199499 ] ], [ [ -16.19991428788883, 39.6983233549332 ], [ -13.94991588240473, 38.76885922455357 ], [ -10.79991811329676, 38.47588134813876 ], [ -9.33791914958659, 38.68882888776792 ] ], [ [ 3.82507152622321, 4.16491284997694 ], [ 5.40007041047929, 2.36791255870541 ], [ 7.20006913534322, 1.24349007697804 ], [ 8.55006817899126, 1.01853421661552 ], [ 9.45426753844821, 0.39446519185548 ] ] ] } },
{ "type": "Feature", "properties": { "id": "sir-abu-nuayr-cable", "name": "Sir Abu Nu’ayr Cable", "color": "#9f54a0", "feature_id": "sir-abu-nuayr-cable-0", "coordinates": [ 54.793947470783891, 25.506780547358879 ] }, "geometry": { "type": "MultiLineString", "coordinates": [ [ [ 55.39223499496503, 25.35233224092917 ], [ 55.06878522469574, 25.55188275942587 ], [ 54.45003566183197, 25.45034294692391 ], [ 54.22113582458255, 25.24085583479985 ] ] ] } },
{ "type": "Feature", "properties": { "id": "senegal-horn-of-africa-regional-express-share-cable", "name": "Senegal Horn of Africa Regional Express (SHARE) Cable", "color": "#c43292", "feature_id": "senegal-horn-of-africa-regional-express-share-cable-0", "coordinates": [ -20.508343703945016, 14.5835116451186 ] }, "geometry": { "type": "MultiLineString", "coordinates": [ [ [ -17.44571340535295, 14.68659484199499 ], [ -18.44991269396884, 14.5835116451186 ], [ -22.49990982491288, 14.5835116451186 ], [ -23.52120910141486, 14.92303556017167 ] ] ] } },
{ "type": "Feature", "properties": { "id": "gondwana-2picot-2", "name": "Gondwana-2/Picot-2", "color": "#d41f26", "feature_id": "gondwana-2picot-2-0", "coordinates": [ 172.09451180875496, -20.012932052485873 ] }, "geometry": { "type": "MultiLineString", "coordinates": [ [ [ 167.17495580703672, -22.31949790124393 ], [ 167.11970584617637, -22.21538766051334 ], [ 166.94507315738784, -22.15896231236258 ] ], [ [ 167.39995564764476, -21.48446725977836 ], [ 167.62495548825279, -21.58911264647901 ], [ 167.87954515164915, -21.54806285907877 ] ], [ [ 167.83395603859978, -20.96971618702363 ], [ 167.60895480118282, -20.86464932352463 ], [ 167.26050262143457, -20.93704313584892 ] ], [ [ 166.94995596642866, -22.52748528666693 ], [ 167.17495580703672, -22.73515998441261 ], [ 167.49425558084164, -22.67191735718065 ] ], [ [ 166.61245620492082, -22.45819078937813 ], [ 166.61245620492082, -22.39464038427926 ], [ 166.56362811510715, -22.26537024294595 ] ], [ [ 178.43744782917764, -18.12381094353719 ], [ 178.08744807652479, -18.66711083815884 ], [ 167.83395603859978, -20.96971618702363 ], [ 167.39995564764476, -21.48446725977836 ], [ 167.17495580703672, -22.31949790124393 ], [ 166.94995596642866, -22.52748528666693 ], [ 166.61245620492082, -22.45819078937813 ], [ 166.43925632880911, -22.30330806462013 ] ] ] } },
{ "type": "Feature", "properties": { "id": "java-kalimantan-sulawesi-jakasusi", "name": "Java-Kalimantan-Sulawesi (JAKASUSI)", "color": "#30a7df", "feature_id": "java-kalimantan-sulawesi-jakasusi-0", "coordinates": [ 114.81725815914595, -4.37814319767695 ] }, "geometry": { "type": "MultiLineString", "coordinates": [ [ [ 112.71972094673198, -7.271863121196 ], [ 112.78124434005238, -6.61665069347536 ], [ 112.83749430020436, -6.39309949782391 ], [ 113.96249350384026, -4.82569249921742 ], [ 114.1874933444483, -4.37714437553184 ], [ 114.66674769244001, -3.88282778055257 ], [ 114.52499310476436, -4.25249877565818 ], [ 114.7499929459683, -4.37714437553184 ], [ 116.58310164737706, -4.40436423374515 ], [ 118.79999007691224, -5.04985716736676 ], [ 119.38468966210971, -5.34324578403575 ] ] ] } },
{ "type": "Feature", "properties": { "id": "ixchel", "name": "Ixchel", "color": "#6ac5ae", "feature_id": "ixchel-0", "coordinates": [ -87.002210073882537, 20.505433864493895 ] }, "geometry": { "type": "MultiLineString", "coordinates": [ [ [ -87.07026408326409, 20.62971801801737 ], [ -87.01848911994192, 20.51559200919387 ], [ -86.87916421864098, 20.42865309996276 ] ] ] } },
{ "type": "Feature", "properties": { "id": "dos-continentes-l-ll", "name": "DOS CONTINENTES l & ll", "color": "#31b2ac", "feature_id": "dos-continentes-l-ll-0", "coordinates": [ -5.3171701360136669, 35.892407544404769 ] }, "geometry": { "type": "MultiLineString", "coordinates": [ [ [ -5.60446280943106, 36.01427678319997 ], [ -5.39992193870468, 35.96797434759339 ], [ -5.33473643800771, 35.89388140994366 ], [ -5.32332199296875, 35.88983711718341 ], [ -5.31364270295079, 35.89388140994366 ], [ -5.28742201840076, 36.05897312258681 ], [ -5.32516613228744, 36.21032532095298 ] ] ] } },
{ "type": "Feature", "properties": { "id": "crosschannel-fibre", "name": "CrossChannel Fibre", "color": "#547cbe", "feature_id": "crosschannel-fibre-0", "coordinates": [ 0.258988428209393, 50.266982125134184 ] }, "geometry": { "type": "MultiLineString", "coordinates": [ [ [ -0.13442566883171, 50.82847935144252 ], [ 0.0000742358873, 50.59767719905356 ], [ 0.45007391710319, 50.02292045625494 ], [ 0.79777367019364, 49.87730699116312 ] ] ] } },
{ "type": "Feature", "properties": { "id": "x-link-submarine-cable", "name": "X-Link Submarine Cable", "color": "#bb3726", "feature_id": "x-link-submarine-cable-0", "coordinates": [ -58.426836847760491, 10.006678144787097 ] }, "geometry": { "type": "MultiLineString", "coordinates": [ [ [ -58.15486456660835, 6.80429329928868 ], [ -57.9373847206732, 7.29876275445952 ], [ -58.4998843221932, 10.41081650540272 ], [ -59.17488384401722, 12.61539556739339 ], [ -59.53638358792734, 13.06262571006014 ] ] ] } },
{ "type": "Feature", "properties": { "id": "maldives-sri-lanka-cable-msc", "name": "Maldives Sri Lanka Cable (MSC)", "color": "#4bb648", "feature_id": "maldives-sri-lanka-cable-msc-0", "coordinates": [ 76.753250638967344, 5.4087405002201789 ] }, "geometry": { "type": "MultiLineString", "coordinates": [ [ [ 73.54035213926461, 4.21234578187178 ], [ 74.25002163652778, 4.38928592605099 ], [ 79.20001812990387, 6.40520079535603 ], [ 79.86681765753703, 6.83308815665317 ] ] ] } },
{ "type": "Feature", "properties": { "id": "eviny-digital", "name": "Eviny Digital", "color": "#ca3693", "feature_id": "eviny-digital-0", "coordinates": [ 5.5106180839278283, 59.582395546538663 ] }, "geometry": { "type": "MultiLineString", "coordinates": [ [ [ 5.33277045815526, 60.39072370580963 ], [ 5.40012041044399, 60.35426474321958 ], [ 5.46882036177623, 60.29859553499128 ], [ 5.51257033078321, 60.18692233975928 ], [ 5.45632037063125, 60.07486799642317 ], [ 5.45632537003193, 59.94835018490316 ], [ 5.56882029033946, 59.8966669924279 ], [ 5.56882029033946, 59.78362399299559 ], [ 5.54070531025618, 59.68439114114253 ], [ 5.51257533018389, 59.64177978429336 ], [ 5.49851784014216, 59.61333874687536 ], [ 5.51257533018389, 59.58487361294478 ], [ 5.48444535011142, 59.54925828942217 ], [ 5.45632037003535, 59.52787100202234 ], [ 5.48444535011142, 59.47077184460534 ], [ 5.56882529033586, 59.41356840141763 ], [ 5.59694527041535, 59.37061568324753 ], [ 5.59694527041535, 59.32760086030954 ], [ 5.56882029033946, 59.29889402722166 ], [ 5.52448032234631, 59.27926758037185 ], [ 5.85007009169536, 59.10689495719073 ], [ 5.85007009169536, 59.0490845446616 ], [ 5.73077017620851, 58.9708214866686 ] ] ] } },
{ "type": "Feature", "properties": { "id": "tokelau-submarine-cable", "name": "Tokelau Submarine Cable", "color": "#7f6fb2", "feature_id": "tokelau-submarine-cable-0", "coordinates": [ -172.04578978025606, -9.1781830249053886 ] }, "geometry": { "type": "MultiLineString", "coordinates": [ [ [ -172.5109035557175, -8.55909289982806 ], [ -172.46230359014606, -8.84605018681913 ], [ -172.34980366984206, -9.06830600387441 ], [ -172.12480382923411, -9.17938254587128 ], [ -171.81150405117859, -9.1746263074903 ], [ -171.67480414801801, -9.34593200663971 ], [ -171.44980430741026, -9.34593200663971 ], [ -171.26150444080346, -9.38377085681422 ] ] ] } },
{ "type": "Feature", "properties": { "id": "mist", "name": "MIST", "color": "#a84c9c", "feature_id": "mist-0", "coordinates": [ 83.143078827397915, 2.9351430719707547 ] }, "geometry": { "type": "MultiLineString", "coordinates": [ [ [ 101.25000250948806, 2.19929675402769 ], [ 101.36250242919627, 2.59270146460193 ], [ 101.44360237174425, 2.75122876360722 ] ], [ [ 97.42500521915215, 5.84591508846027 ], [ 99.00000410340806, 6.40520079535603 ], [ 100.06611334816643, 6.61351886085411 ] ], [ [ 72.87590260996693, 19.07607425728523 ], [ 71.55002354923187, 16.96510259943593 ], [ 71.49513558519409, 13.49212817646408 ], [ 72.900022592881, 9.4432047022869 ], [ 75.09513303492322, 6.77044025010453 ], [ 78.69513048465001, 3.94047577222881 ], [ 79.65001781052403, 3.41655961832325 ], [ 81.00001685476798, 3.04215604242586 ], [ 85.500013666928, 2.81745044265417 ], [ 90.00001047908802, 3.71597811929807 ], [ 92.70000856638391, 4.83782639198656 ], [ 94.27500745064, 5.8334799666327 ], [ 95.40635270497349, 6.31101647869323 ], [ 97.42500521915215, 5.84591508846027 ], [ 98.32500458158412, 5.28606986082101 ], [ 99.11250402371216, 4.61359157886277 ], [ 100.12500330644806, 3.26681481681567 ], [ 101.25000250948806, 2.19929675402769 ], [ 102.15000187192003, 1.9182287802156 ], [ 102.68279723997186, 1.61449257623796 ], [ 103.34065102845322, 1.41206961949938 ], [ 103.50000091556807, 1.38372807724675 ], [ 103.64609081207688, 1.3385858520715 ] ], [ [ 81.00001685476798, 3.04215604242586 ], [ 82.57501573902388, 5.51004741056715 ], [ 82.80001557963192, 7.74487695688213 ], [ 82.35001589841602, 9.52441134501949 ], [ 81.45001653598388, 11.29470931956548 ], [ 80.24298739105474, 13.06385310188338 ] ] ] } },
{ "type": "Feature", "properties": { "id": "la-gomera-el-hierro", "name": "La Gomera-El Hierro", "color": "#82489c", "feature_id": "la-gomera-el-hierro-0", "coordinates": [ -17.406432376030878, 27.779808227112209 ] }, "geometry": { "type": "MultiLineString", "coordinates": [ [ [ -17.10821364444098, 28.08794070557169 ], [ -17.08851365839668, 27.94625026257154 ], [ -17.43741341123277, 27.76358852605777 ], [ -17.77491317214482, 27.76358852605777 ], [ -17.89091308996936, 27.82020588543624 ] ] ] } },
{ "type": "Feature", "properties": { "id": "tegopa", "name": "TEGOPA", "color": "#397cbf", "feature_id": "tegopa-0", "coordinates": [ -17.104673858647466, 28.177643715718219 ] }, "geometry": { "type": "MultiLineString", "coordinates": [ [ [ -17.76519317903057, 28.66327103532559 ], [ -17.58982330326418, 28.66327103532559 ], [ -17.36480346267046, 28.56451109930109 ], [ -17.21241357062482, 28.35923352610856 ], [ -17.09375632253175, 28.15924276330433 ], [ -17.10821364444098, 28.08794070557169 ], [ -16.97604463474282, 28.04555804492922 ], [ -16.76241388940884, 27.91280889046339 ], [ -16.5374140488008, 27.91280889046339 ], [ -16.48116408864884, 27.96250335997247 ], [ -16.51801406254393, 28.05908806126481 ] ] ] } },
{ "type": "Feature", "properties": { "id": "tenerife-la-palma", "name": "Tenerife-La Palma", "color": "#cd1875", "feature_id": "tenerife-la-palma-0", "coordinates": [ -17.153280432843193, 28.689992052050073 ] }, "geometry": { "type": "MultiLineString", "coordinates": [ [ [ -16.58641401408874, 28.39759398562128 ], [ -16.76241388940884, 28.55704546571133 ], [ -17.36480346267046, 28.76193800193997 ], [ -17.58982330326418, 28.76193800193997 ], [ -17.76519317903057, 28.66327103532559 ] ] ] } },
{ "type": "Feature", "properties": { "id": "tenerife-gran-canaria", "name": "Tenerife-Gran Canaria", "color": "#368ccb", "feature_id": "tenerife-gran-canaria-0", "coordinates": [ -16.114966533512501, 28.154948775403614 ] }, "geometry": { "type": "MultiLineString", "coordinates": [ [ [ -15.69401464627285, 28.14994322532687 ], [ -15.86241452697678, 28.21058804973524 ], [ -16.31241420819276, 28.11144943644227 ], [ -16.53858404797196, 28.04674170420916 ] ] ] } },
{ "type": "Feature", "properties": { "id": "candalta", "name": "CANDALTA", "color": "#f0a51f", "feature_id": "candalta-0", "coordinates": [ -16.008811791029554, 28.225523187644907 ] }, "geometry": { "type": "MultiLineString", "coordinates": [ [ [ -16.37174416616289, 28.35553751998696 ], [ -16.19991428788883, 28.26014491451124 ], [ -15.9749144472808, 28.11144943644227 ], [ -15.74991460667276, 28.01213081628259 ], [ -15.69996464205781, 27.99976141196043 ] ], [ [ -16.37174416616289, 28.35553751998696 ], [ -16.19991428788883, 28.30972276878695 ], [ -15.9749144472808, 28.21058804973524 ], [ -15.74991460667276, 28.06177953770701 ], [ -15.69996464205781, 27.99976141196043 ] ] ] } },
{ "type": "Feature", "properties": { "id": "transcan-2", "name": "TRANSCAN-2", "color": "#7fae40", "feature_id": "transcan-2-0", "coordinates": [ -14.851191350219695, 27.854638516814489 ] }, "geometry": { "type": "MultiLineString", "coordinates": [ [ [ -14.35841559301971, 28.0487186286831 ], [ -14.51241548392473, 27.89623898952869 ], [ -15.18741500574884, 27.81335144651435 ], [ -15.39073517361888, 27.8954622131611 ] ], [ [ -13.54757241683269, 28.95950146524142 ], [ -13.61241612089677, 28.65581241773305 ], [ -13.86222063143292, 28.4964705630644 ] ] ] } },
{ "type": "Feature", "properties": { "id": "converge-domestic-submarine-cable-network-cdscn", "name": "Converge Domestic Submarine Cable Network (CDSCN)", "color": "#a24a9c", "feature_id": "converge-domestic-submarine-cable-network-cdscn-0", "coordinates": [ 120.91814381110434, 11.955858207114732 ] }, "geometry": { "type": "MultiLineString", "coordinates": [ [ [ 123.29490876766967, 9.24634860311557 ], [ 123.46873676952833, 9.08033076823294 ], [ 123.74998657028833, 8.91365715578056 ], [ 124.53748601241637, 8.63569941732747 ], [ 124.63191594552143, 8.45414753535847 ] ], [ [ 123.91358645439269, 9.6225370957098 ], [ 124.19998625150441, 9.52441134501949 ], [ 124.6499859327203, 9.52441134501949 ], [ 125.09998561393637, 9.41344425850756 ], [ 125.32498545454442, 9.24692692641541 ], [ 125.42068851174743, 8.96893416150815 ] ], [ [ 123.69139286179656, 10.23826593364591 ], [ 123.74998657028833, 10.07869800665097 ], [ 123.74998657028833, 9.80167047316749 ], [ 123.87820913570422, 9.67539187890916 ] ], [ [ 123.41287743409951, 10.48370877967177 ], [ 123.52498672968029, 10.41081650540272 ], [ 123.63524055782547, 10.37623712915587 ] ], [ [ 122.58944051743003, 10.78661708283731 ], [ 122.84998720785636, 10.74258167547641 ], [ 122.96776056192463, 10.73941548340835 ] ], [ [ 124.00760357528993, 11.04590095392508 ], [ 124.13413629815311, 10.93201162513164 ], [ 124.42498609211226, 10.85308969074528 ], [ 124.61277595908027, 11.00688802067621 ] ], [ [ 123.61668588346967, 12.366641586122 ], [ 123.52503672964518, 12.50558813178065 ], [ 123.35623684922422, 12.61539556739339 ], [ 123.01873708831225, 12.83486881784652 ], [ 122.84998720785636, 13.05415069529863 ], [ 122.84998720785636, 13.27323815754759 ], [ 122.95067073028109, 13.54688807020785 ] ], [ [ 121.52772251956107, 12.58642316217604 ], [ 121.61248808451225, 12.39573400002297 ], [ 121.7864179618947, 12.1580566858592 ], [ 121.94481206784093, 11.94926602048288 ], [ 122.06248776572832, 11.95585820711473 ], [ 122.39998752664029, 11.84577637362577 ], [ 122.74998727869705, 11.58320218044505 ], [ 122.96248712816029, 11.73565016140583 ], [ 123.29998688907226, 11.73565016140583 ], [ 123.46873676952833, 11.95585820711473 ], [ 123.50906877220675, 12.2180768757377 ], [ 123.52498672968029, 11.95585820711473 ], [ 123.82048402610735, 11.53744186728821 ], [ 123.93631456329179, 11.08337473700029 ] ], [ [ 121.44881632545895, 13.80993947581811 ], [ 121.61248808451225, 13.49212817646408 ], [ 121.72498800481618, 13.05415069529863 ], [ 121.72498800481618, 12.72515592356304 ], [ 121.52772251956107, 12.58642316217604 ], [ 121.49998816420832, 12.39573400002297 ], [ 121.3874882439044, 12.17583831030101 ], [ 120.93748856268832, 11.95585820711473 ], [ 120.37498896116831, 11.95585820711473 ], [ 120.20076908458741, 12.00543424713619 ], [ 120.37498896116831, 11.73565016140583 ], [ 119.92498927995224, 11.07398278122661 ], [ 119.50037958074992, 10.82000049048942 ] ] ] } },
{ "type": "Feature", "properties": { "id": "guadeloupe-cable-des-iles-du-sud-gcis", "name": "Guadeloupe Cable des Iles du Sud (GCIS)", "color": "#31ac49", "feature_id": "guadeloupe-cable-des-iles-du-sud-gcis-0", "coordinates": [ -61.350442672762156, 16.113973083936536 ] }, "geometry": { "type": "MultiLineString", "coordinates": [ [ [ -61.49826219811413, 15.98876894276915 ], [ -61.56467707294022, 16.04245627764962 ] ], [ [ -61.19988240948919, 16.21038241802069 ], [ -61.27444290354486, 16.25107598781927 ] ], [ [ -61.36863228994518, 16.10232559580297 ], [ -61.31912060626973, 15.95346363714144 ] ], [ [ -61.57883721915904, 15.87297951222124 ], [ -61.49826219811413, 15.98876894276915 ], [ -61.36863228994518, 16.10232559580297 ], [ -61.19988240948919, 16.21038241802069 ], [ -61.07385710814169, 16.30357137103267 ] ] ] } },
{ "type": "Feature", "properties": { "id": "rockabill", "name": "Rockabill", "color": "#35b44a", "feature_id": "rockabill-0", "coordinates": [ -4.5714616479514767, 53.762560624995288 ] }, "geometry": { "type": "MultiLineString", "coordinates": [ [ [ -6.11462143240492, 53.49317504982973 ], [ -5.62492177931272, 53.66905353534786 ], [ -4.49992257627272, 53.76891056666807 ], [ -3.59992321384075, 53.76891056666807 ], [ -3.00637363431676, 53.64793339883295 ] ] ] } },
{ "type": "Feature", "properties": { "id": "oman-australia-cable-oac", "name": "Oman Australia Cable (OAC)", "color": "#939597", "feature_id": "oman-australia-cable-oac-0", "coordinates": [ 57.392959292506539, 16.597281615381004 ] }, "geometry": { "type": "MultiLineString", "coordinates": [ [ [ 60.75003120004772, 16.53419619825972 ], [ 55.01253526394787, 16.642014062854 ], [ 54.14808587692784, 17.09582718672565 ] ] ] } },
{ "type": "Feature", "properties": { "id": "oman-australia-cable-oac", "name": "Oman Australia Cable (OAC)", "color": "#41b878", "feature_id": "oman-australia-cable-oac-1", "coordinates": [ 77.838978213835347, -11.776885531285858 ] }, "geometry": { "type": "MultiLineString", "coordinates": [ [ [ 72.11252315015598, -7.73281288533603 ], [ 72.33752299076401, -7.50980077412152 ], [ 72.41667293469345, -7.3333318110226 ] ], [ [ 89.10001111784821, -19.729525450021 ], [ 95.40000665308411, -13.99027116703797 ], [ 96.83231563842303, -12.19311300919909 ] ], [ [ 115.85731216153303, -31.95344133032431 ], [ 113.84999358353615, -31.46843700426702 ], [ 111.59999517745614, -30.30995334464681 ], [ 89.10001111784821, -19.729525450021 ], [ 72.11252315015598, -7.73281288533603 ], [ 65.25002801220774, 4.16491284997694 ], [ 61.20003088126379, 15.66951322515525 ], [ 60.75003120004772, 16.53419619825972 ], [ 60.75003120004772, 19.10440547593045 ], [ 60.75003120004772, 22.46944396482952 ], [ 59.85003183761575, 23.2985980658759 ], [ 58.95003247518379, 23.7112581424843 ], [ 58.16253303305574, 23.91710129093513 ], [ 57.88605322832058, 23.67872342575357 ] ] ] } },
{ "type": "Feature", "properties": { "id": "tanjung-pandan-sungai-kakap", "name": "Tanjung Pandan-Sungai Kakap", "color": "#939597", "feature_id": "tanjung-pandan-sungai-kakap-1", "coordinates": [ 108.11568048125844, -1.2267692284730041 ] }, "geometry": { "type": "MultiLineString", "coordinates": [ [ [ 107.66288796654008, -2.76744275587463 ], [ 107.60664800638092, -2.51770898500566 ], [ 107.64799797708825, -2.23797053831399 ], [ 108.1124976480322, -1.23131575021741 ], [ 108.89999709016024, -0.10641127587541 ], [ 109.18222689022609, -0.06139135719504 ] ] ] } },
{ "type": "Feature", "properties": { "id": "hainan-to-hong-kong-express-h2he", "name": "Hainan to Hong Kong Express (H2HE)", "color": "#64c3c7", "feature_id": "hainan-to-hong-kong-express-h2he-0", "coordinates": [ 112.54647871523952, 20.711529826905331 ] }, "geometry": { "type": "MultiLineString", "coordinates": [ [ [ 110.76181217748294, 20.04530796190915 ], [ 111.14999549564435, 20.30471776664116 ], [ 112.83749430080026, 20.79630610510887 ], [ 113.56874378277615, 21.63529738485955 ], [ 113.68124370308026, 21.84429407917369 ], [ 113.73749366323221, 22.10511054810828 ] ], [ [ 113.57675158960345, 22.27071655959127 ], [ 113.73749366323221, 22.10511054810828 ], [ 114.07499342414418, 22.10511054810828 ], [ 114.20292333351767, 22.22205041973683 ] ] ] } },
{ "type": "Feature", "properties": { "id": "ketchcan1-submarine-fiber-cable-system", "name": "KetchCan1 Submarine Fiber Cable System", "color": "#bf1e5a", "feature_id": "ketchcan1-submarine-fiber-cable-system-0", "coordinates": [ -130.96964048299529, 54.788685958681349 ] }, "geometry": { "type": "MultiLineString", "coordinates": [ [ [ -130.32633343966273, 54.31306449550539 ], [ -130.44358460849699, 54.29748595281839 ], [ -130.55608452595894, 54.33029904361132 ], [ -130.61233323705767, 54.55925876578231 ], [ -130.7248331573617, 54.68951871778461 ], [ -130.94983299796965, 54.75449236881693 ], [ -131.06238415450139, 54.94878902385559 ], [ -131.11868411319568, 55.07780072164767 ], [ -131.23108403073104, 55.14215100378178 ], [ -131.6478325035003, 55.34208783508731 ] ] ] } },
{ "type": "Feature", "properties": { "id": "equiano", "name": "Equiano", "color": "#7e2c18", "feature_id": "equiano-0", "coordinates": [ -20.699911100048851, 12.483262075762921 ] }, "geometry": { "type": "MultiLineString", "coordinates": [ [ [ 1.5750731201432, 0.7935626526072 ], [ 1.68757303985141, 3.82823430332105 ], [ 1.5750731201432, 5.06198695441611 ], [ 1.22780336615254, 6.12630729721873 ] ], [ [ 7.65006881596339, -13.99027116703797 ], [ -3.59992321443665, -15.29638776062193 ], [ -5.71152171796447, -15.91856413142732 ] ], [ [ 1.5750731201432, 0.7935626526072 ], [ 2.25007264196731, 1.58088684091413 ], [ 3.60007168561535, 4.16491284997694 ], [ 3.42351181069211, 6.43906691148463 ] ], [ [ 9.00006786020734, -23.49392244589784 ], [ 13.05006499115128, -22.66596996779479 ], [ 14.53346394029765, -22.68542973223072 ] ], [ [ 18.44586116871883, -33.72721819637743 ], [ 17.55006180331148, -33.74264465652956 ], [ 16.65006244087933, -33.55534420877606 ], [ 15.52506323783933, -32.61276000573574 ], [ 13.50006467236735, -30.30995334464681 ], [ 9.00006786020734, -23.49392244589784 ], [ 7.65006881655929, -18.02642638371345 ], [ 7.65006881596339, -13.99027116703797 ], [ 8.32506833838323, -10.62006486036324 ], [ 7.65006881655929, -6.61665069347536 ], [ 7.20006913534322, -4.82569249921742 ], [ 4.05007136683124, -1.23131575021741 ], [ 2.25007264196731, 1.58088684091413 ] ], [ [ 1.5750731201432, 0.7935626526072 ], [ 0.22507407649534, -0.09341130487775 ], [ -3.59992321384075, -1.681168935905 ], [ -10.79991811329676, -1.681168935905 ], [ -14.84991524424079, 2.36791255870541 ], [ -19.34991205640081, 8.63569941732747 ], [ -20.69991110004885, 11.73565016140583 ], [ -20.69991110004885, 19.95262290516439 ], [ -19.84991170219645, 22.88465411388244 ], [ -19.12491221579286, 27.76358852605777 ], [ -17.99991301334885, 30.25570294203987 ], [ -17.0999136503208, 31.67051304708713 ], [ -16.31241420878884, 32.43331330641721 ], [ -13.94991588180883, 33.93964008831966 ], [ -11.69991747572882, 36.51238821239364 ], [ -10.34991843208078, 38.03417390064187 ], [ -9.56241898995274, 38.29952060596925 ], [ -9.10274931558703, 38.4430794831419 ] ] ] } },
{ "type": "Feature", "properties": { "id": "south-pacific-cable-system-spcsmistral", "name": "South Pacific Cable System (SPCS)/Mistral", "color": "#d18e29", "feature_id": "south-pacific-cable-system-spcsmistral-0", "coordinates": [ -83.519247401331185, -9.9409400456747541 ] }, "geometry": { "type": "MultiLineString", "coordinates": [ [ [ -86.39986455818145, -2.43068026196447 ], [ -84.14986615150535, -2.58053670498413 ], [ -81.00906837647595, -2.22844778311902 ] ], [ [ -76.49987157083336, -18.45381377577717 ], [ -72.89987412110531, -19.30538407236131 ], [ -70.30675595809456, -18.47354307365121 ] ], [ [ -82.79986710785731, -11.5033338459843 ], [ -79.19986965812936, -12.60351210497128 ], [ -76.87428130559793, -12.27842004179962 ] ], [ [ -90.8222236775613, 13.93479733320886 ], [ -91.57486089156932, 13.05415069529863 ], [ -92.24986041339342, 9.52441134501949 ], [ -90.89986137034147, 3.71597811929807 ], [ -87.74986360123404, 0.56857885252619 ], [ -86.39986455818145, -2.43068026196447 ], [ -85.04986551393732, -6.61665069347536 ], [ -82.79986710785731, -11.5033338459843 ], [ -79.19986965812936, -15.44102365956809 ], [ -76.49987157083336, -18.45381377577717 ], [ -74.02487332414532, -27.15383128539156 ], [ -72.22487459928129, -31.85146566557725 ], [ -71.62043502747198, -33.04554123247811 ] ] ] } },
{ "type": "Feature", "properties": { "id": "n0r5ke-viking", "name": "N0r5ke Viking", "color": "#dabb26", "feature_id": "n0r5ke-viking-0", "coordinates": [ 5.6519003514319603, 62.384466998501154 ] }, "geometry": { "type": "MultiLineString", "coordinates": [ [ [ 9.63766506477756, 63.61946636684095 ], [ 9.81574228237616, 63.57628059164396 ], [ 9.9000672226393, 63.48851288982234 ], [ 10.29381694370323, 63.46341549544048 ], [ 10.39205906160764, 63.43100204742547 ] ], [ [ 7.16071369447304, 62.73722946432863 ], [ 7.42506897595126, 62.66077045886663 ], [ 7.68161176296393, 62.5639562408968 ] ], [ [ 9.66315332797137, 63.68839703736199 ], [ 9.6188174218793, 63.67623095645975 ], [ 9.63766506477756, 63.61946636684095 ], [ 9.11256777991536, 63.54288560128821 ], [ 8.97524787719417, 63.50462478492522 ], [ 8.69395807646262, 63.40817512674497 ], [ 8.38090829822991, 63.36151643295419 ], [ 8.09337850191876, 63.30103648850086 ], [ 7.87506865657143, 63.17294695953291 ], [ 7.72966876017002, 63.11078338854437 ], [ 7.76256873865129, 63.02023453756414 ], [ 7.65006881596339, 62.91797878525185 ], [ 7.42506897475946, 62.81536487879325 ], [ 7.16071369447304, 62.73722946432863 ], [ 6.86256937443125, 62.76392332890585 ], [ 6.63756953382322, 62.73816885430014 ], [ 6.46579231176191, 62.61300297549666 ], [ 6.30006977291125, 62.66077045886663 ], [ 6.18756985260733, 62.6090589082033 ], [ 6.17438626819674, 62.47148731681593 ], [ 5.96257001199929, 62.50536500000049 ], [ 5.85007009169536, 62.45338241250811 ], [ 5.40007041047929, 62.29689073879045 ], [ 5.28757048898356, 62.24454516169996 ], [ 5.34382044973142, 62.13958079203442 ], [ 5.52233594826934, 62.03599154304595 ], [ 5.45632037003535, 61.98144948565002 ], [ 5.49850784014937, 61.93554024603822 ], [ 5.06257064837552, 61.98144948565002 ], [ 4.83757080895928, 61.92855599360773 ], [ 4.72507088865536, 61.8224937418921 ], [ 4.72507088865536, 61.71606370959994 ], [ 4.97585196040376, 61.59630726299676 ], [ 4.72507088865536, 61.55572708949359 ], [ 4.72507088865536, 61.44837364284344 ], [ 4.95007072926321, 61.23255301306618 ], [ 5.29342986102443, 61.17224436826955 ], [ 4.83757080895928, 61.01524141470424 ], [ 4.72507088865536, 60.79643169535009 ], [ 4.85553954623, 60.62197249344922 ], [ 5.06257064956732, 60.57611674038769 ], [ 5.28757049017536, 60.46539258705817 ], [ 5.33277045815526, 60.39072370580963 ] ] ] } },
{ "type": "Feature", "properties": { "id": "okinawa-cellular-cable", "name": "Okinawa Cellular Cable", "color": "#504a9f", "feature_id": "okinawa-cellular-cable-0", "coordinates": [ 128.6662384535953, 29.196790469204235 ] }, "geometry": { "type": "MultiLineString", "coordinates": [ [ [ 127.97728357563153, 26.591578968461 ], [ 127.79998370123228, 26.56251314923671 ], [ 127.57498386062441, 26.76358656961991 ], [ 127.68748378092835, 27.16466581281352 ], [ 128.4749832230562, 28.35923352610856 ], [ 128.69998306366443, 29.34456698948981 ], [ 129.1499827448803, 30.5144959597591 ], [ 129.5999824260964, 31.28673881439175 ], [ 130.04998210731227, 31.57471712933717 ], [ 130.39920060932684, 31.63454717460035 ] ] ] } },
{ "type": "Feature", "properties": { "id": "cabo-verde-telecom-domestic-submarine-cable-phase-2", "name": "Cabo Verde Telecom Domestic Submarine Cable Phase 2", "color": "#364da0", "feature_id": "cabo-verde-telecom-domestic-submarine-cable-phase-2-0", "coordinates": [ -24.567590671386295, 16.084567433773092 ] }, "geometry": { "type": "MultiLineString", "coordinates": [ [ [ -25.05940801174037, 17.019177136056 ], [ -25.03115803175289, 16.91129278923334 ], [ -25.06079668263158, 16.8234451810032 ], [ -25.07740799898894, 16.72458551142142 ], [ -25.07740799898894, 16.61681385037869 ], [ -23.96240878886485, 15.45276095932206 ], [ -23.7510808135716, 15.27685935249185 ] ] ] } },
{ "type": "Feature", "properties": { "id": "cabo-verde-telecom-domestic-submarine-cable-phase-3", "name": "Cabo Verde Telecom Domestic Submarine Cable Phase 3", "color": "#21b595", "feature_id": "cabo-verde-telecom-domestic-submarine-cable-phase-3-0", "coordinates": [ -24.552897138117132, 15.100182190335259 ] }, "geometry": { "type": "MultiLineString", "coordinates": [ [ [ -22.91905015298992, 16.17475379388474 ], [ -23.06240942643288, 15.99420991178597 ], [ -23.23110930692433, 15.66951322515525 ], [ -23.28740926704083, 15.23578178303578 ], [ -23.2097726032894, 15.12991920861739 ], [ -23.28740926704083, 15.01857857375747 ], [ -23.52120910141486, 14.92303556017167 ], [ -23.51240910764886, 14.80115422479158 ], [ -23.62490902795288, 14.69236003137439 ], [ -23.84990886856083, 14.5835116451186 ], [ -24.2999085497769, 14.69236003137439 ], [ -24.41240847008083, 14.74676392502806 ], [ -24.50093379799365, 14.89715376821769 ], [ -24.5811583505369, 14.8555308850602 ], [ -24.69541608209564, 14.87299270966173 ], [ -24.63740831068887, 15.01857857375747 ], [ -24.52490839038485, 15.12720800205855 ], [ -24.2999085497769, 15.23578178303578 ], [ -24.07490870916887, 15.34429955551753 ], [ -23.7510808135716, 15.27685935249185 ], [ -24.07490870916887, 15.45276095932206 ], [ -25.18990791929296, 16.61681385037869 ], [ -25.18990791929296, 16.72458551142142 ], [ -25.06079668263158, 16.8234451810032 ], [ -25.08740799190485, 16.91129278923334 ], [ -25.05940801174037, 17.019177136056 ] ] ] } },
{ "type": "Feature", "properties": { "id": "cabo-verde-telecom-domestic-submarine-cable-phase-1", "name": "Cabo Verde Telecom Domestic Submarine Cable Phase 1", "color": "#b32c57", "feature_id": "cabo-verde-telecom-domestic-submarine-cable-phase-1-0", "coordinates": [ -23.099947086292776, 16.626458747530958 ] }, "geometry": { "type": "MultiLineString", "coordinates": [ [ [ -25.06079668263158, 16.8234451810032 ], [ -24.97490807160083, 16.642014062854 ], [ -24.63740831068887, 16.53419619825972 ], [ -24.3571350717371, 16.56583652167652 ], [ -24.18740862947288, 16.42631806977434 ], [ -23.39990918734485, 16.53419619825972 ], [ -22.93530990709636, 16.67709796429937 ], [ -22.94990950612886, 16.42631806977434 ], [ -22.91905015298992, 16.17475379388474 ], [ -23.1749093467369, 15.99420991178597 ], [ -23.34365922719288, 15.66951322515525 ], [ -23.39990918734485, 15.23578178303578 ], [ -23.39990918734485, 15.01857857375747 ], [ -23.52120910141486, 14.92303556017167 ] ] ] } },
{ "type": "Feature", "properties": { "id": "miyazaki-okinawa-cable-moc", "name": "Miyazaki-Okinawa Cable (MOC)", "color": "#b0d135", "feature_id": "miyazaki-okinawa-cable-moc-0", "coordinates": [ 130.61608243107943, 28.675897447067076 ] }, "geometry": { "type": "MultiLineString", "coordinates": [ [ [ 131.29461013185616, 32.09764082018105 ], [ 131.7374809118723, 31.67051304708713 ], [ 131.84998083217641, 31.28673881439175 ], [ 131.39998115096031, 29.54050774539449 ], [ 128.69998306366443, 26.56251314923671 ], [ 128.0249835418403, 26.1593079707739 ], [ 127.68084378563216, 26.21241412675043 ] ] ] } },
{ "type": "Feature", "properties": { "id": "japan-information-highway-jih", "name": "Japan Information Highway (JIH)", "color": "#6ebe44", "feature_id": "japan-information-highway-jih-0", "coordinates": [ 138.9944928525868, 34.302577135868496 ] }, "geometry": { "type": "MultiLineString", "coordinates": [ [ [ 139.4999754122525, 34.52869067055088 ], [ 139.55622537240447, 34.71384862261538 ], [ 139.44372545210052, 35.08292270029031 ], [ 139.25540558550816, 35.29948913088429 ] ], [ [ 132.74998019460836, 31.09426282763951 ], [ 132.07498067278445, 31.67051304708713 ], [ 131.29461013185616, 32.09764082018105 ] ], [ [ 127.68084378563216, 26.21241412675043 ], [ 128.0249835418403, 26.1106045816533 ], [ 128.69998306366443, 26.36108632539156 ], [ 131.39998115096031, 29.34456698948981 ], [ 132.74998019460836, 31.09426282763951 ], [ 134.99997860068837, 31.47882267273615 ], [ 136.57497748494447, 32.24321001626274 ], [ 136.79997732555231, 32.8123187832876 ], [ 136.87399727311598, 34.33682825203173 ], [ 137.69997668798445, 34.03292178996404 ], [ 138.59997605041642, 34.12610104005753 ], [ 139.4999754122525, 34.52869067055088 ], [ 139.92185011339251, 34.73696430511865 ], [ 139.99216256358258, 34.85244570884615 ], [ 139.95485509060742, 34.97657002902234 ], [ 140.06247501377248, 34.99080971857576 ], [ 140.34372481512841, 35.0061690919714 ], [ 140.73747453559662, 35.17493178747529 ], [ 140.84997445649643, 35.41978051708035 ], [ 140.96247437680054, 35.78566189952622 ], [ 140.84997445649643, 36.05897312258681 ], [ 140.26989674242887, 36.34219436916461 ], [ 140.84997445649643, 36.1498667868178 ], [ 141.2999741377125, 36.42191605012598 ], [ 141.7499738189284, 36.87321951208928 ], [ 141.7499738189284, 37.58978657360306 ], [ 141.2999741377125, 38.03417390064187 ], [ 140.86667444407013, 38.26667008785156 ], [ 141.2999741377125, 38.1227301083922 ], [ 141.7499738189284, 38.21117903702318 ], [ 142.19997350014447, 38.65181171271134 ], [ 142.42497334075233, 40.04369219283004 ], [ 142.19997350014447, 41.0693404382162 ], [ 141.7499738189284, 41.40772623743595 ], [ 141.2999741377125, 41.57626183009815 ], [ 140.84997445649643, 41.57626183009815 ], [ 140.39997477528055, 41.40772623743595 ], [ 139.94997509406446, 41.2387523289666 ], [ 139.83747517376037, 41.15395052136787 ], [ 139.6124753331525, 40.89949091487166 ], [ 139.49997541284839, 40.38732029077508 ], [ 139.72497525345642, 40.04369219283004 ], [ 140.11667497537667, 39.71667152745366 ] ], [ [ 139.83747517376037, 41.15395052136787 ], [ 139.38746049255508, 41.57626183009815 ], [ 139.04997573163232, 42.07923561816413 ], [ 139.04997573163232, 42.74371346443669 ], [ 139.27497557224055, 43.07331078300322 ], [ 140.39997477528055, 43.5644004971176 ], [ 140.84997445649643, 43.5644004971176 ], [ 141.31540412678189, 43.17117526599852 ] ], [ [ 139.94997509406446, 41.2387523289666 ], [ 139.6124753331525, 41.57626183009815 ], [ 139.27497557224055, 42.07923561816413 ], [ 139.27497557224055, 42.74371346443669 ], [ 139.49997541284839, 43.07331078300322 ], [ 140.39997477528055, 43.48282788090373 ], [ 140.84997445649643, 43.48282788090373 ], [ 141.31540412678189, 43.17117526599852 ] ] ] } },
{ "type": "Feature", "properties": { "id": "lazaro-cardenas-manzanillo-santiago-submarine-cable-system-lcmsscs", "name": "Lazaro Cardenas-Manzanillo Santiago Submarine Cable System (LCMSSCS)", "color": "#4cb748", "feature_id": "lazaro-cardenas-manzanillo-santiago-submarine-cable-system-lcmsscs-0", "coordinates": [ -103.53391735089953, 18.054070663252588 ] }, "geometry": { "type": "MultiLineString", "coordinates": [ [ [ -102.19435336862122, 17.956784079019 ], [ -102.14985340014543, 17.71680217900864 ], [ -101.81235363923346, 17.609605913225 ], [ -101.61055378219034, 17.66411723985335 ] ], [ [ -104.30815187118658, 19.08578944414692 ], [ -104.28735188592151, 18.67864702215472 ], [ -103.94985212500946, 18.25181631902822 ], [ -103.04985276257749, 17.82393441253792 ], [ -102.5998530813615, 17.82393441253792 ], [ -102.19435336862122, 17.956784079019 ] ] ] } },
{ "type": "Feature", "properties": { "id": "fibra-optica-al-pacfico", "name": "Fibra Optica al Pacífico", "color": "#7e3a96", "feature_id": "fibra-optica-al-pacfico-0", "coordinates": [ -75.437740845458123, -15.911012613247081 ] }, "geometry": { "type": "MultiLineString", "coordinates": [ [ [ -76.87428130559793, -12.27842004179962 ], [ -77.39987093329535, -12.82299562562977 ], [ -77.39987093326533, -13.69898726961074 ], [ -76.04987188961729, -15.44102365956809 ], [ -73.79987348353728, -17.16855309422616 ], [ -72.44987443988924, -17.5979989961555 ], [ -71.3236752376994, -17.64117381666666 ] ] ] } },
{ "type": "Feature", "properties": { "id": "batam-sarawak-internet-cable-system-basics", "name": "Batam Sarawak Internet Cable System (BaSICS)", "color": "#3660ac", "feature_id": "batam-sarawak-internet-cable-system-basics-0", "coordinates": [ 107.2351874760423, 2.21204623238842 ] }, "geometry": { "type": "MultiLineString", "coordinates": [ [ [ 110.29359610292168, 1.67504874132501 ], [ 110.02499629320025, 1.9182287802156 ], [ 109.57499661198416, 2.36791255870541 ], [ 106.19999900286416, 2.14308717847186 ], [ 104.73750003891219, 1.46842676733197 ], [ 104.62500011860807, 1.36999455336686 ], [ 104.28790035741287, 1.17351819863402 ], [ 104.1331004670747, 1.17320576438183 ] ] ] } },
{ "type": "Feature", "properties": { "id": "eastern-light-sweden-finland-i", "name": "Eastern Light Sweden-Finland I", "color": "#944098", "feature_id": "eastern-light-sweden-finland-i-0", "coordinates": [ 22.618551659190324, 59.731932505209862 ] }, "geometry": { "type": "MultiLineString", "coordinates": [ [ [ 18.06275675261349, 59.3323082610704 ], [ 18.90006084695934, 59.45171731890513 ], [ 20.25005989060738, 59.56588346342965 ], [ 21.37505909364739, 59.679663707209 ], [ 22.72505813729543, 59.7364093840784 ], [ 22.96675718482349, 59.8234094268152 ], [ 23.1750578185115, 59.7364093840784 ], [ 23.85005734033543, 59.7364093840784 ], [ 24.41255694185543, 59.84961238502145 ], [ 24.93247844853827, 60.17116346096174 ], [ 25.20005638398347, 60.07486799642317 ], [ 26.10005574641544, 60.07486799642317 ], [ 26.77505526823937, 60.29859553499128 ], [ 26.88364894131071, 60.50114056075507 ] ] ] } },
{ "type": "Feature", "properties": { "id": "sorsogon-samar-submarine-fiber-optical-interconnection-project-sssfoip", "name": "Sorsogon-Samar Submarine Fiber Optical Interconnection Project (SSSFOIP)", "color": "#bf3b28", "feature_id": "sorsogon-samar-submarine-fiber-optical-interconnection-project-sssfoip-0", "coordinates": [ 124.22831176599175, 12.61497434156621 ] }, "geometry": { "type": "MultiLineString", "coordinates": [ [ [ 124.10708631731555, 12.6452550615834 ], [ 124.2281112315803, 12.61539556739339 ], [ 124.28238619313154, 12.50139011860877 ] ] ] } },
{ "type": "Feature", "properties": { "id": "manatua", "name": "Manatua", "color": "#de1f29", "feature_id": "manatua-0", "coordinates": [ -162.23100063654397, -20.995131543025785 ] }, "geometry": { "type": "MultiLineString", "coordinates": [ [ [ -151.87481817451393, -17.38340200594246 ], [ -151.8748181745141, -16.95345498980991 ], [ -151.74951826327759, -16.50631937058832 ] ], [ [ -160.19981227700995, -20.99513154302578 ], [ -160.19981227700995, -20.15254378601873 ], [ -160.08731235670592, -19.30538407236131 ], [ -159.77491257801287, -18.82572482603903 ] ], [ [ -159.86231251669406, -20.99513154302578 ], [ -159.86231251669406, -21.10012569724145 ], [ -159.76971258169664, -21.22434283051225 ] ], [ [ -169.64980558254607, -18.02642638371345 ], [ -169.87480542315399, -18.45381377577717 ], [ -169.91670539347166, -19.01671498141858 ] ], [ [ -171.76669408292247, -13.83348925575777 ], [ -171.44980430741009, -13.69898726961074 ], [ -170.77480478558607, -13.69898726961074 ], [ -170.09980526376205, -14.13577537506467 ], [ -169.64980558254607, -15.00681703291881 ], [ -169.64980558254607, -18.02642638371345 ], [ -166.49980781522615, -18.88013997510117 ], [ -163.79980972733406, -20.99513154302578 ], [ -160.19981227700995, -20.99513154302578 ], [ -159.86231251669406, -20.99513154302578 ], [ -156.5998148272819, -20.57441905727613 ], [ -151.87481817451393, -17.38340200594246 ], [ -151.08219385628468, -17.44049478966 ], [ -150.07481944965008, -17.9194162021147 ], [ -149.51231984812989, -17.9194162021147 ], [ -149.3233199820192, -17.75044654103143 ] ] ] } },
{ "type": "Feature", "properties": { "id": "malta-italy-interconnector", "name": "Malta-Italy Interconnector", "color": "#bf3b28", "feature_id": "malta-italy-interconnector-0", "coordinates": [ 14.565709909689183, 36.363815050467743 ] }, "geometry": { "type": "MultiLineString", "coordinates": [ [ [ 14.55026392839648, 36.78477228631661 ], [ 14.62506387540736, 36.60275474032976 ], [ 14.51256395510343, 36.1498667868178 ], [ 14.45876399321583, 35.93405551706606 ] ] ] } },
{ "type": "Feature", "properties": { "id": "caribbean-regional-communications-infrastructure-program-carcip", "name": "Caribbean Regional Communications Infrastructure Program (CARCIP)", "color": "#a69b33", "feature_id": "caribbean-regional-communications-infrastructure-program-carcip-0", "coordinates": [ -61.555781248307547, 12.669103176552872 ] }, "geometry": { "type": "MultiLineString", "coordinates": [ [ [ -61.32304895989583, 13.05415069529863 ], [ -61.26685736204352, 13.02675103044413 ], [ -61.24468237775242, 12.99754041050682 ] ], [ [ -61.39063227436026, 12.95608245328403 ], [ -61.27833235391453, 12.92872069834942 ], [ -61.18718241848592, 12.87771244360543 ] ], [ [ -61.44885723311303, 12.84262005691341 ], [ -61.39265727292568, 12.78767373434463 ], [ -61.33898231094949, 12.6996256186489 ] ], [ [ -61.53533217185347, 12.72891132912109 ], [ -61.47898221177227, 12.67413543381157 ], [ -61.44319278400084, 12.61139452071088 ] ], [ [ -61.59358213058859, 12.55854557069944 ], [ -61.53733217043663, 12.53104322649939 ], [ -61.4785931495479, 12.47374285203065 ] ], [ [ -61.5930834797939, 12.17091083195906 ], [ -61.47777843801405, 12.27722282982045 ], [ -61.53338217323483, 12.3427433217666 ], [ -61.58963213338679, 12.39573400002297 ], [ -61.59358213058859, 12.55854557069944 ], [ -61.53533217185347, 12.72891132912109 ], [ -61.44885723311303, 12.84262005691341 ], [ -61.39063227436026, 12.95608245328403 ], [ -61.32304895989583, 13.05415069529863 ], [ -61.20828240353852, 13.14546093885031 ] ], [ [ -61.14278674681129, 13.37311240030485 ], [ -61.19988240948919, 13.43742434711386 ], [ -61.25613236964116, 13.41001911215668 ], [ -61.24088238044438, 13.29091633307436 ] ] ] } },
{ "type": "Feature", "properties": { "id": "energinet-laeso-varberg", "name": "Energinet Laeso-Varberg", "color": "#373996", "feature_id": "energinet-laeso-varberg-0", "coordinates": [ 11.557203093552619, 57.105449150617787 ] }, "geometry": { "type": "MultiLineString", "coordinates": [ [ [ 10.88716652336902, 57.25699774827183 ], [ 11.02506642567931, 57.17764775045615 ], [ 11.70006594750324, 57.08606597586805 ], [ 12.25126555702836, 57.10529657756181 ] ] ] } },
{ "type": "Feature", "properties": { "id": "energinet-lyngsa-laeso", "name": "Energinet Lyngsa-Laeso", "color": "#a74234", "feature_id": "energinet-lyngsa-laeso-0", "coordinates": [ 10.701035387650101, 57.225623973921458 ] }, "geometry": { "type": "MultiLineString", "coordinates": [ [ [ 10.51461678728665, 57.24491811100573 ], [ 10.68756666476734, 57.22335372144124 ], [ 10.88716652336902, 57.25699774827183 ] ] ] } },
{ "type": "Feature", "properties": { "id": "skagenfiber-west", "name": "Skagenfiber West", "color": "#463d98", "feature_id": "skagenfiber-west-0", "coordinates": [ 9.9000672226393043, 58.336423287848461 ] }, "geometry": { "type": "MultiLineString", "coordinates": [ [ [ 10.01636714025145, 59.0811106975134 ], [ 10.01256714294323, 58.93317132635278 ], [ 9.9000672226393, 58.34773024524853 ], [ 9.9000672226393, 57.8123997505166 ], [ 9.95926718070162, 57.58818834277179 ] ] ] } },
{ "type": "Feature", "properties": { "id": "pasuli", "name": "PASULI", "color": "#c82026", "feature_id": "pasuli-0", "coordinates": [ 105.00346543425965, -2.1623603588705991 ] }, "geometry": { "type": "MultiLineString", "coordinates": [ [ [ 104.87451166060187, -2.29534634931288 ], [ 104.96249987952004, -2.18712850784069 ], [ 105.16425973659172, -2.06514265343443 ] ] ] } },
{ "type": "Feature", "properties": { "id": "sjjk", "name": "SJJK", "color": "#32499f", "feature_id": "sjjk-0", "coordinates": [ 113.71861943422607, -4.9565091672119417 ] }, "geometry": { "type": "MultiLineString", "coordinates": [ [ [ 112.59819447032245, -6.95333782718195 ], [ 112.49999453988829, -6.64148353388948 ], [ 112.49999453988829, -6.39309949782391 ], [ 112.89374426095222, -5.83380111942526 ], [ 112.83749430080026, -5.77783969920968 ], [ 112.5855944792486, -5.79350945668353 ] ], [ [ 114.66674769244001, -3.88282778055257 ], [ 114.07499342414418, -4.37714437553184 ], [ 113.84999358353615, -4.82569249921742 ], [ 112.94999422110418, -5.72187274783412 ], [ 112.83749430080026, -5.72187274783412 ], [ 112.5855944792486, -5.79350945668353 ] ], [ [ 105.58496037606339, -5.76933307776485 ], [ 105.69374936149612, -6.00165166491379 ], [ 105.88389922679222, -6.07371060106276 ] ] ] } },
{ "type": "Feature", "properties": { "id": "link-5-phase-2", "name": "Link 5 Phase-2", "color": "#c82026", "feature_id": "link-5-phase-2-0", "coordinates": [ 105.08998569596574, -0.95385902508779064 ] }, "geometry": { "type": "MultiLineString", "coordinates": [ [ [ 103.48820092392755, -0.8234723215095 ], [ 103.95000059678415, -0.78138663622559 ], [ 104.40000027800004, -0.78138663622559 ], [ 105.74999932164808, -1.11883950690528 ], [ 106.08749908256004, -1.34378724789632 ], [ 106.19999900286416, -1.681168935905 ], [ 106.13251858191791, -1.85149793733644 ] ] ] } },
{ "type": "Feature", "properties": { "id": "link-4-phase-2", "name": "Link 4 Phase-2", "color": "#32499f", "feature_id": "link-4-phase-2-0", "coordinates": [ 106.90314473056048, -2.5758925784700093 ] }, "geometry": { "type": "MultiLineString", "coordinates": [ [ [ 106.13251858191791, -1.85149793733644 ], [ 106.31249892316808, -1.7936171203549 ], [ 106.71024864020762, -2.13091848096033 ], [ 107.09999836529612, -3.02999596800866 ], [ 107.32499820590417, -3.25465736479768 ], [ 107.5499980465122, -3.25465736479768 ], [ 107.69638466156057, -3.19596146783133 ] ] ] } },
{ "type": "Feature", "properties": { "id": "link-3-phase-2", "name": "Link 3 Phase-2", "color": "#32499f", "feature_id": "link-3-phase-2-0", "coordinates": [ 107.36856158675505, -4.704474226031846 ] }, "geometry": { "type": "MultiLineString", "coordinates": [ [ [ 106.9874984449922, -5.2739443636413 ], [ 107.12099835041957, -5.98115426026328 ] ], [ [ 107.69638466156057, -3.19596146783133 ], [ 107.66249796681612, -3.47926867897006 ], [ 107.43749812620827, -4.60145376483711 ], [ 106.9874984449922, -5.2739443636413 ], [ 106.83339855415794, -6.1289648492105 ] ] ] } },
{ "type": "Feature", "properties": { "id": "link-2-phase-2", "name": "Link 2 Phase-2", "color": "#4a499e", "feature_id": "link-2-phase-2-0", "coordinates": [ 114.24409282969989, -8.9295732103792638 ] }, "geometry": { "type": "MultiLineString", "coordinates": [ [ [ 113.45679386208275, -8.37408778927775 ], [ 113.6249937429283, -8.6236601111293 ], [ 114.29999326475222, -8.95719508174311 ], [ 114.97499278657615, -8.95719508174311 ], [ 115.15985265561976, -8.78370541399481 ] ] ] } },
{ "type": "Feature", "properties": { "id": "link-1-phase-2", "name": "Link 1 Phase-2", "color": "#5a9f43", "feature_id": "link-1-phase-2-0", "coordinates": [ 115.6726818504907, -8.623660111129297 ] }, "geometry": { "type": "MultiLineString", "coordinates": [ [ [ 115.25956289748402, -8.69510191560298 ], [ 115.53749238809615, -8.6236601111293 ], [ 115.87499214900831, -8.6236601111293 ], [ 116.04726202697084, -8.48546501078687 ] ] ] } },
{ "type": "Feature", "properties": { "id": "link-3-phase-1", "name": "Link 3 Phase-1", "color": "#5a9f43", "feature_id": "link-3-phase-1-0", "coordinates": [ 116.81114646890252, -7.955717094334652 ] }, "geometry": { "type": "MultiLineString", "coordinates": [ [ [ 116.04726202697084, -8.48546501078687 ], [ 116.0437420294642, -8.40113904812284 ], [ 116.09999198961616, -8.17849027894493 ], [ 116.54999167083223, -7.95571709433465 ], [ 117.4499910332642, -7.95571709433465 ], [ 117.86151417923745, -8.10811342968634 ] ] ] } },
{ "type": "Feature", "properties": { "id": "link-2-phase-1", "name": "Link 2 Phase-1", "color": "#5a9f43", "feature_id": "link-2-phase-1-0", "coordinates": [ 118.62829725367511, -0.13306273837288116 ] }, "geometry": { "type": "MultiLineString", "coordinates": [ [ [ 117.53549097269546, 0.32454365340001 ], [ 117.89999071448027, 0.23108779734066 ], [ 119.24998975812831, -0.44390665691854 ], [ 119.66610274459994, -0.71195899179155 ] ] ] } },
{ "type": "Feature", "properties": { "id": "link-1-phase-1", "name": "Link 1 Phase-1", "color": "#37b19b", "feature_id": "link-1-phase-1-0", "coordinates": [ 119.05234026140174, -7.0359837894711088 ] }, "geometry": { "type": "MultiLineString", "coordinates": [ [ [ 117.86151417923745, -8.10811342968634 ], [ 118.34999039569617, -7.73282279439177 ], [ 119.47498959873617, -6.61665069347536 ], [ 119.58748951904028, -6.1694505295745 ], [ 119.80928936191533, -5.66903491811687 ] ] ] } },
{ "type": "Feature", "properties": { "id": "prat", "name": "Prat", "color": "#18b199", "feature_id": "prat-0", "coordinates": [ -71.996421518061155, -30.333612085632726 ] }, "geometry": { "type": "MultiLineString", "coordinates": [ [ [ -72.95341123369901, -41.46037424479032 ], [ -73.3498738023213, -41.60922308603503 ], [ -73.79987348353728, -41.64192625954094 ], [ -74.24987316475335, -41.39859245412445 ], [ -74.24987316475335, -40.54922829806915 ], [ -73.79336348874507, -39.15216193718986 ], [ -73.39677376969291, -38.78712693980819 ], [ -73.57487364352532, -38.70085673739965 ], [ -73.79987348413327, -38.34880601117133 ], [ -73.79987348353728, -37.04328040742407 ], [ -73.57487364352532, -36.86347758137082 ], [ -73.10897397357299, -36.83168432227461 ], [ -73.12487396171335, -35.95811819864919 ], [ -72.8998741217013, -35.47096027456558 ], [ -72.41606446443656, -35.3183747616349 ], [ -72.44987444048532, -34.73466151270862 ], [ -72.22487459987728, -33.991743556435 ], [ -71.60009504247698, -33.54688527485856 ], [ -71.77487491806531, -33.3676367639474 ], [ -71.62043502747198, -33.04554123247811 ], [ -71.77487491806531, -31.85146566557725 ], [ -71.99987475867334, -30.30995334464681 ], [ -71.54987507745727, -29.92069711126897 ], [ -71.25021708661278, -29.90630723159051 ], [ -71.54987507745727, -29.52991296614913 ], [ -71.7748749186613, -28.74381028114989 ], [ -71.54987507805326, -27.42044677643357 ], [ -70.81235560051893, -27.06199460208447 ], [ -71.09987539683728, -26.21568228509315 ], [ -71.09987539624129, -24.31670674946918 ], [ -70.76237563532924, -23.90596926179026 ], [ -70.39997354830837, -23.65002363065001 ], [ -70.76237563532924, -23.49392244589784 ], [ -70.76237563592531, -22.94251974031636 ], [ -70.64987571562129, -22.52748528666693 ], [ -70.1976560359779, -22.08837968438005 ], [ -70.64987571562129, -21.27495094110979 ], [ -70.64987571562129, -20.85502445095989 ], [ -70.14221005903543, -20.21670486485299 ], [ -70.64987571562129, -19.58826877576847 ], [ -70.6498757150253, -19.30538407236131 ], [ -70.30675595809456, -18.47354307365121 ] ] ] } },
{ "type": "Feature", "properties": { "id": "ultramar-ge", "name": "Ultramar GE", "color": "#41b87b", "feature_id": "ultramar-ge-0", "coordinates": [ 6.4013500837250605, -0.61669571393939182 ] }, "geometry": { "type": "MultiLineString", "coordinates": [ [ [ 6.73326946602867, 0.33328647188596 ], [ 6.87506936557624, 0.11858841888831 ], [ 6.75006945412733, -0.33140932966026 ], [ 5.65007023337711, -1.23131575021741 ], [ 5.6368702427282, -1.43516029835602 ] ] ] } },
{ "type": "Feature", "properties": { "id": "umo", "name": "UMO", "color": "#34a496", "feature_id": "umo-0", "coordinates": [ 97.383928623928256, 7.594235564906584 ] }, "geometry": { "type": "MultiLineString", "coordinates": [ [ [ 96.24820605280762, 16.7587722780459 ], [ 96.44170591573067, 14.83337908026488 ], [ 96.75000569732805, 11.29470931956548 ], [ 97.42500521915215, 7.35445426629998 ], [ 99.67500362523216, 5.28606986082101 ], [ 100.46250306736002, 4.61359157886277 ], [ 100.80000282827217, 3.26681481681567 ], [ 101.25000250948806, 2.81745044265417 ], [ 102.15000187192003, 2.19929675402769 ], [ 102.68279723997186, 1.78311824852795 ], [ 103.34065102845322, 1.38397800415377 ], [ 103.50000091556807, 1.28531735946298 ], [ 103.6471008113613, 1.3381659669496 ] ] ] } },
{ "type": "Feature", "properties": { "id": "polar-circle-cable", "name": "Polar Circle Cable", "color": "#51b847", "feature_id": "polar-circle-cable-0", "coordinates": [ 13.003013674051955, 66.312054201844134 ] }, "geometry": { "type": "MultiLineString", "coordinates": [ [ [ 10.39205906160764, 63.43100204742547 ], [ 10.29381694370323, 63.47597811024256 ], [ 9.9000672226393, 63.50108679250967 ], [ 9.84381726248734, 63.57628059164396 ], [ 9.67506738203127, 63.67620878431391 ], [ 9.50632350157109, 63.67623095645975 ], [ 9.45006754142323, 63.72607438667935 ], [ 9.45006754142323, 63.82549832634276 ], [ 9.6188174218793, 63.9245724837926 ], [ 9.9000672226393, 64.12167519439019 ], [ 10.23756698355127, 64.31739001144432 ], [ 10.46256682415931, 64.46326983353534 ], [ 10.80006658507127, 64.53591955943627 ], [ 11.02506642567931, 64.70468599661157 ], [ 11.23737096278079, 64.86207950442952 ], [ 11.47506610689538, 64.96778031868575 ], [ 11.70006594750324, 65.01533984410804 ], [ 11.92506578811128, 65.13386892664593 ], [ 12.20776558784419, 65.4735570531501 ], [ 12.17819060879539, 65.55616358500053 ], [ 12.26256554902342, 65.62596082080819 ], [ 12.54381534978342, 65.83404693088374 ], [ 12.63146528769133, 66.02153874887068 ], [ 12.76881519039128, 66.15441959094389 ], [ 13.01826501367876, 66.19806628775785 ], [ 12.99381503099932, 66.38080449917227 ], [ 13.05006499115128, 66.44832399589347 ], [ 12.93756507084735, 66.56045213116762 ], [ 13.05006499115128, 66.71658546201289 ], [ 13.50006467236735, 66.9599547424863 ], [ 13.95006435358343, 67.13543790495432 ], [ 14.40006403479932, 67.28600553539499 ], [ 14.51256395510343, 67.4394931950777 ], [ 14.90631367616736, 67.61151472096566 ], [ 15.1313135167754, 67.65432532704786 ], [ 15.35631335738343, 67.78229156045444 ], [ 15.58131319799147, 67.90956187665087 ], [ 15.88756298104107, 67.97293705344723 ], [ 16.14381279951147, 68.0571685658069 ], [ 16.17188777962302, 68.1411682869287 ], [ 16.12707281137033, 68.22074777678259 ], [ 16.06516285522785, 68.28972225489511 ], [ 16.15242279341198, 68.36187412811805 ], [ 16.31256267996736, 68.38642806305175 ], [ 16.66881242759671, 68.41735740826869 ], [ 17.07326187682201, 68.4078545509302 ], [ 17.5600227337549, 68.42054850557746 ] ] ] } },
{ "type": "Feature", "properties": { "id": "tverrlinken", "name": "Tverrlinken", "color": "#1bbaae", "feature_id": "tverrlinken-0", "coordinates": [ 13.563638846080835, 66.262184546832032 ] }, "geometry": { "type": "MultiLineString", "coordinates": [ [ [ 13.01822907620419, 66.19806628775785 ], [ 13.05006499115128, 66.24521776261776 ], [ 13.21881487160735, 66.2904946262551 ], [ 13.38756475206343, 66.31310255415397 ], [ 13.56363884608083, 66.29296835834754 ], [ 13.56363884608083, 66.24773433541888 ], [ 13.62447864673136, 66.22416306028732 ], [ 13.78131447312736, 66.256524477016 ], [ 13.95006435358343, 66.256524477016 ], [ 14.1419587488935, 66.31371064643902 ] ] ] } },
{ "type": "Feature", "properties": { "id": "national-digital-transmission-network-ndtn", "name": "National Digital Transmission Network (NDTN)", "color": "#a3492e", "feature_id": "national-digital-transmission-network-ndtn-0", "coordinates": [ 122.2201301190194, 10.321516903939438 ] }, "geometry": { "type": "MultiLineString", "coordinates": [ [ [ 122.43363382518383, 10.42590011451542 ], [ 122.56210741119708, 10.72015096523159 ] ], [ [ 121.05018848285071, 12.3630129147707 ], [ 121.04998848299225, 11.73565016140583 ], [ 121.27498832360028, 11.29470931956548 ], [ 121.49998816420832, 10.41081650540272 ], [ 121.94998784542422, 10.18944276650763 ], [ 122.43363382518383, 10.42590011451542 ], [ 122.28748760633636, 9.96791518697413 ], [ 122.28748760633636, 9.52441134501949 ], [ 122.84998720785636, 8.85808231047822 ], [ 123.18748696876833, 8.85808231047822 ], [ 123.29998688907226, 9.08033076823294 ], [ 123.28143690221334, 9.295503918748 ] ], [ [ 121.61229277215068, 13.93527518664887 ], [ 121.72498800481618, 13.49212817646408 ], [ 121.83748792512029, 13.05415069529863 ], [ 121.83748792512029, 12.72515592356304 ], [ 121.72498800481618, 12.39573400002297 ], [ 121.3874882439044, 12.2308660876692 ], [ 121.05018848285071, 12.3630129147707 ] ] ] } },
{ "type": "Feature", "properties": { "id": "rnne-rdvig", "name": "Rønne-Rødvig", "color": "#2aaf8a", "feature_id": "rnne-rdvig-0", "coordinates": [ 13.533267873522265, 55.113215716596841 ] }, "geometry": { "type": "MultiLineString", "coordinates": [ [ [ 12.37186547159436, 55.25612479328503 ], [ 12.82506515054343, 55.14215100378178 ], [ 14.40006403479932, 55.07780072164767 ], [ 14.70836381639689, 55.10103597610051 ] ] ] } },
{ "type": "Feature", "properties": { "id": "chennai-andaman-nicobar-islands-cable-cani", "name": "Chennai-Andaman & Nicobar Islands Cable (CANI)", "color": "#b0c435", "feature_id": "chennai-andaman-nicobar-islands-cable-cani-0", "coordinates": [ 86.727458321433645, 12.314949113858496 ] }, "geometry": { "type": "MultiLineString", "coordinates": [ [ [ 92.72647339138615, 11.62337558923411 ], [ 92.81250848668803, 11.29470931956548 ], [ 92.25000888516803, 11.07398278122661 ], [ 89.10001111665605, 11.73565016140583 ], [ 83.70001494206389, 13.05415069529863 ], [ 81.45001653598388, 12.83486881784652 ], [ 80.24298739105474, 13.06385310188338 ] ], [ [ 92.91387560237854, 12.50692287821673 ], [ 92.9236029863318, 12.45624046231183 ], [ 92.93506699361643, 12.39649703607185 ], [ 92.9875083627165, 12.17588718550798 ], [ 92.98760601889738, 11.97601592593175 ], [ 92.87075844542325, 11.73565016140583 ], [ 92.72647339138615, 11.62337558923411 ], [ 92.86875844683999, 11.29470931956548 ], [ 92.75625852653606, 10.85308969074528 ], [ 92.59717660798114, 10.70909511673608 ], [ 92.70000856638391, 10.41081650540272 ], [ 92.92500840699213, 9.52441134501949 ], [ 92.81641473392081, 9.17752136141411 ], [ 93.03750832729607, 9.08033076823294 ], [ 93.31875812805606, 8.30188016876091 ], [ 93.48145332530132, 8.17227424676733 ], [ 93.4063830659818, 8.07917551824101 ], [ 93.45958302829436, 7.9677768822597 ], [ 93.54375796866411, 7.85634792259245 ], [ 93.93750768972804, 7.29876275445952 ], [ 93.92744910310356, 7.03133672204029 ] ] ] } },
{ "type": "Feature", "properties": { "id": "dunant", "name": "Dunant", "color": "#ab7a2b", "feature_id": "dunant-0", "coordinates": [ -38.8058960245367, 39.911684300267069 ] }, "geometry": { "type": "MultiLineString", "coordinates": [ [ [ -1.96832436968065, 46.69399663348963 ], [ -2.69992385140869, 46.5823550820958 ], [ -5.39992193870468, 46.5823550820958 ], [ -9.8999187508647, 46.27218285381365 ], [ -16.19991428788883, 45.33107107332486 ], [ -23.39990918734485, 44.05151922873524 ], [ -39.59989771112098, 39.6983233549332 ], [ -50.39989006030513, 37.41128363492324 ], [ -61.19988240948919, 37.58978657360306 ], [ -72.44987443988924, 37.23235432155614 ], [ -74.69987284596934, 36.72307894944547 ], [ -76.05919805488554, 36.75500844064253 ] ] ] } },
{ "type": "Feature", "properties": { "id": "gulf-of-california-cable", "name": "Gulf of California Cable", "color": "#863f98", "feature_id": "gulf-of-california-cable-0", "coordinates": [ -109.82192082171105, 24.990270773742214 ] }, "geometry": { "type": "MultiLineString", "coordinates": [ [ [ -110.30544762264607, 24.10253662184481 ], [ -110.13734774172947, 24.53265756616073 ], [ -109.57484814020947, 25.34871742211671 ], [ -109.05034851177005, 25.60068153474025 ] ] ] } },
{ "type": "Feature", "properties": { "id": "coral-sea-cable-system-cs", "name": "Coral Sea Cable System (CS²)", "color": "#3c4b9f", "feature_id": "coral-sea-cable-system-cs-0", "coordinates": [ 155.40462022411589, -21.169309790432731 ] }, "geometry": { "type": "MultiLineString", "coordinates": [ [ [ 157.19068553683346, -8.24208943896252 ], [ 157.2749628208806, -7.95571709433465 ], [ 157.38746274118455, -7.73282279439177 ] ], [ [ 156.3958618811439, -6.708991470564 ], [ 156.59996329905667, -7.28668409428739 ], [ 157.38746274118455, -7.73282279439177 ], [ 158.39996202392061, -8.06711903252921 ], [ 159.74996106756865, -8.90162685539645 ], [ 159.94976092602863, -9.42905364643845 ] ], [ [ 160.70132758111177, -8.7746372976857 ], [ 160.64996043000062, -9.17938254587128 ], [ 160.5374605096967, -9.29042430103552 ], [ 160.19996074878455, -9.29042430103552 ], [ 159.94976092602863, -9.42905364643845 ] ], [ [ 154.79996457419256, -15.44102365956809 ], [ 152.09996648689665, -14.13577537506467 ], [ 148.49996903716843, -11.5033338459843 ], [ 147.2624699138245, -10.17745743036107 ], [ 147.18851969098361, -9.47958929269729 ] ], [ [ 151.20699836948359, -33.86955536437545 ], [ 152.09996648689665, -33.3676367639474 ], [ 154.28036255858561, -31.85146566557725 ], [ 155.69996393662453, -28.74381028114989 ], [ 155.69996393662453, -25.54089607625931 ], [ 155.24996425540846, -18.88013997510117 ], [ 154.79996457419256, -15.44102365956809 ], [ 157.04996298027257, -11.94394493174681 ], [ 159.18746146604866, -10.17745743036107 ], [ 159.29996138635258, -9.73423534230066 ], [ 159.24376142616532, -9.29042430103552 ], [ 159.52496122696061, -9.01275481488178 ], [ 159.74996106756865, -9.01275481488178 ], [ 159.94976092602863, -9.42905364643845 ] ] ] } },
{ "type": "Feature", "properties": { "id": "malbec", "name": "Malbec", "color": "#939597", "feature_id": "malbec-0", "coordinates": [ -50.438302216211021, -31.718498826133224 ] }, "geometry": { "type": "MultiLineString", "coordinates": [ [ [ -48.59989133544111, -32.61276000573574 ], [ -50.97802017710233, -31.45596294505899 ], [ -51.22802, -30.034259 ] ] ] } },
{ "type": "Feature", "properties": { "id": "malbec", "name": "Malbec", "color": "#b13885", "feature_id": "malbec-1", "coordinates": [ -49.047903581810445, -32.875181128087604 ] }, "geometry": { "type": "MultiLineString", "coordinates": [ [ [ -43.20956515399876, -22.90348655549796 ], [ -43.64989484206502, -23.90596926179026 ], [ -44.99989388571306, -24.52157920760467 ], [ -46.12489308875306, -25.13418654706134 ] ], [ [ -46.41249054126634, -24.00886625539167 ], [ -46.12489308875306, -25.13418654706134 ] ], [ [ -46.12489308875306, -25.13418654706134 ], [ -46.3498929293611, -27.95174728521976 ], [ -48.59989133544111, -32.61276000573574 ], [ -53.99988751003309, -35.77578304431546 ], [ -56.69544224110184, -36.47097855291435 ] ] ] } },
{ "type": "Feature", "properties": { "id": "st-pierre-and-miquelon-cable", "name": "St. Pierre and Miquelon Cable", "color": "#63ae45", "feature_id": "st-pierre-and-miquelon-cable-0", "coordinates": [ -56.188934564365447, 47.066592261245241 ] }, "geometry": { "type": "MultiLineString", "coordinates": [ [ [ -55.83589977066384, 47.07196443816744 ], [ -56.13738599580918, 47.12091150337974 ], [ -56.19363595596113, 47.12087748071986 ], [ -56.34988584527223, 47.08368621678281 ], [ -56.19363595596113, 47.08262225469689 ], [ -56.13733599584455, 46.89066036987498 ], [ -56.18058596520581, 46.77583029845104 ], [ -55.9686361153531, 46.81382628533593 ], [ -55.80328623248849, 46.86895827528439 ] ] ] } },
{ "type": "Feature", "properties": { "id": "sea2shore", "name": "sea2shore", "color": "#50c2bc", "feature_id": "sea2shore-0", "coordinates": [ -71.503283316638047, 41.308290790740486 ] }, "geometry": { "type": "MultiLineString", "coordinates": [ [ [ -71.59367504642896, 41.19196314160889 ], [ -71.49162511872214, 41.32329405220932 ], [ -71.44277515332787, 41.44139346840826 ] ] ] } },
{ "type": "Feature", "properties": { "id": "nordbalt", "name": "NordBalt", "color": "#7b439a", "feature_id": "nordbalt-0", "coordinates": [ 18.287468563973121, 55.716652093821786 ] }, "geometry": { "type": "MultiLineString", "coordinates": [ [ [ 15.90866296609394, 56.74380010331269 ], [ 16.08756283935933, 56.593792978419 ], [ 16.20006275966344, 56.34522292681988 ], [ 16.31256267996736, 56.03221697111693 ], [ 17.32506196270344, 55.71665209382179 ], [ 20.47505973121542, 55.71665209382179 ], [ 21.14995925311048, 55.69574860959884 ] ] ] } },
{ "type": "Feature", "properties": { "id": "southeast-asia-japan-cable-2-sjc2", "name": "Southeast Asia-Japan Cable 2 (SJC2)", "color": "#cfc12a", "feature_id": "southeast-asia-japan-cable-2-sjc2-0", "coordinates": [ 120.24622973092585, 20.280825284596364 ] }, "geometry": { "type": "MultiLineString", "coordinates": [ [ [ 126.22498481697637, 25.55188275942587 ], [ 123.74998657028833, 25.65333661327605 ], [ 122.84998720785636, 25.75470426341523 ], [ 121.94998784542422, 25.65333661327605 ], [ 121.48768817292181, 25.18162628187736 ] ], [ [ 128.24998338244836, 28.35923352610856 ], [ 127.12498417940834, 29.54050774539449 ], [ 125.7749851357603, 30.32046542476144 ], [ 124.6499859327203, 30.90139608851551 ], [ 122.84998720785636, 31.28673881439175 ], [ 122.17498768603225, 31.14241851146366 ], [ 121.89608788360773, 30.93566174731471 ] ], [ [ 129.5999824260964, 28.75448641587171 ], [ 129.37498258548837, 30.90139608851551 ], [ 129.1499827448803, 31.67051304708713 ], [ 129.26248266518442, 32.8123187832876 ], [ 129.37498258548837, 34.31215165223547 ], [ 128.999482851496, 35.17030187110516 ] ], [ [ 138.59997605041642, 32.0527080234862 ], [ 137.69997668798445, 33.09551711711581 ], [ 136.87399727311598, 34.33682825203173 ] ], [ [ 100.5951029728293, 7.19881807126442 ], [ 101.70000219070414, 7.41033712171514 ], [ 103.04883123518101, 7.56312327414524 ], [ 105.29999964043219, 6.18155703253704 ], [ 107.09999836529612, 4.83782639198656 ] ], [ [ 112.94999422110418, 12.61539556739339 ], [ 111.59999517745614, 13.27323815754759 ], [ 110.02499629320025, 13.71081773817964 ], [ 109.21959686375268, 13.78291044143207 ] ], [ [ 120.14998912056028, 20.26954403592959 ], [ 120.48748888147225, 21.63529738485955 ], [ 120.66208875778415, 22.24916819612378 ] ], [ [ 114.7499929459683, 18.25181631902822 ], [ 114.29999326475222, 20.79630610510887 ], [ 114.20309333339704, 22.22214038855274 ] ], [ [ 103.98701228931471, 1.38945139680023 ], [ 104.19209042528557, 1.27648207407285 ], [ 104.28790035741287, 1.32789375502088 ], [ 104.45655023793971, 1.46842676733197 ], [ 104.84999995921611, 2.81745044265417 ], [ 105.74999932164808, 4.0527020972683 ], [ 107.09999836529612, 4.83782639198656 ], [ 107.99999772772827, 5.51007171180325 ], [ 110.69999581502417, 7.74488905255145 ], [ 111.93749493836829, 9.96791518697413 ], [ 112.94999422110418, 12.61539556739339 ], [ 114.52499310476436, 17.10851996079568 ], [ 114.7499929459683, 18.25181631902822 ], [ 116.99999135204831, 19.52907092435091 ], [ 120.14998912056028, 20.26954403592959 ], [ 121.04998848299225, 20.37504125346543 ], [ 122.84998720785636, 20.90143978523765 ], [ 124.87498577332833, 22.05298561667754 ], [ 125.7749851357603, 24.12261698700344 ], [ 126.22498481697637, 25.55188275942587 ], [ 126.67498449819227, 26.1593079707739 ], [ 128.24998338244836, 28.35923352610856 ], [ 129.5999824260964, 28.75448641587171 ], [ 131.39998115096031, 29.0499486444657 ], [ 134.99997860068837, 30.12604984672283 ], [ 136.79997732555231, 30.90139608851551 ], [ 138.59997605041642, 32.0527080234862 ], [ 139.04997573163232, 32.43331330641721 ], [ 139.72497525345642, 33.93964008831966 ], [ 140.23122489482446, 34.40502275071594 ], [ 140.20309991415249, 34.69072647741027 ], [ 140.0343500336966, 34.85244570884615 ], [ 139.95467509073509, 34.97672776066548 ] ] ] } },
{ "type": "Feature", "properties": { "id": "no-uk", "name": "NO-UK", "color": "#ac84bb", "feature_id": "no-uk-0", "coordinates": [ 2.4897036299592137, 56.52964381322203 ] }, "geometry": { "type": "MultiLineString", "coordinates": [ [ [ -1.61777833073468, 54.97824921450541 ], [ -0.89992512654467, 55.33458061322904 ], [ 0.90007359831927, 55.84318584148108 ], [ 2.53497244014177, 56.54919247234551 ], [ 3.37507184500731, 58.05131589106027 ], [ 4.05007136683124, 58.64167777138501 ], [ 5.17507056987125, 58.90413203005045 ], [ 5.51257033078321, 59.02014280892374 ], [ 5.73077017620851, 58.9708214866686 ] ] ] } },
{ "type": "Feature", "properties": { "id": "sakhalin-kuril-islands-cable", "name": "Sakhalin-Kuril Islands Cable", "color": "#c1b230", "feature_id": "sakhalin-kuril-islands-cable-0", "coordinates": [ 147.16528656863258, 45.470933866162532 ] }, "geometry": { "type": "MultiLineString", "coordinates": [ [ [ 143.14553369999982, 46.8595051917203 ], [ 143.454021634475, 46.93117918037432 ], [ 145.57497110926448, 46.27218285381365 ], [ 147.59996967473646, 45.25192738121446 ], [ 147.88151244403892, 45.08668996809888 ], [ 147.59996967473646, 45.17267324698427 ], [ 147.05997005727735, 45.03772308017778 ], [ 146.75634527236804, 44.69482908957816 ], [ 146.69997031230449, 44.37405751055857 ], [ 146.24997063108842, 44.05151922873524 ], [ 145.85856465836412, 44.03453155100804 ], [ 146.24997063108842, 43.88958773629964 ], [ 146.74723590382109, 43.7936197418982 ] ] ] } },
{ "type": "Feature", "properties": { "id": "meltingpot-indianoceanic-submarine-system-metiss", "name": "Meltingpot Indianoceanic Submarine System (METISS)", "color": "#69bd45", "feature_id": "meltingpot-indianoceanic-submarine-system-metiss-0", "coordinates": [ 44.941910551489777, -26.361278448096385 ] }, "geometry": { "type": "MultiLineString", "coordinates": [ [ [ 54.00003598180769, -20.57441905727613 ], [ 54.45003566302377, -20.67970695350909 ], [ 54.90003534423966, -20.89006349975319 ], [ 55.30323505860935, -20.944427907259 ] ], [ [ 46.98534095108351, -25.02251026148496 ], [ 47.25004076356767, -25.33771218660113 ], [ 47.70004044478375, -25.54089607625931 ] ], [ [ 30.90155234499028, -30.02161828745688 ], [ 32.40005128343957, -29.92069711126897 ], [ 38.70004682046353, -27.55351399643815 ], [ 45.00004235748766, -26.35017490457371 ], [ 47.70004044478375, -25.54089607625931 ], [ 49.0500394884316, -24.72611802920699 ], [ 51.75003757572769, -23.08058350574764 ], [ 53.55003630059162, -20.99513154302578 ], [ 54.00003598180769, -20.57441905727613 ], [ 54.90003534423966, -20.15254378601873 ], [ 55.80003470667163, -20.15254378601873 ], [ 56.70003406910378, -20.04689558732867 ], [ 57.4951335058479, -20.12212441603413 ] ] ] } },
{ "type": "Feature", "properties": { "id": "java-bali-cable-system-jbcs", "name": "Java Bali Cable System (JBCS)", "color": "#9b3794", "feature_id": "java-bali-cable-system-jbcs-0", "coordinates": [ 114.42270747463041, -8.3762060408277055 ] }, "geometry": { "type": "MultiLineString", "coordinates": [ [ [ 114.3103932573849, -8.44802754685532 ], [ 114.47074314379155, -8.34548869989964 ], [ 114.52729310373104, -8.29458023599906 ] ] ] } },
{ "type": "Feature", "properties": { "id": "jakarta-surabaya-cable-system-jayabaya", "name": "Jakarta Surabaya Cable System (JAYABAYA)", "color": "#4b3c97", "feature_id": "jakarta-surabaya-cable-system-jayabaya-0", "coordinates": [ 110.10010340348813, -6.8671919618083912 ] }, "geometry": { "type": "MultiLineString", "coordinates": [ [ [ 107.12099835041957, -5.98115426026328 ], [ 107.32499820590417, -5.83380111942526 ], [ 107.5499980465122, -5.83380111942526 ], [ 108.44999740894416, -6.1694505295745 ], [ 108.67499724955221, -6.39309949782391 ], [ 108.67499724955221, -6.56077224456357 ], [ 108.55734425507973, -6.71665341988051 ], [ 108.78749716985612, -6.61665069347536 ], [ 109.79999645259221, -6.61665069347536 ], [ 110.02499629320025, -6.73087135031362 ], [ 110.18788680280707, -7.02652024149284 ], [ 110.24999613380828, -6.73087135031362 ], [ 110.69999581502417, -6.28128702504858 ], [ 111.37499533684829, -6.1694505295745 ], [ 112.16249477897614, -6.39309949782391 ], [ 112.61249446019221, -6.61665069347536 ], [ 112.71972094673198, -7.271863121196 ] ] ] } },
{ "type": "Feature", "properties": { "id": "southern-cross-next", "name": "Southern Cross NEXT", "color": "#b61e51", "feature_id": "southern-cross-next-0", "coordinates": [ -152.82053849664103, 11.385632586825267 ] }, "geometry": { "type": "MultiLineString", "coordinates": [ [ [ 179.34974953238174, -16.80801177359569 ], [ 179.09994735985677, -17.16855309422616 ], [ 179.09994735985677, -17.70520217268605 ], [ 179.32494720046481, -18.88013997510117 ], [ 179.54994704107284, -19.30538407236131 ] ], [ [ 178.4382278286252, -18.12306964099236 ], [ 178.6499476786407, -18.88013997510117 ], [ 179.09994735985677, -19.729525450021 ] ], [ [ -171.44980430741026, -9.29042430103552 ], [ -171.67480414801801, -9.29042430103552 ], [ -171.81150405117859, -9.1746263074903 ] ], [ [ -157.42781424071939, 1.87215403103024 ], [ -157.72481403032199, 2.81745044265417 ], [ -158.849813233362, 4.16491284997694 ], [ -160.19981227700995, 5.06198695441611 ] ], [ [ -179.99979825051412, -18.88013997510117 ], [ -177.29980016321815, -16.73811043870246 ], [ -175.49980143835413, -14.57172649133255 ], [ -173.92480255409802, -11.94394493174681 ], [ -172.79980335105822, -11.06203210990948 ], [ -171.67480414801801, -10.62006486036324 ], [ -171.44980430741026, -9.29042430103552 ], [ -169.19980590133008, -4.82569249921742 ], [ -162.89981036430612, 2.36791255870541 ], [ -160.19981227700995, 5.06198695441611 ], [ -159.29981291457798, 5.95781868108853 ], [ -138.59982757864174, 23.2985980658759 ], [ -127.79983522945767, 28.55704546571133 ], [ -120.59984033000157, 33.09551711711581 ], [ -118.79984160513764, 33.79952573458142 ], [ -118.39955344545581, 33.86223405937197 ] ], [ [ 173.69995118526478, -24.72611802920699 ], [ 175.04995022891282, -30.30995334464681 ], [ 175.5057116247971, -33.34801975644684 ], [ 174.9374503086087, -36.14003339129543 ], [ 174.99370026876068, -36.59297842795038 ], [ 174.77324144056075, -36.78413802465393 ] ], [ [ 151.19625712709274, -33.91357160557038 ], [ 152.09206539077991, -34.2066327368011 ], [ 154.8286447337135, -33.12910764411723 ], [ 160.64996043000062, -31.46843700426702 ], [ 166.49995628580868, -27.95174728521976 ], [ 173.69995118526478, -24.72611802920699 ], [ 178.1999479974248, -20.57441905727613 ], [ 179.09994735985677, -19.729525450021 ], [ 179.54994704107284, -19.30538407236131 ], [ 179.99994672228891, -18.88013997510117 ] ] ] } },
{ "type": "Feature", "properties": { "id": "havfrueaec-2", "name": "Havfrue/AEC-2", "color": "#30aa9f", "feature_id": "havfrueaec-2-0", "coordinates": [ -32.133407561101293, 50.019286209842072 ] }, "geometry": { "type": "MultiLineString", "coordinates": [ [ [ 7.99625857131523, 58.15106571642484 ], [ 7.98756857687536, 57.9320565869514 ], [ 6.30006977291125, 57.57189027900508 ], [ 4.50007104804732, 57.57189027900508 ] ], [ [ -74.06286329723282, 40.15283384719588 ], [ -71.09987539624129, 40.55848045058698 ], [ -68.39987730894529, 41.2387523289666 ], [ -61.19988240948919, 42.41235450073586 ], [ -50.39989006030513, 44.69482908957816 ], [ -39.59989771112098, 47.50228998113266 ], [ -23.39990918734485, 52.96339810559356 ], [ -16.19991428788883, 55.07780072164767 ], [ -8.99991938843273, 58.99117670269853 ], [ -5.39992193870468, 59.679663707209 ], [ -1.79992448897663, 59.45171731890513 ], [ 1.80007296075124, 58.52439396084473 ], [ 4.50007104804732, 57.57189027900508 ], [ 5.40007041047929, 56.71746848204116 ], [ 6.30006977291125, 56.22032688484507 ], [ 7.20006913534322, 55.84318584148108 ], [ 7.65006881655929, 55.77997032709834 ], [ 8.32916833547897, 55.75165023178103 ] ], [ [ -16.19991428788883, 55.07780072164767 ], [ -12.59991683816078, 54.81936191424915 ], [ -10.79991811329676, 54.16597178715178 ], [ -10.34991843208078, 53.90168472607427 ], [ -9.69651889495507, 53.77080186175808 ] ] ] } },
{ "type": "Feature", "properties": { "id": "damai-cable-system", "name": "DAMAI Cable System", "color": "#813e97", "feature_id": "damai-cable-system-0", "coordinates": [ 100.32496780231568, 2.4720454116881321 ] }, "geometry": { "type": "MultiLineString", "coordinates": [ [ [ 98.67598433294692, 3.75203139433153 ], [ 98.88750418310413, 3.82823430332105 ], [ 99.45000378402823, 3.64113270007654 ], [ 99.7875035455361, 3.26681481681567 ], [ 100.3500031470561, 2.81745044265417 ], [ 100.31333654252124, 2.45233774374547 ], [ 100.46250306736002, 2.70508116033576 ], [ 100.57500298766413, 2.70508116033576 ], [ 101.25000250948806, 2.42598665907341 ], [ 101.75825214943936, 2.14308717847186 ], [ 101.87075206974329, 1.97644509607117 ], [ 101.72812717078021, 1.80558837958327 ], [ 101.44766236946417, 1.66552279727706 ] ] ] } },
{ "type": "Feature", "properties": { "id": "japan-guam-australia-south-jga-s", "name": "Japan-Guam-Australia South (JGA-S)", "color": "#944b9d", "feature_id": "japan-guam-australia-south-jga-s-0", "coordinates": [ 162.38474543557129, -8.2718354869206561 ] }, "geometry": { "type": "MultiLineString", "coordinates": [ [ [ 157.94996234270454, -25.54089607625931 ], [ 153.89996521176059, -26.55162080165708 ], [ 153.08946578592602, -26.65185387937025 ] ], [ [ 144.69469829535797, 13.46477782493304 ], [ 144.81564664717723, 13.27323815754759 ], [ 145.34997126865645, 12.83486881784652 ], [ 146.24997063108842, 12.17588718550798 ], [ 147.14996999352056, 11.73565016140583 ], [ 149.39996839960057, 10.85308969074528 ], [ 151.19996712446451, 9.52441134501949 ], [ 152.99996584932845, 8.1905434177955 ], [ 155.24996425540846, 4.16491284997694 ], [ 156.59996329905667, -0.33140932966026 ], [ 157.72496250209667, -3.02999596800866 ], [ 159.29996138635258, -4.82569249921742 ], [ 161.54995979243259, -6.61665069347536 ], [ 162.44995915486456, -8.40113904812284 ], [ 162.89995883608063, -10.17745743036107 ], [ 161.99995947364866, -13.69898726961074 ], [ 159.29996138635258, -18.88013997510117 ], [ 157.94996234270454, -25.54089607625931 ], [ 156.59996329905667, -28.74381028114989 ], [ 154.60976590078016, -31.85146566557725 ], [ 152.09996648689665, -33.46154129054857 ], [ 151.27398707202801, -33.76116106060912 ] ] ] } },
{ "type": "Feature", "properties": { "id": "japan-guam-australia-north-jga-n", "name": "Japan-Guam-Australia North (JGA-N)", "color": "#5bba4d", "feature_id": "japan-guam-australia-north-jga-n-0", "coordinates": [ 139.81213538696954, 23.813815905960602 ] }, "geometry": { "type": "MultiLineString", "coordinates": [ [ [ 144.69469829535797, 13.48913559272827 ], [ 144.34997197706537, 14.04273820900801 ], [ 143.77497238440057, 15.23578178303578 ], [ 143.09997286257644, 16.96510259943593 ], [ 140.84997445649643, 21.63529738485955 ], [ 139.27497557224055, 24.94136317175375 ], [ 139.04997573163232, 27.76358852605777 ], [ 139.27497557224055, 30.90139608851551 ], [ 139.6124753331525, 32.43331330641721 ], [ 139.6124753331525, 33.93964008831966 ], [ 139.78122521360839, 34.40502275071594 ], [ 139.94997509346857, 34.69072647741027 ], [ 140.00622505362054, 34.85244570884615 ], [ 139.96102617184783, 34.97406980589044 ] ] ] } },
{ "type": "Feature", "properties": { "id": "tonga-domestic-cable-extension-tdce", "name": "Tonga Domestic Cable Extension (TDCE)", "color": "#e11e25", "feature_id": "tonga-domestic-cable-extension-tdce-0", "coordinates": [ -174.93363903981299, -19.724916370330352 ] }, "geometry": { "type": "MultiLineString", "coordinates": [ [ [ -174.93730183683402, -19.729525450021 ], [ -174.59980207592204, -19.729525450021 ], [ -174.35214225136664, -19.81379624685291 ] ], [ [ -173.98368251298305, -18.64767868485859 ], [ -174.26230231501009, -18.88013997510117 ], [ -174.93730183683402, -19.729525450021 ], [ -175.16230167744206, -20.57441905727613 ], [ -175.20000165073512, -21.13346565929297 ] ] ] } },
{ "type": "Feature", "properties": { "id": "paniolo-cable-network", "name": "Paniolo Cable Network", "color": "#eb2d24", "feature_id": "paniolo-cable-network-0", "coordinates": [ -159.02444356405402, 21.43722512798135 ] }, "geometry": { "type": "MultiLineString", "coordinates": [ [ [ -156.44000048737092, 20.66359808291422 ], [ -156.26231506636992, 20.48046637597581 ], [ -155.98106587237422, 20.26954403592959 ], [ -155.83140598217537, 20.03998810568653 ] ], [ [ -157.66890586680282, 21.27201106131999 ], [ -157.49981418971396, 21.11148598348881 ], [ -157.16231442880189, 21.00649984517674 ], [ -157.02388510728736, 21.09335900500387 ], [ -156.82481466788994, 21.00649984517674 ], [ -156.68448273605239, 20.90089240444548 ] ], [ [ -159.72421261392932, 21.97028767315785 ], [ -159.63731267548994, 21.84429407917369 ], [ -158.849813233362, 21.32123529551186 ], [ -158.3998135521461, 21.32123529551186 ], [ -158.22066328843266, 21.4634468234482 ] ] ] } },
{ "type": "Feature", "properties": { "id": "bodo-rost-cable", "name": "Bodo-Rost Cable", "color": "#395eab", "feature_id": "bodo-rost-cable-0", "coordinates": [ 13.22363413547445, 67.336148004602435 ] }, "geometry": { "type": "MultiLineString", "coordinates": [ [ [ 12.07016568532125, 67.50255969476507 ], [ 12.15006562871931, 67.4394931950777 ], [ 13.95006435358343, 67.26621947299489 ], [ 14.40006403479932, 67.28599754127343 ] ] ] } },
{ "type": "Feature", "properties": { "id": "malta-gozo-cable", "name": "Malta-Gozo Cable", "color": "#af2724", "feature_id": "malta-gozo-cable-0", "coordinates": [ 14.307914119340358, 35.979587570215202 ] }, "geometry": { "type": "MultiLineString", "coordinates": [ [ [ 14.27136412597179, 36.02048335169237 ], [ 14.30791410007945, 35.9795875917774 ], [ 14.34446407418693, 35.93867062899209 ] ] ] } },
{ "type": "Feature", "properties": { "id": "mauritius-and-rodrigues-submarine-cable-system-mars", "name": "Mauritius and Rodrigues Submarine Cable System (MARS)", "color": "#2fb34a", "feature_id": "mauritius-and-rodrigues-submarine-cable-system-mars-0", "coordinates": [ 60.498556045992302, -20.368445549627328 ] }, "geometry": { "type": "MultiLineString", "coordinates": [ [ [ 57.48548351268403, -20.47399566094629 ], [ 57.71253335183967, -20.67970695350909 ], [ 58.05003311275163, -20.67970695350909 ], [ 59.40003215639986, -20.57441905727613 ], [ 61.65003056247987, -20.15254378601873 ], [ 62.77502976551988, -19.6830169157997 ], [ 63.33752936703988, -19.57061445663015 ], [ 63.44822928861902, -19.67435598698584 ] ] ] } },
{ "type": "Feature", "properties": { "id": "palapa-ring-east", "name": "Palapa Ring East", "color": "#cfc12a", "feature_id": "palapa-ring-east-0", "coordinates": [ 135.66860583860853, -1.1559818038283609 ] }, "geometry": { "type": "MultiLineString", "coordinates": [ [ [ 134.32497907886446, -1.681168935905 ], [ 133.87497939764836, -2.0184923254033 ], [ 133.48208167334195, -2.20239813600723 ] ], [ [ 135.50163840155787, -3.37223381409487 ], [ 135.56247820220838, -3.02999596800866 ], [ 135.89997796312053, -2.58053670498413 ], [ 136.12497780372837, -2.13091848096033 ], [ 136.15700903103723, -1.75613513866289 ], [ 136.34997764433641, -2.0184923254033 ], [ 136.79997732555231, -2.0184923254033 ], [ 136.96882720593763, -1.90605839438477 ], [ 137.02502716612523, -1.681168935905 ], [ 136.79997732555231, -1.45625356676844 ], [ 136.34997764433641, -1.45625356676844 ], [ 135.89997796312053, -1.34378724789632 ], [ 135.6749781225123, -1.17507819468851 ], [ 135.61872816236036, -1.00650892797793 ], [ 135.63855236706684, -0.72953571349356 ], [ 135.44997828190446, -0.83763097998287 ], [ 134.99997860068837, -0.83763097998287 ], [ 134.32497907886446, -0.78138663622559 ], [ 134.06198926516882, -0.86145834346259 ], [ 134.21247915856034, -1.0063589512248 ], [ 134.32497907886446, -1.23131575021741 ], [ 134.32497907886446, -1.681168935905 ], [ 134.66247883977641, -2.13091848096033 ], [ 135.11247852099231, -3.02999596800866 ], [ 135.50163840155787, -3.37223381409487 ] ], [ [ 139.39645986117984, -7.10240453607255 ], [ 139.04997573163232, -7.17507890354125 ], [ 138.59997605041642, -7.06344633899106 ], [ 138.26247628950446, -6.61665069347536 ], [ 138.14997636920054, -5.94570715507064 ], [ 138.12136310822024, -5.53566577798056 ], [ 137.81247660828839, -5.49795068831488 ], [ 137.24997700676838, -5.2739443636413 ], [ 137.02497716616034, -5.04985716736676 ], [ 136.88962726204366, -4.55024753995573 ], [ 136.74372736540036, -4.37714437553184 ], [ 135.78747804281642, -3.59155447996211 ], [ 135.50163840155787, -3.37223381409487 ] ], [ [ 124.45350169691167, -8.16082468711592 ], [ 124.6499859327203, -8.06711903252921 ], [ 125.32498545454442, -8.06711903252921 ], [ 125.66248521486048, -8.08568304944515 ], [ 126.44998465758441, -8.12280851798715 ], [ 126.89998433880031, -7.95571709433465 ], [ 127.34998402001638, -7.95571709433465 ], [ 127.69148768434199, -8.15809386700378 ], [ 127.78788370920816, -8.15037814520328 ], [ 127.91248362153638, -8.0114218741176 ], [ 128.92498290427227, -8.0114218741176 ], [ 129.5999824260964, -8.17849027894493 ], [ 130.04998210731227, -8.17849027894493 ], [ 130.83748154944033, -8.06711903252921 ], [ 131.21306722087195, -8.05222852772281 ], [ 130.83748154944033, -7.84428487716433 ], [ 130.72498162913641, -7.62133125995308 ], [ 130.83748154944033, -7.17507890354125 ], [ 131.62498099156835, -6.28128702504858 ], [ 132.29998051339228, -5.77783969920968 ], [ 132.75212863058641, -5.62654145191435 ], [ 132.69373023445641, -5.38595784717307 ], [ 132.86453011346026, -5.12874487083341 ], [ 133.20212987430145, -5.12874487083341 ], [ 134.0999792382564, -5.94570715507064 ], [ 134.26872911871229, -6.05759043242458 ], [ 134.55017423183406, -6.19469348259935 ], [ 134.77497876008033, -6.1694505295745 ], [ 135.2249784412964, -5.83380111942526 ], [ 136.01247788342445, -5.60992246306798 ], [ 136.46247756464035, -5.38595784717307 ], [ 136.68747740524839, -5.04985716736676 ], [ 136.88962726204366, -4.55024753995573 ] ], [ [ 120.25301904757286, -9.64576589016045 ], [ 120.59998880177636, -9.62333678834261 ], [ 121.61248808451225, -10.28816791219512 ], [ 121.87987070759588, -10.45781004184131 ], [ 122.06248776572832, -10.3988395771274 ], [ 122.84998720785636, -10.62006486036324 ], [ 123.03524098287089, -10.73330422887469 ], [ 123.07498704846441, -10.50947202599562 ], [ 123.29998688907226, -10.34360699655137 ], [ 123.58338668830928, -10.18293973657086 ] ] ] } },
{ "type": "Feature", "properties": { "id": "palapa-ring-west", "name": "Palapa Ring West", "color": "#34ae9c", "feature_id": "palapa-ring-west-0", "coordinates": [ 106.61227488662865, 3.243198841572958 ] }, "geometry": { "type": "MultiLineString", "coordinates": [ [ [ 102.08008004585756, 1.48922060565443 ], [ 101.72812717078021, 1.63721457947958 ], [ 101.44766236946417, 1.66552279727706 ] ], [ [ 102.66702150506266, 0.93255674958859 ], [ 102.57030157358, 1.22086532601435 ], [ 102.08008004585756, 1.48922060565443 ] ], [ [ 103.40488379485406, 0.7698344093642 ], [ 103.27500107436413, 0.96239264822092 ], [ 103.05000123375628, 1.16850674904098 ], [ 102.73892645412447, 1.22086532601435 ], [ 102.66702150506266, 0.93255674958859 ] ], [ [ 104.0166370000003, 1.06679800000035 ], [ 103.87813064769749, 1.106743972267 ], [ 103.50000091556807, 0.96239264822092 ], [ 103.40488379485406, 0.7698344093642 ] ], [ [ 104.63544932995589, -0.16275873448648 ], [ 104.40000027800004, -0.21891072474735 ], [ 104.11875047724004, -0.33140932966026 ], [ 103.46670093915829, -0.81654319237555 ] ], [ [ 108.98720405963194, 0.90605018086909 ], [ 108.78749716985612, 1.24349007697804 ], [ 108.44999740834827, 2.96725920849964 ], [ 108.44999740834827, 3.41655961832325 ], [ 108.3774974597078, 3.94087482624307 ], [ 108.14286872026702, 3.94563929814414 ], [ 107.99999772772827, 3.84070631216084 ], [ 107.32499820590417, 3.49142332232059 ], [ 106.87499852468808, 3.26681481681567 ], [ 106.21112899497969, 3.2071402230342 ], [ 105.97499916225611, 2.59270146460193 ], [ 105.74999932164808, 2.14308717847186 ], [ 104.86707219123916, 1.47696006374692 ], [ 104.62500011860807, 1.29972618212934 ], [ 104.28790035741287, 1.11726698259943 ], [ 104.0166370000003, 1.06679800000035 ], [ 104.0347505367464, 0.90605018086909 ], [ 104.06010051878842, 0.7935626526072 ], [ 104.17500043739219, 0.34158632205758 ], [ 104.40000027800004, 0.0060885832432 ], [ 104.63544932995589, -0.16275873448648 ] ] ] } },
{ "type": "Feature", "properties": { "id": "palapa-ring-middle", "name": "Palapa Ring Middle", "color": "#9d402f", "feature_id": "palapa-ring-middle-0", "coordinates": [ 126.30923830411119, 4.0371016457101243 ] }, "geometry": { "type": "MultiLineString", "coordinates": [ [ [ 122.55994835082258, -5.3890690401253 ], [ 122.57073740567944, -5.43996588710016 ], [ 122.59686238717225, -5.50708806917542 ] ], [ [ 122.51297744659723, -3.99846909724518 ], [ 122.79378724766912, -3.98454296879298 ], [ 122.90623716800833, -4.04060516474642 ], [ 122.96248712816029, -4.09671335826351 ], [ 123.12391279505485, -4.13611220911502 ], [ 122.96248712816029, -4.37714437553184 ], [ 122.84998720785636, -4.48930768862928 ], [ 122.7937372477044, -4.65752020567988 ], [ 122.72108104917469, -4.8324068568668 ], [ 122.79173724912133, -4.82569249921742 ], [ 122.85611022178392, -4.79224231021154 ] ], [ [ 122.79275724839854, -0.93878873894516 ], [ 123.07498704846441, -1.11883950690528 ], [ 123.29998688907226, -1.14695898894371 ], [ 123.3402212355698, -1.30102523392991 ], [ 123.41248680937636, -1.20317212289932 ], [ 123.63748664998441, -1.23131575021741 ], [ 123.69373661013618, -1.40002108175267 ], [ 123.52752579038167, -1.60024515906126 ], [ 123.69378661010107, -1.62499236735134 ], [ 124.03128637101304, -1.84988862211943 ], [ 124.31248617180833, -2.13091848096033 ], [ 124.53748601241637, -2.13091848096033 ], [ 124.6499859327203, -2.0184923254033 ], [ 124.77400928236096, -1.82680365125944 ], [ 124.98748569363227, -2.0184923254033 ], [ 125.66248521545637, -2.35574573664619 ], [ 125.8874850560655, -2.58053670498413 ], [ 126.11248489667227, -2.58053670498413 ], [ 126.16873485682441, -2.46814597265614 ], [ 126.11248489667227, -2.2995421896913 ], [ 125.93699502099096, -2.20147796785565 ] ], [ [ 127.36131213699137, 0.79580852872504 ], [ 127.37810900009228, 0.73931754677854 ], [ 127.40408554419029, 0.67404131193342 ], [ 127.46248394032031, 0.68107206531244 ], [ 127.56141387023752, 0.73497790903826 ] ], [ [ 124.83963579837059, 1.49077929609472 ], [ 124.76248585302442, 1.80578828012915 ], [ 125.2124855342403, 2.59270146460193 ], [ 125.37293463932662, 2.75463420153837 ], [ 125.2124855342403, 2.81745044265417 ], [ 125.2124855342403, 3.26681481681567 ], [ 125.48553221581143, 3.6009345716229 ], [ 125.32498545454442, 3.71597811929807 ], [ 125.43748537484834, 3.94047577222881 ], [ 126.44998465758441, 4.0527020972683 ], [ 126.71726962448717, 4.04296083983727 ], [ 126.89998433880031, 3.94047577222881 ], [ 127.12498417940834, 3.71597811929807 ], [ 127.34998402001638, 3.26681481681567 ], [ 127.91248362153638, 2.36791255870541 ], [ 128.13748346214442, 2.2555042119238 ], [ 128.40076452563352, 2.36566838261134 ], [ 128.19373342229639, 2.14308717847186 ], [ 128.13748346214442, 1.9182287802156 ], [ 127.96785467606099, 1.71462045599949 ] ] ] } },
{ "type": "Feature", "properties": { "id": "ulysses-2", "name": "Ulysses 2", "color": "#b96528", "feature_id": "ulysses-2-0", "coordinates": [ 3.171539084277287, 52.554914683341529 ] }, "geometry": { "type": "MultiLineString", "coordinates": [ [ [ 1.72927301090669, 52.46882263773048 ], [ 2.25007264196731, 52.55491468334153 ], [ 3.82507152622321, 52.55491468334153 ], [ 4.27507120743928, 52.52070133452007 ], [ 4.61367096757211, 52.45850170510113 ] ] ] } },
{ "type": "Feature", "properties": { "id": "natitua", "name": "Natitua", "color": "#b75c28", "feature_id": "natitua-0", "coordinates": [ -144.18136825994162, -13.277979584961974 ] }, "geometry": { "type": "MultiLineString", "coordinates": [ [ [ -143.99982375323381, -16.95345498980991 ], [ -143.4373241517138, -17.06103501988157 ], [ -142.42482486897782, -17.49073216111125 ], [ -141.18732574563379, -18.02642638371345 ], [ -140.90812594342157, -18.21574609011929 ] ], [ [ -145.79982247809784, -15.65778827935751 ], [ -145.79982247809784, -15.87432328168983 ], [ -145.74357338333084, -16.09062582039479 ], [ -145.62457846161735, -16.31034841245573 ] ], [ [ -146.92482168113784, -15.54943449312644 ], [ -146.86857255795098, -15.65778827935751 ], [ -146.67384529643186, -15.74136582273736 ] ], [ [ -146.58732192022578, -15.54943449312644 ], [ -146.64357272302701, -15.44102365956809 ], [ -146.78614990437421, -15.28988809315997 ] ], [ [ -147.14982152174588, -15.54943449312644 ], [ -146.92482168113784, -15.54943449312644 ], [ -146.58732192022578, -15.54943449312644 ], [ -145.79982247809784, -15.65778827935751 ], [ -145.34982279688202, -15.98250378624571 ], [ -145.12482295627382, -16.30669306561827 ], [ -144.5623233547538, -16.73811043870246 ], [ -143.99982375323381, -16.95345498980991 ], [ -143.77482391262578, -16.84581334779892 ], [ -143.77482391262578, -16.73811043870246 ], [ -143.86720665968102, -16.53956097710461 ] ], [ [ -147.14982152174588, -15.22403228464737 ], [ -147.37482136235383, -15.11545246286851 ], [ -147.6512860102537, -15.11620668157036 ] ], [ [ -139.38732702076976, -9.84509708582681 ], [ -139.04982725985772, -9.84509708582681 ], [ -139.02111634269681, -9.75463975830032 ] ], [ [ -145.34982279688185, -14.13577537506467 ], [ -145.12482295627399, -14.24484254731546 ], [ -144.97218634565303, -14.44976861091069 ] ], [ [ -145.91232239840184, -14.78938079853903 ], [ -145.91232239840184, -14.57172649133255 ], [ -145.95812314720609, -14.40285843588518 ] ], [ [ -140.14211164232327, -8.86052408773248 ], [ -139.72482678168183, -9.29042430103552 ], [ -139.38732702076976, -9.84509708582681 ], [ -139.49982694107379, -10.17745743036107 ], [ -140.39982630350576, -11.06203210990948 ], [ -144.89982311566578, -13.69898726961074 ], [ -145.34982279688185, -14.13577537506467 ], [ -145.46232271718586, -14.57172649133255 ], [ -145.91232239840184, -14.78938079853903 ], [ -146.69982184052989, -14.78938079853903 ], [ -147.14982152174588, -15.22403228464737 ], [ -147.14982152174588, -15.54943449312644 ], [ -147.37482136235383, -15.87432328168983 ], [ -148.72482040600187, -17.38340200594246 ], [ -149.30812077403641, -17.72334221980437 ] ] ] } },
{ "type": "Feature", "properties": { "id": "curie", "name": "Curie", "color": "#b2692e", "feature_id": "curie-0", "coordinates": [ -88.437174044684966, 6.5059918921215543 ] }, "geometry": { "type": "MultiLineString", "coordinates": [ [ [ -85.94986487636929, 0.56857885252619 ], [ -83.05333977977797, 2.4289638851414 ], [ -80.30379582574078, 5.63323445306099 ], [ -79.75935412566227, 7.25976456025065 ], [ -79.64986933934534, 8.1905434177955 ], [ -79.56661939832034, 8.95031710880057 ] ], [ [ -71.62043502747198, -33.04554123247811 ], [ -72.80656016970786, -31.87786104772334 ], [ -79.64986933934534, -18.45381377577717 ], [ -84.14986615150535, -11.5033338459843 ], [ -85.4998651951533, -6.61665069347536 ], [ -85.94986487636929, 0.56857885252619 ], [ -87.06475643430802, 5.53417929223866 ], [ -92.69986009460932, 9.52441134501949 ], [ -98.09985626920157, 12.61539556739339 ], [ -104.39985180622544, 16.10232559580297 ], [ -108.44984893716946, 18.67864702215472 ], [ -114.29984479297735, 22.46944396482952 ], [ -118.79984160513736, 27.76358852605777 ], [ -119.6998409675696, 31.28673881439175 ], [ -119.24984128635361, 32.8123187832876 ], [ -118.79984160513764, 33.75276987113061 ], [ -118.41596126184768, 33.91992001851462 ] ] ] } },
{ "type": "Feature", "properties": { "id": "venezuelan-festoon", "name": "Venezuelan Festoon", "color": "#3cac48", "feature_id": "venezuelan-festoon-0", "coordinates": [ -67.693889104874117, 10.642183589613301 ] }, "geometry": { "type": "MultiLineString", "coordinates": [ [ [ -71.45109585055839, 10.39592863213522 ], [ -71.54987507745727, 10.46810224505713 ], [ -71.59841019932456, 10.68817613232247 ], [ -71.54987507745727, 11.07398278122661 ], [ -71.09987539624129, 11.40500914753295 ], [ -70.42487587441727, 11.62547995956986 ], [ -70.20431603066386, 11.70878246641916 ], [ -69.86237627289727, 11.62547995956986 ], [ -69.67780609114853, 11.40280739842244 ], [ -69.5248765119853, 11.51526615803877 ], [ -69.29987667137726, 11.62547995956986 ], [ -68.73737706985726, 11.57037848436481 ], [ -68.39987730894529, 11.29470931956548 ], [ -68.28449653130708, 10.92856085477128 ], [ -68.06237754803324, 10.74258167547641 ], [ -68.00959438230036, 10.47813922302112 ], [ -67.72487778712127, 10.63203320811784 ], [ -67.38737802620922, 10.74258167547641 ], [ -67.16237818560127, 10.74258167547641 ], [ -66.87829838684601, 10.60649817446232 ], [ -66.59987858408127, 10.74258167547641 ], [ -66.26237882316921, 10.74258167547641 ], [ -66.14987890286528, 10.63203320811784 ], [ -66.09812112703091, 10.48034785229696 ], [ -65.69987922164921, 10.41081650540272 ], [ -65.24987954043323, 10.41081650540272 ], [ -64.64489950025676, 10.20251427017952 ], [ -64.40813013673639, 10.41081650540272 ], [ -64.18210685935342, 10.45432343820505 ], [ -64.40613013815323, 10.63203320811784 ], [ -64.34988017800117, 10.79784076439811 ], [ -64.0123804170892, 10.74258167547641 ], [ -63.84763444004678, 10.95521572009585 ], [ -63.4498808155692, 10.85308969074528 ], [ -63.25051572242629, 10.66677586312178 ] ] ] } },
{ "type": "Feature", "properties": { "id": "fibra-optica-austral", "name": "Fibra Optica Austral", "color": "#23a94c", "feature_id": "fibra-optica-austral-0", "coordinates": [ -75.755213970942037, -50.417207326967997 ] }, "geometry": { "type": "MultiLineString", "coordinates": [ [ [ -71.54987507745727, -53.36079173838141 ], [ -71.21237531654531, -53.29360179765786 ], [ -70.93333257525876, -53.16665547850187 ] ], [ [ -76.04987188961729, -47.94815800395535 ], [ -75.14987252718532, -47.87275031309139 ], [ -74.69987284596934, -47.79723273066801 ], [ -74.24987316475335, -47.79723273066801 ], [ -73.53688749863097, -47.80121466459952 ] ], [ [ -72.95341123369901, -41.46037424479032 ], [ -73.3498738023213, -41.65126697659343 ], [ -73.79987348353728, -41.73527248346828 ], [ -74.24987316475335, -41.9029542709986 ], [ -75.14987252718532, -43.5555762736133 ], [ -76.04987188961729, -46.72843318742714 ], [ -76.04987188961729, -47.94815800395535 ], [ -75.59987220840131, -51.71887427473293 ], [ -75.14987252718532, -52.273010201566 ], [ -74.13737324444934, -52.82030430480513 ], [ -72.89987412110531, -53.15890429141295 ], [ -71.54987507745727, -53.36079173838141 ], [ -71.09987539624129, -53.89450965719368 ], [ -70.19987603380923, -54.42149711540566 ], [ -68.84987699016128, -54.94179496686143 ], [ -68.17487746833726, -55.00636393692013 ], [ -67.60586142678861, -54.9352005974355 ] ] ] } },
{ "type": "Feature", "properties": { "id": "djibouti-africa-regional-express-1-dare-1", "name": "Djibouti Africa Regional Express 1 (DARE 1)", "color": "#939597", "feature_id": "djibouti-africa-regional-express-1-dare-1-0", "coordinates": [ 42.075044428987638, -19.102921965131461 ] }, "geometry": { "type": "MultiLineString", "coordinates": [ [ [ 34.83344799650261, -19.82010899999981 ], [ 42.02594981400892, -19.82010899999981 ] ], [ [ 39.26967641693273, -6.82313210834924 ], [ 39.63257107969674, -6.30613226122584 ], [ 40.12927201041025, -5.92794238705336 ] ], [ [ 40.174850462603, -10.25488665702017 ], [ 41.28961680273296, -10.03024054141651 ] ], [ [ 40.68539697592696, -14.56558293609041 ], [ 41.5379072360397, -14.45669497006816 ], [ 42.07504442898764, -14.80743804437604 ] ], [ [ 46.31544142505069, -15.71372979868418 ], [ 45.04301107645226, -15.03949769540293 ], [ 42.02594981400892, -14.51153591156681 ] ], [ [ 43.66314330455965, -23.35472480405978 ], [ 42.72697695458166, -23.42087339119824 ], [ 40.97126103123129, -23.12506902069823 ] ], [ [ 32.58062115552212, -25.96826815540796 ], [ 33.79140784557965, -26.19269908140689 ], [ 35.22346236865067, -26.36115682746373 ] ], [ [ 39.7001437676396, -4.05029657542632 ], [ 39.99999707084567, -5.50610386335672 ], [ 41.17504506655567, -9.32662336105981 ], [ 42.07504442898764, -14.80743804437604 ], [ 42.07504442898764, -20.51958710633204 ], [ 40.97126103123129, -23.12506902069823 ], [ 35.22346236865067, -26.36115682746373 ], [ 33.30005064527564, -28.51533365786017 ], [ 31.75796173830183, -28.95055966653801 ] ] ] } },
{ "type": "Feature", "properties": { "id": "djibouti-africa-regional-express-1-dare-1", "name": "Djibouti Africa Regional Express 1 (DARE 1)", "color": "#a8b737", "feature_id": "djibouti-africa-regional-express-1-dare-1-1", "coordinates": [ 53.055715457312331, 6.4148119949100915 ] }, "geometry": { "type": "MultiLineString", "coordinates": [ [ [ 45.34418211369599, 2.04120522322878 ], [ 46.80004108235159, 2.03066189047467 ], [ 49.50003916964768, 1.46842676733197 ] ], [ [ 49.18792939074928, 11.27555693662322 ], [ 48.82503964782375, 11.73565016140583 ], [ 48.60003980781179, 12.06589527357033 ] ], [ [ 44.55004267627159, 11.34986456123148 ], [ 45.45004203870374, 11.29470931956548 ], [ 48.60003980781179, 12.06589527357033 ], [ 52.65003693815965, 13.05415069529863 ], [ 54.00003598419185, 13.3827080361257 ], [ 55.1250351848477, 12.61539556739339 ], [ 54.45003566302377, 9.52441134501949 ], [ 52.65003693875573, 5.51007171180325 ], [ 49.50003916964768, 1.46842676733197 ], [ 45.67504187931159, -1.45625356676844 ], [ 42.30004427019158, -3.70382647066824 ], [ 39.67289613128801, -4.05292436476305 ] ], [ [ 44.55004267627159, 11.34986456123148 ], [ 43.65004331383962, 11.51028510375581 ], [ 43.14799366949638, 11.59486937144782 ] ] ] } },
{ "type": "Feature", "properties": { "id": "peace-cable", "name": "PEACE Cable", "color": "#0090c5", "feature_id": "peace-cable-0", "coordinates": [ 81.181590472272788, 2.0250876670124782 ] }, "geometry": { "type": "MultiLineString", "coordinates": [ [ [ 65.25002801220774, 22.88465411388244 ], [ 63.22180684167684, 23.91710129093513 ], [ 60.00000731671387, 24.85391243144087 ], [ 58.71855992030421, 25.0514826710929 ], [ 56.33993432360578, 25.0514826710929 ] ], [ [ 45.45004203870374, 11.62547995956986 ], [ 45.33754211780372, 11.07398278122661 ], [ 45.01088234980864, 10.43511874899288 ] ], [ [ 32.65318110412008, 29.11361416298006 ], [ 31.72505176161546, 29.19736363971567 ], [ 31.05005223979153, 29.4425846458374 ], [ 30.3750527179676, 29.80930712715285 ], [ 29.98130299690349, 30.32033594247502 ], [ 29.70093319552029, 31.07227003166031 ] ], [ [ 37.23754785710764, 22.05298561667754 ], [ 39.18275647850768, 21.481533475503 ] ], [ [ 57.00003385598526, 13.24890480121299 ], [ 58.00003314757618, 12.27361955380121 ], [ 63.00002960553183, 11.73565016140583 ], [ 67.00002677189639, 10.85308969074528 ], [ 71.3195757241684, 9.11818824277241 ], [ 73.22502236205099, 7.01350277933217 ], [ 73.59708669534523, 6.35551037677154 ], [ 74.25002163593187, 5.65935957241149 ], [ 78.3000187674719, 3.04215604242586 ], [ 79.65001781052403, 2.51777609524721 ], [ 81.00001685476798, 2.14308717847186 ], [ 85.500013666928, -0.78133230878911 ], [ 90.00001047908802, 0.11864275126043 ], [ 92.70000856638391, 3.94047577222881 ], [ 94.27500745064, 4.9374626779286 ], [ 95.45328225426326, 5.90967483358286 ], [ 97.42500521915215, 5.28606986082101 ], [ 97.65000505976001, 5.28606986082101 ], [ 98.21250466128001, 4.61359157886277 ], [ 99.7875035455361, 3.26681481681567 ], [ 101.25000250948806, 1.97444628610416 ], [ 102.15000187192003, 1.74956539407541 ], [ 102.68279723997186, 1.50203427771085 ], [ 103.34065102845322, 1.15923366913944 ], [ 103.6462108113958, 1.33864583565465 ] ], [ [ 73.07152247079179, 6.62245888418514 ], [ 73.11252244174707, 6.7901335391107 ], [ 73.22502236205099, 7.01350277933217 ] ], [ [ 11.98131574827124, 35.41978051708035 ], [ 13.66881455282343, 35.69434844652369 ], [ 14.35010406959559, 35.95240101739213 ] ], [ [ 27.90005447127938, 31.86180860227073 ], [ 31.50005192041171, 34.25018044028598 ], [ 32.46665123625969, 34.76657169708598 ] ], [ [ 50.40003853207964, 1.46842676733197 ], [ 52.20003725694376, -2.13091848096033 ], [ 54.00003598180769, -3.92832730414264 ], [ 55.44505495814286, -4.61761132244214 ] ], [ [ 44.55004267627159, 11.68057053483844 ], [ 43.24223110273756, 12.61539556739339 ], [ 43.15785616250971, 12.83486881784652 ], [ 42.86254387230766, 13.05415069529863 ], [ 42.24379431063569, 13.92930384327183 ], [ 41.73754466926766, 14.80115422479158 ], [ 40.38754562562161, 16.53419619825972 ], [ 39.37504634288372, 18.25181631902822 ], [ 38.02504729923568, 20.37504125346543 ], [ 37.23754785710764, 22.05298561667754 ], [ 36.00004873376353, 24.12261698700344 ], [ 34.98754945102763, 25.75470426341523 ], [ 34.50942478913958, 26.56251314923671 ], [ 33.86255024739155, 27.36466799386026 ], [ 33.37083809573128, 28.16105226222079 ], [ 32.65318110412008, 29.11361416298006 ], [ 31.72505176161546, 29.09911045097482 ], [ 31.05005223979153, 29.34456698948981 ], [ 30.3750527179676, 29.71164505794786 ], [ 29.98130299690349, 30.22308965656696 ], [ 29.70093319552029, 31.07227003166031 ] ], [ [ 29.70093319552029, 31.07227003166031 ], [ 27.90005447127938, 31.86180860227073 ], [ 25.20005638398347, 32.57562837035321 ], [ 22.0500586148756, 33.31515395812905 ], [ 19.35006052817542, 33.18971466460047 ], [ 16.65006244087933, 32.8123187832876 ], [ 14.40006403479932, 33.70598849685854 ], [ 11.98131574827124, 35.41978051708035 ], [ 11.81256586780735, 35.78566189952622 ], [ 11.25006626509554, 37.23235432155614 ], [ 10.34861722976928, 37.50058844605323 ], [ 9.45006754082733, 37.50058844605323 ], [ 9.00006785961144, 37.50058844605323 ], [ 7.20006913534322, 37.94551049545967 ], [ 6.52506961351929, 38.65181171271134 ], [ 5.62507025108732, 41.74435878948223 ], [ 5.37253042998907, 43.29362778902908 ] ], [ [ 58.00003314757618, 12.27361955380121 ], [ 57.00003385598526, 11.29470931956548 ], [ 54.90003534423966, 9.52441134501949 ], [ 53.55003630118789, 5.51007171180325 ], [ 50.40003853207964, 1.46842676733197 ], [ 45.90004171991963, -1.681168935905 ], [ 42.30004427019158, -3.92832730414264 ], [ 39.67289613128801, -4.05292436476305 ] ], [ [ 67.02854675228855, 24.88973170123582 ], [ 65.25002801220774, 22.88465411388244 ], [ 64.35002864977577, 20.37504125346543 ], [ 60.97503104065576, 16.96510259943593 ], [ 58.95003247279982, 14.80115422479158 ], [ 57.00003385598526, 13.24890480121299 ], [ 55.35003502545574, 14.14758350694873 ] ], [ [ 55.35003502545574, 14.14758350694873 ], [ 48.60003980781179, 12.39573400002297 ], [ 45.45004203870374, 11.62547995956986 ], [ 44.55004267627159, 11.68057053483844 ] ], [ [ 9.45006754082733, 37.50058844605323 ], [ 9.67506738143537, 37.35168786972502 ], [ 9.86735724581159, 37.27681625347515 ] ] ] } },
{ "type": "Feature", "properties": { "id": "jupiter", "name": "JUPITER", "color": "#63c5b9", "feature_id": "jupiter-0", "coordinates": [ -148.28713581206685, 43.443614889598344 ] }, "geometry": { "type": "MultiLineString", "coordinates": [ [ [ -123.95633795222729, 45.23108544446517 ], [ -125.09983714216159, 44.69482908957816 ], [ -129.5998339543217, 43.40114497315395 ], [ -138.4872392170287, 41.40772623743595 ] ], [ [ 141.97497365953643, 34.40502275071594 ], [ 141.07497429710446, 32.0527080234862 ], [ 140.62497461588839, 30.90139608851551 ], [ 138.82497589102445, 27.76358852605777 ], [ 137.24997700676838, 26.1593079707739 ], [ 133.19997987582445, 22.46944396482952 ], [ 127.79998370123228, 17.39502263470052 ], [ 124.6499859327203, 15.23578178303578 ], [ 123.52498672968029, 14.25664499455348 ], [ 122.95008713694455, 14.11652289884896 ] ], [ [ 140.84997445649643, 34.40502275071594 ], [ 138.59997605041642, 33.75276987113061 ], [ 137.69997668798445, 33.84625607000385 ], [ 136.87399727311598, 34.33682825203173 ] ], [ [ 179.99992719256971, 44.05150153460193 ], [ 172.79992073307184, 44.05150153460193 ], [ 160.19996074878455, 40.72920412488655 ], [ 149.39996839960057, 35.78566189952622 ], [ 143.09997286257644, 34.59045588265237 ], [ 141.97497365953643, 34.40502275071594 ], [ 140.84997445649643, 34.40502275071594 ], [ 140.39997477468464, 34.69072647741027 ], [ 140.18903742411456, 34.89859296336222 ], [ 139.97546699999984, 35.00543300000017 ] ], [ [ -118.39955344545581, 33.86223405937197 ], [ -120.59984033000157, 33.70598849685854 ], [ -122.39983905486559, 33.93964008831966 ], [ -129.5998339543217, 37.58978657360306 ], [ -138.4872392170287, 41.40772623743595 ], [ -151.19983391146832, 44.04871607104842 ], [ -179.99981350929238, 44.04871607104842 ] ] ] } },
{ "type": "Feature", "properties": { "id": "crosslake-fibre", "name": "Crosslake Fibre", "color": "#bfa82f", "feature_id": "crosslake-fibre-0", "coordinates": [ -78.996338930607806, 43.350459807573714 ] }, "geometry": { "type": "MultiLineString", "coordinates": [ [ [ -79.3853197287618, 43.64462540417898 ], [ -79.08736973782534, 43.48282788090373 ], [ -78.91861985736935, 43.23744835244091 ], [ -78.86236989721739, 43.07331078300322 ], [ -78.87846124652506, 42.88543648440376 ] ] ] } },
{ "type": "Feature", "properties": { "id": "gtmo-pr", "name": "GTMO-PR", "color": "#28a557", "feature_id": "gtmo-pr-0", "coordinates": [ -71.512163076112685, 17.219005195339932 ] }, "geometry": { "type": "MultiLineString", "coordinates": [ [ [ -66.18575110065406, 18.47299398772983 ], [ -66.48737866377725, 18.73192589597656 ], [ -67.04987826529725, 18.89166158430315 ], [ -67.72487778712127, 18.46536439313713 ], [ -68.06237754922522, 18.25181631902822 ], [ -68.51237722924922, 17.82393441253792 ], [ -69.29987667137726, 17.71680217900864 ], [ -70.6498757150253, 17.28763629959112 ], [ -71.99987475867334, 17.18018728748132 ], [ -74.69987284596934, 17.39502263470052 ], [ -75.14987252718532, 18.25181631902822 ], [ -75.26237244808533, 19.67037963852795 ], [ -75.15816600409605, 19.93961619754033 ] ] ] } },
{ "type": "Feature", "properties": { "id": "gtmo-1", "name": "GTMO-1", "color": "#8bc63f", "feature_id": "gtmo-1-0", "coordinates": [ -74.956890868413396, 24.464180286998889 ] }, "geometry": { "type": "MultiLineString", "coordinates": [ [ [ -80.14394128072, 26.05231628642719 ], [ -79.64986933934534, 25.95717997876434 ], [ -78.41237021600132, 26.1593079707739 ], [ -77.51237085356935, 25.65333661327605 ], [ -76.83117133613746, 25.81335888205563 ], [ -76.24064175447413, 25.59911234590376 ], [ -75.59987220840131, 25.14511970405223 ], [ -74.92487268657729, 24.4302719280487 ], [ -74.69987284596934, 24.01990020343248 ], [ -74.58737292566532, 23.7112581424843 ], [ -74.58737292566532, 23.2985980658759 ], [ -74.69987284596934, 22.88465411388244 ], [ -74.4748730053613, 22.05298561667754 ], [ -74.02487332414532, 21.216397899942 ], [ -73.9123734038413, 20.79630610510887 ], [ -74.0248233241807, 20.37504125346543 ], [ -74.09132327707148, 20.18317472186777 ], [ -74.30612312490531, 19.95262290516439 ], [ -74.69987284596934, 19.74098736552494 ], [ -74.92487268657729, 19.79382859174089 ], [ -75.15816600409605, 19.93961619754033 ] ] ] } },
{ "type": "Feature", "properties": { "id": "havhingstennorth-sea-connect-nsc", "name": "Havhingsten/North Sea Connect (NSC)", "color": "#3075bb", "feature_id": "havhingstennorth-sea-connect-nsc-0", "coordinates": [ 3.300835253210443, 55.468042370708176 ] }, "geometry": { "type": "MultiLineString", "coordinates": [ [ [ 8.19316843122662, 55.76461454471694 ], [ 7.65006881655929, 55.52608018788872 ], [ 7.20006913534322, 55.52608018788872 ], [ 5.40007040988339, 55.5473006113407 ], [ 3.15007200439928, 55.46235018809831 ], [ -0.89992512654467, 55.07780072164767 ], [ -1.61777833073468, 54.97824921450541 ] ] ] } },
{ "type": "Feature", "properties": { "id": "havhingstenceltixconnect-2-cc-2", "name": "Havhingsten/CeltixConnect-2 (CC-2)", "color": "#3567b1", "feature_id": "havhingstenceltixconnect-2-cc-2-0", "coordinates": [ -4.5833454546157748, 53.829194264925974 ] }, "geometry": { "type": "MultiLineString", "coordinates": [ [ [ -4.49992257627272, 53.83535026397589 ], [ -4.49972257641434, 53.96791403087396 ], [ -4.56662252902188, 54.10028616652028 ] ], [ [ -4.9499222574887, 53.80214357457545 ], [ -4.9499222574887, 53.96791403087396 ], [ -4.76042239173226, 54.08721396659924 ] ], [ [ -6.08547145365095, 53.54969026481899 ], [ -5.62492177931272, 53.60536470257495 ], [ -4.9499222574887, 53.80214357457545 ], [ -4.49992257627272, 53.83535026397589 ], [ -3.59992321384075, 53.83535026397589 ], [ -3.05075360287764, 53.80897597127547 ] ] ] } },
{ "type": "Feature", "properties": { "id": "cobracable", "name": "COBRAcable", "color": "#59af46", "feature_id": "cobracable-0", "coordinates": [ 7.4239903314159763, 54.89909630966168 ] }, "geometry": { "type": "MultiLineString", "coordinates": [ [ [ 8.71838899150433, 55.52311819739386 ], [ 8.38373529298424, 55.37363200351445 ], [ 7.64479766775051, 55.32458575844352 ], [ 6.97506929473537, 54.03403825672422 ], [ 6.81602217509696, 53.4428046914825 ] ] ] } },
{ "type": "Feature", "properties": { "id": "kanawa", "name": "Kanawa", "color": "#6fc6b1", "feature_id": "kanawa-0", "coordinates": [ -56.102765001579151, 10.704754187067367 ] }, "geometry": { "type": "MultiLineString", "coordinates": [ [ [ -61.11213835606195, 14.6290001454235 ], [ -61.19983240952457, 14.47460943206891 ], [ -61.08738248918517, 14.36565375922844 ], [ -60.97488256888116, 14.36565375922844 ], [ -59.84988336584115, 13.92930384327183 ], [ -58.04988464097722, 12.61539556739339 ], [ -54.89988687246515, 9.52441134501949 ], [ -52.87488830699309, 5.95781868108853 ], [ -52.64555499839994, 5.16829853939239 ] ] ] } },
{ "type": "Feature", "properties": { "id": "fly-lion3", "name": "FLY-LION3", "color": "#c7b22e", "feature_id": "fly-lion3-0", "coordinates": [ 44.029718171538647, -12.264700887720027 ] }, "geometry": { "type": "MultiLineString", "coordinates": [ [ [ 43.24330360197787, -11.70058928227253 ], [ 43.14379367247158, -11.94394493174681 ], [ 43.31254355292765, -12.16398368078041 ], [ 43.53754339353551, -12.16398368078041 ], [ 43.87504315444765, -12.16398368078041 ], [ 44.55004267627159, -12.60351210497128 ], [ 45.00004235748766, -12.82299562562977 ], [ 45.16576224009028, -12.81709644553301 ] ] ] } },
{ "type": "Feature", "properties": { "id": "nelson-levin", "name": "Nelson-Levin", "color": "#403c97", "feature_id": "nelson-levin-0", "coordinates": [ 174.11213952095224, -40.549228298069146 ] }, "geometry": { "type": "MultiLineString", "coordinates": [ [ [ 173.283950056072, -41.27226426152262 ], [ 173.47495134465674, -40.89028605009858 ], [ 173.92495102587282, -40.54922829806915 ], [ 174.82495038830479, -40.54922829806915 ], [ 175.28531582578577, -40.62527463191151 ] ] ] } },
{ "type": "Feature", "properties": { "id": "png-lng", "name": "PNG LNG", "color": "#cf297b", "feature_id": "png-lng-0", "coordinates": [ 145.57756247984867, -8.6671320336940223 ] }, "geometry": { "type": "MultiLineString", "coordinates": [ [ [ 144.2402063499095, -7.41351595821651 ], [ 144.60386918230731, -7.9657391955772 ], [ 145.80511425847098, -8.83104729143427 ], [ 146.62335365817651, -9.42817977449807 ], [ 147.18851969098361, -9.47958929269729 ] ] ] } },
{ "type": "Feature", "properties": { "id": "kumul-domestic-submarine-cable-system", "name": "Kumul Domestic Submarine Cable System", "color": "#a76c35", "feature_id": "kumul-domestic-submarine-cable-system-0", "coordinates": [ 150.11278431665937, -9.5496261453026854 ] }, "geometry": { "type": "MultiLineString", "coordinates": [ [ [ 145.34997126865645, -3.47926867897006 ], [ 145.79997094987252, -2.13091848096033 ], [ 146.69997031230449, -1.681168935905 ], [ 147.14996999352056, -1.7936171203549 ], [ 147.27907146456383, -2.03498589558145 ] ], [ [ 152.21246640720059, -3.92832730414264 ], [ 152.21246640720059, -4.0405552890621 ], [ 152.2745757382018, -4.34238200041534 ] ], [ [ 151.19996712446451, -3.92832730414264 ], [ 152.21246640720059, -3.92832730414264 ], [ 152.43746624780846, -4.15276774801364 ], [ 152.54996616811255, -4.37714437553184 ], [ 152.66246608841649, -4.82569249921742 ], [ 152.99996584932845, -5.04985716736676 ], [ 153.89996521176059, -4.82569249921742 ], [ 154.79996457419256, -4.82569249921742 ], [ 155.24996425540846, -5.2739443636413 ], [ 155.47496409601666, -5.72187274783412 ], [ 155.56783512397587, -6.22566299468421 ] ], [ [ 150.52496760264057, -4.82569249921742 ], [ 150.41246768233648, -5.2739443636413 ], [ 150.13873740749958, -5.55112049437611 ] ], [ [ 146.24997063108842, -4.82569249921742 ], [ 146.69997031230449, -4.60145376483711 ], [ 149.39996839960057, -4.60145376483711 ], [ 150.52496760264057, -4.82569249921742 ], [ 151.19996712446451, -3.92832730414264 ], [ 149.84996808081647, -2.58053670498413 ], [ 149.84996808081647, -2.13091848096033 ], [ 150.52496760264057, -2.13091848096033 ], [ 150.80856115174021, -2.57813913820995 ] ], [ [ 143.65837090450211, -3.58005361057922 ], [ 143.99997222500841, -3.47926867897006 ], [ 144.44997190622448, -3.02999596800866 ], [ 144.44997190622448, -2.58053670498413 ] ], [ [ 142.19744566147932, -2.04578448314132 ], [ 141.87921370507269, -2.21979914266375 ], [ 141.61684820110796, -2.50953482740429 ], [ 141.29987648153164, -2.68969840259983 ] ], [ [ 145.78474096066179, -5.23368424614946 ], [ 146.02497079048055, -5.04985716736676 ], [ 146.24997063108842, -4.82569249921742 ], [ 146.24997063108842, -4.37714437553184 ], [ 145.34997126865645, -3.47926867897006 ], [ 144.44997190622448, -2.58053670498413 ], [ 143.4379374889732, -2.18847312621496 ], [ 142.19744566147932, -2.04578448314132 ] ], [ [ 146.99293885476283, -6.73937569897902 ], [ 147.37496983412842, -7.06344633899106 ], [ 148.04996935595253, -7.06289816897687 ] ], [ [ 148.2935238709162, -8.60444574834273 ], [ 148.9499687183845, -8.40113904812284 ], [ 149.39996839960057, -8.40113904812284 ] ], [ [ 150.45875671204502, -10.31574340547847 ], [ 150.74996744324844, -10.3988395771274 ], [ 151.19996712446451, -10.3988395771274 ] ], [ [ 147.18851969098361, -9.47958929269729 ], [ 147.37496983412842, -10.17745743036107 ], [ 149.39996839960057, -11.06203210990948 ], [ 150.74996744324844, -11.06203210990948 ], [ 151.19996712446451, -10.84113009552569 ], [ 151.19996712446451, -10.3988395771274 ], [ 150.97496728385667, -10.17745743036107 ], [ 150.29996776203254, -9.73423534230066 ], [ 149.84996808081647, -9.29042430103552 ], [ 149.39996839960057, -8.84605018681913 ], [ 149.39996839960057, -8.40113904812284 ], [ 148.04996935595253, -7.06344633899106 ], [ 148.04996935595253, -6.39309949782391 ], [ 147.59996967473646, -5.94570715507064 ], [ 146.90630490718817, -5.58537627826689 ], [ 146.02497079048055, -5.2739443636413 ], [ 145.78474096066179, -5.23368424614946 ] ], [ [ 145.77174829265064, -7.96374446783501 ], [ 145.57497110926448, -8.40113904812284 ] ], [ [ 143.20993372217916, -9.07814229926296 ], [ 143.99997222500841, -8.84605018681913 ], [ 144.72573462481674, -8.33231395967343 ], [ 145.57497110926448, -8.40113904812284 ], [ 146.69997031230449, -9.29042430103552 ], [ 147.18851969098361, -9.47958929269729 ] ] ] } },
{ "type": "Feature", "properties": { "id": "pukpuk-1-cable-system", "name": "Pukpuk-1 Cable System", "color": "#f05a28", "feature_id": "pukpuk-1-cable-system-0", "coordinates": [ 141.33097911640988, -2.0552676325325496 ] }, "geometry": { "type": "MultiLineString", "coordinates": [ [ [ 140.66911458461954, -2.5955351102309 ], [ 141.02519102654048, -2.29733449614536 ], [ 141.18735214658713, -2.13091848096033 ], [ 141.37936861212276, -2.02978003497204 ], [ 142.18341356935278, -2.04245264168461 ] ] ] } },
{ "type": "Feature", "properties": { "id": "strategic-evolution-underwater-link-seul", "name": "Strategic Evolution Underwater Link (SEUL)", "color": "#bd254b", "feature_id": "strategic-evolution-underwater-link-seul-0", "coordinates": [ -88.136451679771923, 17.91429586339428 ] }, "geometry": { "type": "MultiLineString", "coordinates": [ [ [ -88.29445457772991, 17.92560748967649 ], [ -88.09086335966589, 17.91103213819346 ], [ -87.97834227065086, 17.91103213819346 ] ] ] } },
{ "type": "Feature", "properties": { "id": "labuan-brunei-submarine-cable", "name": "Labuan-Brunei Submarine Cable", "color": "#ce3894", "feature_id": "labuan-brunei-submarine-cable-0", "coordinates": [ 114.98447468523977, 5.1266233419576626 ] }, "geometry": { "type": "MultiLineString", "coordinates": [ [ [ 114.88563284987971, 4.92676245288669 ], [ 114.97499278657615, 5.12000711578045 ], [ 115.16894264918029, 5.25534036532796 ] ] ] } },
{ "type": "Feature", "properties": { "id": "marea", "name": "MAREA", "color": "#288da3", "feature_id": "marea-0", "coordinates": [ -38.884088578012722, 40.577650928022223 ] }, "geometry": { "type": "MultiLineString", "coordinates": [ [ [ -76.05920188300784, 36.75500543613895 ], [ -74.69987284596934, 36.81319860577722 ], [ -72.44987443988924, 37.41128363492324 ], [ -61.19988240948919, 37.94551049545967 ], [ -50.39989006030513, 37.94551049545967 ], [ -39.59989771112098, 40.38732029077508 ], [ -23.39990918734485, 44.69482908957816 ], [ -16.19991428788883, 45.64654149518739 ], [ -9.8999187508647, 46.5823550820958 ], [ -5.84992161992076, 45.64654149518739 ], [ -4.49992257627272, 44.69482908957816 ], [ -2.94919367482356, 43.27422025200065 ] ] ] } },
{ "type": "Feature", "properties": { "id": "brazilian-festoon", "name": "Brazilian Festoon", "color": "#a36929", "feature_id": "brazilian-festoon-0", "coordinates": [ -39.023203791638053, -14.833362589631536 ] }, "geometry": { "type": "MultiLineString", "coordinates": [ [ [ -35.2111808201292, -5.79484260964692 ], [ -34.87490105835302, -6.1694505295745 ], [ -34.762401138049, -6.61665069347536 ], [ -34.86103106817858, -7.11529684129464 ], [ -34.64990121774498, -7.39826149459106 ], [ -34.64990121774498, -7.73282279439177 ], [ -34.87197106042861, -8.05532672610035 ], [ -34.762401138049, -8.40113904812284 ], [ -35.09990089896096, -9.29042430103552 ], [ -35.73496044907884, -9.65222322319027 ], [ -35.88740034108901, -10.17745743036107 ], [ -36.44989994260901, -10.7306176825277 ], [ -37.07479949992423, -10.90960768576883 ], [ -37.01239954412901, -11.17242092112813 ], [ -37.18114942458499, -11.55844851496239 ], [ -37.57050914875899, -11.84666975659916 ], [ -37.68739906595303, -12.27393499962456 ], [ -38.02489882686499, -12.82299562562977 ], [ -38.50448848711925, -12.96997203534297 ], [ -38.47489850808098, -13.48028678209216 ], [ -38.69989834868901, -14.24484254731546 ], [ -39.04769810230442, -14.78796916370236 ], [ -38.81239826899304, -15.22403228464737 ], [ -38.69989834868901, -15.87432328168983 ], [ -38.81239826899304, -16.30669306561827 ], [ -39.06468809026847, -16.45107572772654 ], [ -38.92489818929696, -16.95345498980991 ], [ -38.92489818929696, -17.5979989961555 ], [ -39.37489787051303, -18.45381377577717 ], [ -39.85912752748022, -18.71669015877287 ], [ -39.59989771112098, -18.98655325687288 ], [ -39.59989771112098, -19.729525450021 ], [ -39.82489755172902, -20.15254378601873 ], [ -40.30165721398802, -20.29402844652546 ], [ -40.49989707355304, -20.99513154302578 ], [ -41.0272366999807, -21.63114486759838 ], [ -40.94989675476902, -21.83299080520207 ], [ -41.17489659537697, -22.25009967909008 ], [ -41.39989643598501, -22.35418408364256 ], [ -41.78563616272339, -22.37179211083922 ], [ -41.84989611720108, -22.66596996779479 ], [ -42.29989579841706, -23.08058350574764 ], [ -42.74989547963305, -23.08058350574764 ], [ -43.20956515399876, -22.90348655549796 ] ] ] } },
{ "type": "Feature", "properties": { "id": "nationwide-submarine-cable-ooredoo-maldives-nascom", "name": "Nationwide Submarine Cable Ooredoo Maldives (NaSCOM)", "color": "#ef7422", "feature_id": "nationwide-submarine-cable-ooredoo-maldives-nascom-0", "coordinates": [ 73.493776767509075, 3.0771439148073352 ] }, "geometry": { "type": "MultiLineString", "coordinates": [ [ [ 73.08918245887737, -0.60551971148173 ], [ 72.99768252369689, 0.28108726090839 ], [ 72.99768252369689, 0.53108060642877 ], [ 72.99768252369689, 0.78106384159778 ], [ 73.42463222124155, 2.77677898629341 ], [ 73.53957213981704, 3.27607968736001 ], [ 73.54035213926461, 3.96298211895554 ], [ 73.54035213926461, 4.21234578187178 ], [ 73.49035217468504, 4.46162953708165 ], [ 73.27082233020184, 4.85456632120503 ], [ 73.07082247188359, 5.10362255380632 ], [ 73.18127239304401, 5.21138439709744 ], [ 73.18127239304401, 5.43541364388821 ], [ 73.17082240104271, 5.60144040276534 ], [ 73.17150240056122, 6.12583003860034 ], [ 73.0715024714021, 6.62282641501328 ] ] ] } },
{ "type": "Feature", "properties": { "id": "saba-statia-cable-system-sscs", "name": "Saba, Statia Cable System (SSCS)", "color": "#c01f38", "feature_id": "saba-statia-cable-system-sscs-0", "coordinates": [ -63.316647428490683, 17.616040674676444 ] }, "geometry": { "type": "MultiLineString", "coordinates": [ [ [ -62.72976132570857, 17.29863554651867 ], [ -62.82976125486769, 17.29863554651867 ], [ -62.98704114344916, 17.38645312863811 ], [ -62.98552567577273, 17.47589364460112 ], [ -63.08709107257282, 17.48185923679843 ], [ -63.25164095600418, 17.52116155688655 ], [ -63.24421689876345, 17.61509755017332 ], [ -63.35169088512793, 17.6164969787067 ], [ -63.35169088512793, 17.71178205639041 ], [ -63.15506102442229, 17.92932775779642 ], [ -63.05505687651615, 18.02444786703294 ], [ -62.94363117420117, 17.98451196747751 ], [ -62.85054881207158, 17.89791564702223 ] ] ] } },
{ "type": "Feature", "properties": { "id": "east-west-submarine-cable-system", "name": "East-West Submarine Cable System", "color": "#ed164f", "feature_id": "east-west-submarine-cable-system-0", "coordinates": [ 107.46181632127374, 3.3123415341325986 ] }, "geometry": { "type": "MultiLineString", "coordinates": [ [ [ 103.85068066714335, 2.29570245694968 ], [ 104.40000027800004, 2.48031178685874 ], [ 105.74999932164808, 2.59270146460193 ], [ 105.97499916225611, 2.81745044265417 ], [ 106.21112899497969, 3.2071402230342 ], [ 106.87499852468808, 3.15449149809985 ], [ 107.32499820590417, 3.26681481681567 ], [ 107.99999772772827, 3.49142332232059 ], [ 108.29022752212678, 3.66676047852692 ], [ 108.89999709016024, 3.26681481681567 ], [ 109.79999645259221, 2.59270146460193 ], [ 110.24999613380828, 1.9182287802156 ], [ 110.35370606033919, 1.52016912664214 ] ] ] } },
{ "type": "Feature", "properties": { "id": "smpcs-packet-1", "name": "SMPCS Packet-1", "color": "#a43a95", "feature_id": "smpcs-packet-1-0", "coordinates": [ 127.32155160528426, -3.1694711792095771 ] }, "geometry": { "type": "MultiLineString", "coordinates": [ [ [ 126.89998433880031, 1.01853421661552 ], [ 127.34998402001638, 1.01853421661552 ], [ 127.46248394032031, 0.90605018086909 ], [ 127.56141387023752, 0.73497790903826 ] ], [ [ 127.34998402001638, 1.01853421661552 ], [ 127.34998402001638, 0.90605018086909 ], [ 127.37537400202994, 0.78985300941395 ] ], [ [ 128.19070342444294, -3.64574617818532 ], [ 128.0249835418403, -4.0405552890621 ], [ 127.79998370123228, -4.15276774801364 ], [ 126.44998465758441, -4.15276774801364 ], [ 125.09998561393637, -3.81608422175021 ], [ 123.07498704846441, -3.81608422175021 ], [ 122.51297744659723, -3.99846909724518 ] ], [ [ 127.4804539275903, -0.62680846519023 ], [ 127.34998402001638, -0.78138663622559 ], [ 127.34998402001638, -1.0063589512248 ] ], [ [ 126.67498449819227, -1.23131575021741 ], [ 127.34998402001638, -1.0063589512248 ], [ 127.79998370123228, -1.0063589512248 ], [ 128.24998338244836, -1.23131575021741 ], [ 129.1499827448803, -1.23131575021741 ], [ 129.5999824260964, -0.78138663622559 ], [ 130.39002186642506, -0.59019055694154 ], [ 130.89012151214973, -0.59019055694154 ], [ 131.29539122505298, -0.88205594438468 ] ], [ [ 126.68699448968442, -2.20147796785565 ], [ 125.93699502099096, -2.20147796785565 ] ], [ [ 127.34998402001638, -3.25465736479768 ], [ 127.08582420714977, -3.2334014956516 ] ], [ [ 129.1499827448803, -3.92832730414264 ], [ 129.1499827448803, -3.70382647066824 ], [ 128.9552528828288, -3.29784662859805 ] ], [ [ 129.87205223335977, -4.52017202598426 ], [ 129.82498226670444, -4.15276774801364 ] ], [ [ 124.83963579837059, 1.49077929609472 ], [ 125.09998561393637, 1.24349007697804 ], [ 125.99998497636834, 1.01853421661552 ], [ 126.89998433880031, 1.01853421661552 ], [ 126.89998433880031, 0.56857885252619 ], [ 126.89998433880031, 0.11858841888831 ], [ 126.67498449819227, -1.23131575021741 ], [ 126.68699448968442, -2.20147796785565 ], [ 127.12498417940834, -2.58053670498413 ], [ 127.34998402001638, -3.25465736479768 ], [ 127.57498386062441, -3.70382647066824 ], [ 127.79998370123228, -3.92832730414264 ], [ 128.0249835418403, -3.92832730414264 ], [ 128.19070342444294, -3.64574617818532 ], [ 128.4749832230562, -3.81608422175021 ], [ 129.1499827448803, -3.92832730414264 ], [ 129.82498226670444, -4.15276774801364 ], [ 130.49998178852834, -4.15276774801364 ], [ 131.39998115096031, -3.92832730414264 ], [ 132.29998051339228, -3.47926867897006 ], [ 132.74998019460836, -3.36696949729516 ], [ 133.00857001142109, -3.11141882730598 ] ] ] } },
{ "type": "Feature", "properties": { "id": "smpcs-packet-2", "name": "SMPCS Packet-2", "color": "#33b44a", "feature_id": "smpcs-packet-2-0", "coordinates": [ 131.74814831666004, -2.928285746232012 ] }, "geometry": { "type": "MultiLineString", "coordinates": [ [ [ 136.57497748494447, -5.04985716736676 ], [ 136.88962726204366, -4.55024753995573 ] ], [ [ 134.0999792382564, -4.15276774801364 ], [ 133.79147945680054, -3.67936734466903 ] ], [ [ 132.75203019315614, -5.63538932456636 ], [ 132.63753027426915, -5.38595784717307 ], [ 132.63963027278146, -5.12874487083341 ], [ 132.85535011996345, -4.42738567363109 ] ], [ [ 134.06198926516882, -0.86145834346259 ], [ 134.32497907886446, -0.72514153944015 ], [ 134.5499789194723, -0.55640227285058 ] ], [ [ 136.05329785450721, -1.18718561302674 ], [ 135.89997796312053, -1.40002108175267 ] ], [ [ 139.49997541284839, -1.681168935905 ], [ 139.35329551675807, -2.17522714540715 ] ], [ [ 140.66911458461954, -2.59156545384156 ], [ 140.39997477528055, -2.13091848096033 ], [ 139.49997541284839, -1.681168935905 ], [ 137.69997668798445, -1.23131575021741 ], [ 136.79997732555231, -1.23131575021741 ], [ 136.34997764433641, -1.40002108175267 ], [ 135.89997796312053, -1.40002108175267 ], [ 135.44997828190446, -1.17507819468851 ], [ 134.99997860068837, -0.78138663622559 ], [ 134.5499789194723, -0.55640227285058 ], [ 133.64997955704033, -0.33140932966026 ], [ 132.29998051339228, -0.10641127587541 ], [ 131.62498099156835, -0.33140932966026 ], [ 131.29539122505298, -0.88205594438468 ], [ 131.04539140215516, -0.75706884538825 ], [ 130.89012151214973, -0.69018423125829 ], [ 130.39002186642506, -0.69018423125829 ], [ 130.27498194792031, -1.23131575021741 ], [ 130.72498162913641, -1.681168935905 ], [ 131.39998115096031, -2.58053670498413 ], [ 131.84998083217641, -3.02999596800866 ], [ 132.29998051339228, -3.25465736479768 ], [ 132.74998019460836, -3.25465736479768 ], [ 133.00857001142109, -3.11141882730598 ], [ 132.74998019460836, -3.47926867897006 ], [ 132.60535029706563, -3.67926755085484 ], [ 132.60535029706563, -4.17809066181876 ], [ 132.85535011996345, -4.42738567363109 ], [ 133.64997955704033, -4.37714437553184 ], [ 134.0999792382564, -4.15276774801364 ], [ 134.99997860068837, -4.71358217722925 ], [ 135.89997796312053, -4.82569249921742 ], [ 136.57497748494447, -5.04985716736676 ], [ 136.79997732555231, -6.1694505295745 ], [ 136.79997732555231, -8.40113904812284 ], [ 137.24997700676838, -8.84605018681913 ], [ 138.59997605041642, -9.06830600387441 ], [ 139.94997509406446, -8.84605018681913 ], [ 140.40505477168179, -8.49908402385489 ] ], [ [ 130.85760153518734, -0.38335828048121 ], [ 130.89012151214973, -0.4901950849337 ], [ 131.29539122505298, -0.88205594438468 ] ] ] } },
{ "type": "Feature", "properties": { "id": "luwuk-tutuyan-cable-system-ltcs", "name": "Luwuk Tutuyan Cable System (LTCS)", "color": "#554b9f", "feature_id": "luwuk-tutuyan-cable-system-ltcs-0", "coordinates": [ 124.09471861195692, -0.57546375300944919 ] }, "geometry": { "type": "MultiLineString", "coordinates": [ [ [ 124.57498598585096, 0.7614356339949 ], [ 124.6499859327203, 0.56857885252619 ], [ 124.6499859327203, 0.11858841888831 ], [ 123.74998657028833, -1.0063589512248 ], [ 123.29998688907226, -1.09071975534331 ], [ 123.07498704846441, -1.06259974102864 ], [ 122.79275724839854, -0.93878873894516 ] ] ] } },
{ "type": "Feature", "properties": { "id": "tarakan-selor-cable-system-tscs", "name": "Tarakan Selor Cable System (TSCS)", "color": "#3db557", "feature_id": "tarakan-selor-cable-system-tscs-0", "coordinates": [ 117.89999071448027, 3.0414281890356527 ] }, "geometry": { "type": "MultiLineString", "coordinates": [ [ [ 117.57851094221976, 3.32735439639234 ], [ 117.61874091372027, 3.15449149809985 ], [ 117.89999071448027, 3.04215604242586 ], [ 117.89999071448027, 2.81745044265417 ], [ 117.81942077155685, 2.57202250048142 ] ] ] } },
{ "type": "Feature", "properties": { "id": "sumatera-bangka-cable-system-sbcs", "name": "Sumatera Bangka Cable System (SBCS)", "color": "#bab034", "feature_id": "sumatera-bangka-cable-system-sbcs-0", "coordinates": [ 104.74267069755895, -2.4578134016738415 ] }, "geometry": { "type": "MultiLineString", "coordinates": [ [ [ 105.16425973659172, -2.06514265343443 ], [ 104.96249987952004, -2.13091848096033 ], [ 104.84999995921611, -2.24333642875543 ], [ 104.73750003891219, -2.46814597265614 ], [ 104.62500011860807, -2.63672837237882 ], [ 104.62500011860807, -2.80528793230792 ], [ 104.75732002487149, -2.99098990179985 ] ] ] } },
{ "type": "Feature", "properties": { "id": "s-u-b-cable-system", "name": "S-U-B Cable System", "color": "#cd5628", "feature_id": "s-u-b-cable-system-0", "coordinates": [ 116.59214014239069, -6.3501163588277363 ] }, "geometry": { "type": "MultiLineString", "coordinates": [ [ [ 114.60399304939611, -3.32758682857312 ], [ 114.1874933444483, -3.70382647066824 ], [ 113.96249350384026, -4.37714437553184 ], [ 113.73749366323221, -4.82569249921742 ], [ 113.17499406171221, -5.72187274783412 ], [ 112.72499438049614, -6.39309949782391 ], [ 112.72499438049614, -6.61665069347536 ], [ 112.74667436513811, -7.25859194859476 ], [ 112.89374426154831, -6.61665069347536 ], [ 113.06249413962023, -6.39309949782391 ], [ 114.46970572643436, -6.1694505295745 ], [ 116.07081354037958, -6.32167151407987 ], [ 117.37991922838094, -6.39309949782391 ], [ 118.79999007691224, -5.38595784717307 ], [ 119.41238964308275, -5.1521802173347 ], [ 118.79999007691224, -5.16191066211307 ], [ 116.58310164737706, -4.62870510179374 ], [ 114.7499929459683, -4.60145376483711 ], [ 114.41249318505615, -4.37714437553184 ], [ 114.29999326475222, -3.70382647066824 ], [ 114.60399304939611, -3.32758682857312 ] ] ] } },
{ "type": "Feature", "properties": { "id": "indigo-west", "name": "INDIGO-West", "color": "#a47c2c", "feature_id": "indigo-west-0", "coordinates": [ 108.38521825497028, -19.08116413897757 ] }, "geometry": { "type": "MultiLineString", "coordinates": [ [ [ 103.64609081207688, 1.3385858520715 ], [ 103.83750067648003, 1.01853421661552 ], [ 103.83750067648003, 0.7935626526072 ], [ 104.17500043739219, 0.62782557863915 ], [ 104.84999995921611, 0.5123313970696 ], [ 105.52499948104004, 0.11858841888831 ], [ 106.19999900286416, -0.78138663622559 ], [ 106.98549844640912, -2.13091848096033 ], [ 107.09999836529612, -3.02999596800866 ], [ 107.09999836529612, -4.60145376483711 ], [ 106.64999868408005, -5.17435983638704 ], [ 106.82782855810404, -6.17187639081632 ] ], [ [ 106.64999868408005, -5.17435983638704 ], [ 106.4039414503484, -5.52563517278998 ], [ 105.74999932164808, -6.00165166491379 ], [ 105.29999964043219, -6.05759043242458 ], [ 104.84999995921611, -6.61665069347536 ], [ 104.84999995921611, -7.50981068833955 ], [ 105.29999964043219, -11.94394493174681 ], [ 106.99999843554109, -15.44102365956809 ], [ 108.89999708956415, -20.43392219763741 ], [ 111.14999549624025, -27.15383128539156 ], [ 112.94999422110418, -30.30995334464681 ], [ 113.84999358353615, -31.08383471876724 ], [ 115.85731216153303, -31.95344133032431 ] ] ] } },
{ "type": "Feature", "properties": { "id": "junior", "name": "Junior", "color": "#902c8c", "feature_id": "junior-0", "coordinates": [ -44.597985661368206, -23.927642902465102 ] }, "geometry": { "type": "MultiLineString", "coordinates": [ [ [ -46.32806294482565, -23.96184289759709 ], [ -44.99989388571306, -24.11150273425747 ], [ -43.64989484206502, -23.49392244589784 ], [ -43.20956515399876, -22.90348655549796 ] ] ] } },
{ "type": "Feature", "properties": { "id": "skagerrak-4", "name": "Skagerrak 4", "color": "#60bb46", "feature_id": "skagerrak-4-0", "coordinates": [ 8.9332371512891484, 57.372833879784302 ] }, "geometry": { "type": "MultiLineString", "coordinates": [ [ [ 7.99625857131523, 58.15106571642484 ], [ 8.43756825868734, 57.9320565869514 ], [ 8.7750680195993, 57.57189027900508 ], [ 9.11256778051126, 57.14714566273729 ], [ 9.11256778051126, 56.8407386421455 ], [ 9.22506770081537, 56.71746848204116 ], [ 9.28131766096734, 56.593792978419 ], [ 9.3375676211193, 56.56281067903171 ], [ 9.61168742693028, 56.51079153038908 ] ] ] } },
{ "type": "Feature", "properties": { "id": "atisa", "name": "Atisa", "color": "#56be8d", "feature_id": "atisa-0", "coordinates": [ 144.88958503513371, 14.530318141710831 ] }, "geometry": { "type": "MultiLineString", "coordinates": [ [ [ 145.6292710707981, 14.95877498580788 ], [ 145.46247118896056, 14.90989386028971 ], [ 145.12497142804841, 14.90989386028971 ] ], [ [ 144.78747166713646, 14.36565375922844 ], [ 145.01247150774449, 14.36565375922844 ], [ 145.13435142140369, 14.14493629605385 ] ], [ [ 144.69470173285575, 13.46477296237014 ], [ 144.67497174683251, 13.92930384327183 ], [ 144.78747166713646, 14.36565375922844 ], [ 145.12497142804841, 14.90989386028971 ], [ 145.34997126865645, 15.12720800205855 ], [ 145.69958102098963, 15.15181329685808 ] ] ] } },
{ "type": "Feature", "properties": { "id": "tui-samoa", "name": "Tui-Samoa", "color": "#ba8c34", "feature_id": "tui-samoa-0", "coordinates": [ -176.2024591526966, -14.475800138388372 ] }, "geometry": { "type": "MultiLineString", "coordinates": [ [ [ -176.17500034981671, -13.28200057514726 ], [ -175.72480127896205, -13.69898726961074 ], [ -175.49980143835413, -14.13577537506467 ] ], [ [ -178.15810822841175, -14.29683787673267 ], [ -177.74979984443414, -14.57172649133255 ], [ -177.29980016321815, -15.00681703291881 ] ], [ [ 179.34974953238174, -16.80801177359569 ], [ 179.54994704107284, -17.16855309422616 ], [ 179.99993262111889, -17.5979989961555 ] ], [ [ -171.76669408292247, -13.83348925575777 ], [ -171.89980398862608, -13.48028678209216 ], [ -172.2373037495382, -13.261386000117 ], [ -172.79980335105813, -13.261386000117 ], [ -175.49980143835413, -14.13577537506467 ], [ -177.29980016321815, -15.00681703291881 ], [ -179.54979856929816, -17.16855309422616 ], [ -179.99979825051412, -17.5979989961555 ] ], [ [ -171.89980398862608, -13.48028678209216 ], [ -172.01230390893008, -13.58966225051209 ], [ -172.17816102513319, -13.67059402263589 ] ], [ [ 178.43744782917764, -18.12381094353719 ], [ 178.87496111451929, -18.13455947760661 ], [ 179.99993262111889, -17.5979989961555 ] ] ] } },
{ "type": "Feature", "properties": { "id": "bugio", "name": "BUGIO", "color": "#d33894", "feature_id": "bugio-0", "coordinates": [ -9.3563946835233427, 38.450535294351234 ] }, "geometry": { "type": "MultiLineString", "coordinates": [ [ [ -9.33155915349599, 38.69016197235553 ], [ -9.4315090826905, 38.61206568189252 ], [ -9.35274913848484, 38.44269570155149 ], [ -9.20269924478163, 38.36471443161005 ], [ -9.10274931558703, 38.4430794831419 ] ] ] } },
{ "type": "Feature", "properties": { "id": "quintillion-subsea-cable-network", "name": "Quintillion Subsea Cable Network", "color": "#baab31", "feature_id": "quintillion-subsea-cable-network-0", "coordinates": [ -161.52224884780216, 71.144738713136974 ] }, "geometry": { "type": "MultiLineString", "coordinates": [ [ [ -161.11856210313948, 71.24562930009421 ], [ -160.64981195822594, 70.80045445855767 ], [ -160.03834289566558, 70.63694726997778 ] ], [ [ -168.29980653889803, 68.12014116880253 ], [ -166.94980749525007, 67.4394931950777 ], [ -165.59980845160203, 67.09168603590066 ], [ -163.799809726738, 66.91588535690667 ], [ -162.59668101868567, 66.89834123906643 ] ], [ [ -167.84980685768204, 68.61776755908163 ], [ -167.39980717646606, 68.45310188361516 ], [ -166.80805792891846, 68.34777271452049 ] ], [ [ -156.78863527988352, 71.29055679250226 ], [ -156.5998148272819, 71.38369549089968 ], [ -156.5998148272819, 71.6688723488942 ] ], [ [ -148.45676558455187, 70.29404593604013 ], [ -148.38732064687807, 70.50227660282815 ], [ -148.49982056539383, 70.80045445855767 ], [ -155.24981578363395, 71.6688723488942 ], [ -158.39981355214593, 71.6688723488942 ], [ -161.11856210313948, 71.24562930009421 ], [ -162.89981036430603, 70.80045445855767 ], [ -166.94980749525007, 69.10459505606217 ], [ -167.84980685768204, 68.61776755908163 ], [ -168.29980653889803, 68.12014116880253 ], [ -168.52480637950606, 66.01760945207982 ], [ -168.07480669829008, 64.8962822062034 ], [ -166.94980749525007, 64.31739001144432 ], [ -166.04980813281801, 64.31739001144432 ], [ -165.40639895727566, 64.50111053726953 ] ] ] } },
{ "type": "Feature", "properties": { "id": "arsat-submarine-fiber-optic-cable", "name": "ARSAT Submarine Fiber Optic Cable", "color": "#e12825", "feature_id": "arsat-submarine-fiber-optic-cable-0", "coordinates": [ -68.467043203781827, -52.554235898639284 ] }, "geometry": { "type": "MultiLineString", "coordinates": [ [ [ -68.41974729486913, -52.39021716428203 ], [ -68.45812726768042, -52.54751033211774 ], [ -68.6057871630767, -52.65889476082415 ] ] ] } },
{ "type": "Feature", "properties": { "id": "balok", "name": "BALOK", "color": "#35bba4", "feature_id": "balok-0", "coordinates": [ 115.91094573738215, -8.3993609197746153 ] }, "geometry": { "type": "MultiLineString", "coordinates": [ [ [ 115.74667223991158, -8.38626016131136 ], [ 115.93324210774352, -8.40113904812284 ], [ 116.04726202697084, -8.48546501078687 ] ] ] } },
{ "type": "Feature", "properties": { "id": "pencan-9", "name": "Pencan-9", "color": "#86c440", "feature_id": "pencan-9-0", "coordinates": [ -11.540609046184599, 33.07476541382141 ] }, "geometry": { "type": "MultiLineString", "coordinates": [ [ [ -6.42888120978034, 36.73129423644183 ], [ -7.19992066356871, 36.42191605012598 ], [ -8.7749195478247, 35.41978051708035 ], [ -10.79991811329676, 33.93964008831966 ], [ -14.39991556302481, 29.73606949729215 ], [ -14.84991524424079, 28.95155473219332 ], [ -15.45074481860756, 28.09637444868094 ] ] ] } },
{ "type": "Feature", "properties": { "id": "taba-aqaba", "name": "Taba-Aqaba", "color": "#98a439", "feature_id": "taba-aqaba-0", "coordinates": [ 34.959625257515611, 29.523248443865263 ] }, "geometry": { "type": "MultiLineString", "coordinates": [ [ [ 34.89486951608693, 29.49257642260423 ], [ 34.95097447634171, 29.5122546813838 ], [ 35.00509500000022, 29.58103323103279 ] ] ] } },
{ "type": "Feature", "properties": { "id": "tannat", "name": "Tannat", "color": "#34a8a7", "feature_id": "tannat-0", "coordinates": [ -47.401374671328654, -31.994362705245855 ] }, "geometry": { "type": "MultiLineString", "coordinates": [ [ [ -46.32806294482565, -23.96184289759709 ], [ -45.89989324814503, -25.13418654706134 ], [ -45.44989356692904, -27.95174728521976 ], [ -47.69989197300905, -32.61276000573574 ], [ -50.84988974152112, -34.48775447869505 ], [ -53.54988782881711, -35.22626671976625 ], [ -54.95018683683215, -34.90041602705144 ] ], [ [ -53.54988782881711, -35.22626671976625 ], [ -53.99988751003309, -35.59302880961419 ], [ -56.69544224110184, -36.47097855291435 ] ] ] } },
{ "type": "Feature", "properties": { "id": "south-atlantic-inter-link-sail", "name": "South Atlantic Inter Link (SAIL)", "color": "#c62a26", "feature_id": "south-atlantic-inter-link-sail-0", "coordinates": [ -13.859932011165128, -2.6142006522581269 ] }, "geometry": { "type": "MultiLineString", "coordinates": [ [ [ -38.54296845985959, -3.71873512929109 ], [ -35.99990026139302, -2.58053670498413 ], [ -34.199901536529, -2.13091848096033 ], [ -25.19990791220887, -1.90605839438477 ], [ -10.79991811329676, -2.80528793230792 ], [ -3.59992321384075, -2.80528793230792 ], [ 0.45007391710319, -1.0813464460988 ], [ 6.30006977291125, 1.9182287802156 ], [ 8.10006849777537, 2.48031178685874 ], [ 9.00006786020734, 2.59270146460193 ], [ 9.91022721544214, 2.9331245335186 ] ] ] } },
{ "type": "Feature", "properties": { "id": "brusa", "name": "BRUSA", "color": "#c86d28", "feature_id": "brusa-0", "coordinates": [ -42.089079808883866, 8.4203146187335225 ] }, "geometry": { "type": "MultiLineString", "coordinates": [ [ [ -63.4498808155692, 24.94136317175375 ], [ -65.69987922164921, 20.37504125346543 ], [ -66.14987890286528, 19.10440547593045 ], [ -66.10666604285259, 18.46610541858561 ] ], [ [ -35.54990058017695, 0.56857885252619 ], [ -36.89989962382499, -0.78138663622559 ], [ -38.54296486611214, -3.71873653257908 ] ], [ [ -43.20956312275018, -22.90349520937393 ], [ -42.29989579841706, -23.90596926179026 ], [ -40.94989675476902, -24.31670674946918 ], [ -37.34989930504097, -23.49392244589784 ], [ -32.84990249288096, -18.02642638371345 ], [ -31.04990376801693, -13.69898726961074 ], [ -29.92490456497692, -9.29042430103552 ], [ -31.49990343679494, -4.82569248682356 ], [ -35.54990058017695, 0.56857885252619 ], [ -41.39989643598501, 7.74488905255145 ], [ -48.59989133544111, 14.80115422479158 ], [ -57.59988495976114, 21.216397899942 ], [ -63.4498808155692, 24.94136317175375 ], [ -69.29987667137726, 29.73606949729215 ], [ -73.3498738023213, 33.56549148235204 ], [ -75.59987220840131, 35.78566189952622 ], [ -75.82487204900934, 36.1498667868178 ], [ -76.05919805488554, 36.75500844064253 ] ] ] } },
{ "type": "Feature", "properties": { "id": "ellalink", "name": "EllaLink", "color": "#939597", "feature_id": "ellalink-0", "coordinates": [ -44.351861594309149, 2.7209727045902743 ] }, "geometry": { "type": "MultiLineString", "coordinates": [ [ [ -55.17385100000029, 5.82403 ], [ -54.79263592297266, 6.28052639226019 ], [ -53.932895321083, 6.28052639226019 ], [ -52.2589707256569, 5.77285372621629 ], [ -51.52322748161733, 5.23533236960813 ] ], [ [ -37.19847081407336, -1.83254825437451 ], [ -37.60609009806106, -1.25793532815482 ], [ -46.79989261057708, 4.16491284997694 ], [ -51.52322748161733, 5.23533236960813 ], [ -52.3134531, 4.92242 ] ], [ [ -44.29120298210234, -2.54011316308006 ], [ -43.73622290650543, 0.43081566807511 ], [ -42.9060267343742, 1.86990769688363 ] ], [ [ -48.510443, -1.45858899999979 ], [ -47.72118102102372, 1.34666187068951 ], [ -46.1143532386776, 3.76124313508109 ] ] ] } },
{ "type": "Feature", "properties": { "id": "ellalink", "name": "EllaLink", "color": "#c22c75", "feature_id": "ellalink-1", "coordinates": [ -22.96085384459116, 17.041489374928894 ] }, "geometry": { "type": "MultiLineString", "coordinates": [ [ [ -17.79712138395127, 27.28574753749249 ], [ -16.19991428848483, 27.12304234123925 ], [ -15.70906492030405, 27.36651986187134 ], [ -15.5965647159034, 27.95773368288527 ] ], [ [ -20.43033696148376, 21.6744071021487 ], [ -17.03570399999955, 20.94717200000018 ] ], [ [ -13.72491604179678, 33.93964008831966 ], [ -12.37491699814874, 33.93964008831966 ], [ -9.8999187508647, 33.93964008831966 ], [ -7.63192035813202, 33.60539511325584 ] ], [ [ -38.54296486611214, -3.71873653257908 ], [ -36.44989994260901, -0.78138663622559 ], [ -35.09990089896096, 0.56857885252619 ], [ -31.04990376801693, 3.71597811929807 ], [ -27.85950075469042, 7.71663262288282 ], [ -25.64990759342495, 11.29470931956548 ], [ -24.2999085497769, 14.36565375922844 ], [ -24.07490870916887, 14.80115422479158 ], [ -23.39990918734485, 16.10232559580297 ], [ -21.59991046248082, 19.95262290516439 ], [ -19.59991187929863, 22.88465411388244 ], [ -18.44991269396884, 24.94136317175375 ], [ -17.6624132518408, 27.76358852605777 ], [ -17.47038457928175, 28.27560624408298 ], [ -17.0999136503208, 28.95155473219332 ], [ -17.19854858529393, 29.69026425100791 ], [ -16.64991396970081, 31.67051304708713 ], [ -16.08741436818081, 32.43331330641721 ], [ -13.72491604179678, 33.93964008831966 ], [ -11.47491763512078, 36.51238821239364 ], [ -9.44991906964872, 37.67887792909206 ], [ -9.11241930873675, 37.85358171958824 ], [ -8.86959721512922, 37.95721527519206 ] ], [ [ -23.52120910141486, 14.92303556017167 ], [ -23.84990886856083, 14.80115422479158 ], [ -24.07490870916887, 14.80115422479158 ] ], [ [ -16.08741436818081, 32.43331330641721 ], [ -16.64991396910482, 32.52821504536491 ], [ -16.908898160638, 32.64727696563769 ] ] ] } },
{ "type": "Feature", "properties": { "id": "gulf2africa-g2a", "name": "Gulf2Africa (G2A)", "color": "#d1b32a", "feature_id": "gulf2africa-g2a-0", "coordinates": [ 49.059898944509968, 13.82400971178645 ] }, "geometry": { "type": "MultiLineString", "coordinates": [ [ [ 49.18792939074928, 11.27555693662322 ], [ 48.60003980721571, 13.60149820227659 ] ], [ [ 54.14808587692784, 17.09582718672565 ], [ 53.92386416017263, 16.53419619825972 ], [ 52.65003693815965, 15.56116563526334 ], [ 48.60003980721571, 13.60149820227659 ], [ 45.45004203870374, 12.83486881784652 ], [ 45.12334227014084, 10.81596353465253 ], [ 45.01088234980864, 10.43511874899288 ] ] ] } },
{ "type": "Feature", "properties": { "id": "nigeria-cameroon-submarine-cable-system-ncscs", "name": "Nigeria Cameroon Submarine Cable System (NCSCS)", "color": "#36b449", "feature_id": "nigeria-cameroon-submarine-cable-system-ncscs-0", "coordinates": [ 5.6138152218464512, 2.9887897201358737 ] }, "geometry": { "type": "MultiLineString", "coordinates": [ [ [ 3.42351181069211, 6.43906691148463 ], [ 4.05007136683124, 4.16491284997694 ], [ 5.40007041047929, 3.04215604242586 ], [ 6.30006977291125, 2.81745044265417 ], [ 8.10006849777537, 2.70508116033576 ], [ 9.00006786020734, 2.81745044265417 ], [ 9.91022721544214, 2.9331245335186 ] ] ] } },
{ "type": "Feature", "properties": { "id": "san-andres-isla-tolu-submarine-cable-sait", "name": "San Andres Isla Tolu Submarine Cable (SAIT)", "color": "#c28c2b", "feature_id": "san-andres-isla-tolu-submarine-cable-sait-0", "coordinates": [ -78.775737439732396, 10.715014824972707 ] }, "geometry": { "type": "MultiLineString", "coordinates": [ [ [ -81.70055036987328, 12.58470301327905 ], [ -78.29987029569729, 10.41081650540272 ], [ -76.49987157083336, 9.96791518697413 ], [ -75.55866223759485, 9.49638197998378 ] ] ] } },
{ "type": "Feature", "properties": { "id": "lynn-canal-fiber", "name": "Lynn Canal Fiber", "color": "#45bfb2", "feature_id": "lynn-canal-fiber-0", "coordinates": [ -135.23193605581747, 58.901400071308892 ] }, "geometry": { "type": "MultiLineString", "coordinates": [ [ [ -135.31389103529182, 59.458344430799 ], [ -135.38508098306181, 59.30041545947947 ], [ -135.44500093910025, 59.23583778263841 ], [ -135.34998100881364, 59.08261616806949 ], [ -135.25154108103629, 58.96140764309082 ], [ -135.20169111760976, 58.80882557674542 ], [ -135.07029121401408, 58.68451584667102 ], [ -135.02390124804913, 58.59201827449459 ], [ -134.74729145098979, 58.55104926823191 ] ] ] } },
{ "type": "Feature", "properties": { "id": "hawaii-island-fibre-network-hifn", "name": "Hawaii Island Fibre Network (HIFN)", "color": "#d2da26", "feature_id": "hawaii-island-fibre-network-hifn-0", "coordinates": [ -156.82008100946626, 20.60383337709774 ] }, "geometry": { "type": "MultiLineString", "coordinates": [ [ [ -157.55220471967434, 20.73275112247987 ], [ -157.16231442880189, 20.90143978523765 ], [ -157.02388510728736, 21.09335900500387 ] ], [ [ -156.75972530109388, 20.63645617786862 ], [ -156.89688520046363, 20.74645178532177 ] ], [ [ -157.69600461417235, 21.27755746368049 ], [ -157.74600457748889, 21.17396649136155 ], [ -157.74600457748889, 20.89386327374593 ], [ -157.55220471967434, 20.73275112247987 ], [ -157.34732486998877, 20.5623200241963 ], [ -156.89688520046363, 20.5623200241963 ], [ -156.75972530109388, 20.63645617786862 ], [ -156.46309551872272, 20.78215184399808 ], [ -156.48731490697796, 20.58581909604039 ], [ -156.37481498667395, 20.48046637597581 ], [ -156.09356518591377, 20.26954403592959 ], [ -155.83140598217537, 20.03998810568653 ] ], [ [ -159.36856338706372, 21.97494303107781 ], [ -159.1796035256981, 21.92467193667195 ], [ -158.84981323336208, 21.63529738485955 ], [ -158.45606405653842, 21.4602691988773 ], [ -158.22066328843266, 21.4634468234482 ] ] ] } },
{ "type": "Feature", "properties": { "id": "hawaii-inter-island-cable-system-hics", "name": "Hawaii Inter-Island Cable System (HICS)", "color": "#c92c40", "feature_id": "hawaii-inter-island-cable-system-hics-0", "coordinates": [ -156.70771642607983, 20.782151843998083 ] }, "geometry": { "type": "MultiLineString", "coordinates": [ [ [ -157.69600461417235, 21.27755746368049 ], [ -157.69600461417235, 21.17396649136155 ], [ -157.49981418971396, 21.05316949509436 ], [ -157.16231442880189, 20.95397903659904 ], [ -157.00733511942963, 21.01151286594859 ], [ -156.82481466788994, 20.95397903659904 ], [ -156.75357530560598, 20.88018534755951 ], [ -156.71309533530501, 20.78215184399808 ], [ -156.46309551872272, 20.78215184399808 ], [ -156.43106554222223, 20.58581909604039 ], [ -156.3185656247602, 20.48046637597581 ], [ -156.03731522576189, 20.26954403592959 ], [ -155.83140598217537, 20.03998810568653 ] ], [ [ -159.36856338706372, 21.97494303107781 ], [ -159.26846346050419, 21.8820852936977 ], [ -158.84981323336208, 21.53068533396254 ], [ -158.3998135521461, 21.32123529551186 ], [ -158.11949430347011, 21.33969757151608 ] ] ] } },
{ "type": "Feature", "properties": { "id": "unisur", "name": "Unisur", "color": "#af5b39", "feature_id": "unisur-0", "coordinates": [ -55.665349849359913, -35.848967439550698 ] }, "geometry": { "type": "MultiLineString", "coordinates": [ [ [ -54.95018683683215, -34.90041602705144 ], [ -55.34988655368113, -35.59302880961419 ], [ -55.79988623489721, -35.95811819864919 ], [ -56.69544560047454, -36.47095527632105 ] ] ] } },
{ "type": "Feature", "properties": { "id": "transcan-3", "name": "TRANSCAN-3", "color": "#d82729", "feature_id": "transcan-3-0", "coordinates": [ -14.846845214219398, 28.531593363654576 ] }, "geometry": { "type": "MultiLineString", "coordinates": [ [ [ -15.69996464205781, 27.99976141196043 ], [ -15.63741468696482, 28.19410804909807 ], [ -15.5249147666608, 28.29321405801615 ], [ -14.3999155636208, 28.68871408880043 ], [ -13.82731596925565, 28.8634193989775 ] ] ] } },
{ "type": "Feature", "properties": { "id": "northern-lights", "name": "Northern Lights", "color": "#b3c134", "feature_id": "northern-lights-0", "coordinates": [ -3.5999232138407486, 58.881066344862234 ] }, "geometry": { "type": "MultiLineString", "coordinates": [ [ [ -3.35495751802266, 59.05145739475544 ], [ -3.59992321384075, 58.99117670269853 ], [ -3.59992321384075, 58.75856894488295 ], [ -3.37658337205671, 58.67032899288871 ] ] ] } },
{ "type": "Feature", "properties": { "id": "jambi-batam-cable-system-jiba", "name": "Jambi-Batam Cable System (JIBA)", "color": "#574099", "feature_id": "jambi-batam-cable-system-jiba-0", "coordinates": [ 104.00625055693611, 0.0067668853559622998 ] }, "geometry": { "type": "MultiLineString", "coordinates": [ [ [ 104.01373700205465, 1.06558821035036 ], [ 104.00657555670598, 0.90605018086909 ], [ 104.03462553683499, 0.7935626526072 ], [ 104.03437553701218, 0.62782557863915 ], [ 104.00625055693611, 0.11858841888831 ], [ 104.00625055693611, -0.33140932966026 ], [ 103.46670093915829, -0.81654319237555 ] ] ] } },
{ "type": "Feature", "properties": { "id": "segunda-fos-canal-de-chacao", "name": "Segunda FOS Canal de Chacao", "color": "#9fa237", "feature_id": "segunda-fos-canal-de-chacao-0", "coordinates": [ -73.325298208334161, -41.906663419836335 ] }, "geometry": { "type": "MultiLineString", "coordinates": [ [ [ -73.15529394016345, -41.80693750006321 ], [ -73.25265387119281, -41.87241674679864 ], [ -73.50446369280839, -41.99112728870596 ] ] ] } },
{ "type": "Feature", "properties": { "id": "sistem-kabel-rakyat-1malaysia-skr1m", "name": "Sistem Kabel Rakyat 1Malaysia (SKR1M)", "color": "#b64d26", "feature_id": "sistem-kabel-rakyat-1malaysia-skr1m-0", "coordinates": [ 114.34252735258569, 5.2141555581242445 ] }, "geometry": { "type": "MultiLineString", "coordinates": [ [ [ 103.85068066714335, 2.29570245694968 ], [ 104.40000027800004, 2.53650784651084 ], [ 105.74999932164808, 3.21065470147825 ], [ 106.32358289909516, 3.38115077003638 ], [ 108.17773197622363, 4.30295204486905 ], [ 108.55236915756022, 4.42174487060345 ], [ 108.9686493846804, 4.24500432398029 ], [ 109.79999645259221, 2.36791255870541 ], [ 110.13749621350416, 1.9182287802156 ], [ 110.35370606033919, 1.52016912664214 ], [ 110.47499597441613, 1.9182287802156 ], [ 110.69999581502417, 2.36791255870541 ], [ 111.59999517745614, 3.04215604242586 ], [ 112.49999453988829, 3.26681481681567 ], [ 113.0683541372569, 3.19700607697799 ], [ 113.17499406171221, 3.71597811929807 ], [ 113.39999390232026, 4.16491284997694 ], [ 114.00741347201858, 4.42530906253861 ], [ 114.07499342414418, 5.06198695441611 ], [ 115.64999230840026, 5.95781868108853 ], [ 116.07431200780823, 5.98132052519157 ], [ 115.64999230840026, 6.06969946973601 ], [ 110.69999581502417, 5.51007171180325 ], [ 107.99999772772827, 5.39808113046365 ], [ 105.29999964043219, 4.61359157886277 ], [ 103.72500075617612, 4.38928592605099 ], [ 103.39521098980225, 4.11631007825961 ] ] ] } },
{ "type": "Feature", "properties": { "id": "aqualink", "name": "Aqualink", "color": "#25b35d", "feature_id": "aqualink-0", "coordinates": [ 174.71131198496258, -37.880805859400297 ] }, "geometry": { "type": "MultiLineString", "coordinates": [ [ [ 173.68300119667646, -42.40269875623846 ], [ 174.14995086588476, -42.29250328834085 ], [ 174.71245046740478, -41.62324076294917 ], [ 174.76712042867621, -41.28051296355832 ] ], [ [ 173.50613132197253, -42.51606222990869 ], [ 173.69995118466889, -42.78983315675487 ], [ 173.24995150345282, -43.44677235710084 ], [ 172.63622193822457, -43.53205498106837 ] ], [ [ 174.99747026549426, -40.9191122320591 ], [ 174.8249503877089, -40.94695905083626 ], [ 174.83800037846402, -41.10579929869014 ] ], [ [ 175.04999905640736, -39.93333487547841 ], [ 174.8249503877089, -40.09176946134487 ], [ 174.8249503877089, -40.60619258328438 ], [ 175.05196022689299, -40.86278592990215 ] ], [ [ 174.08333091307907, -39.06666625662341 ], [ 174.14995086648068, -38.81782397325074 ], [ 174.2624507867848, -38.46634757786361 ], [ 174.59995054769675, -37.93590700435146 ], [ 174.87183035509463, -37.8013820822191 ], [ 174.59995054769675, -37.6692396978514 ], [ 174.48745062739283, -37.40161074814382 ], [ 174.59995054769675, -37.04328040742407 ], [ 174.77046042690606, -36.88418050095063 ] ] ] } },
{ "type": "Feature", "properties": { "id": "bt-highlands-and-islands-submarine-cable-system", "name": "BT Highlands and Islands Submarine Cable System", "color": "#48c1c4", "feature_id": "bt-highlands-and-islands-submarine-cable-system-0", "coordinates": [ -5.7595178435726684, 58.047370951773622 ] }, "geometry": { "type": "MultiLineString", "coordinates": [ [ [ -2.93952368167393, 59.27976821327724 ], [ -3.0936735730687, 59.24140761869207 ], [ -3.14992353322067, 59.18382413213874 ], [ -3.09507357207691, 59.1180398759642 ] ], [ [ -5.02809220211247, 55.7518415767569 ], [ -4.98598223194344, 55.74730813687772 ], [ -4.9438722617745, 55.74277417016672 ] ], [ [ -4.86730231601741, 55.79334124050899 ], [ -4.88388230427209, 55.78675194417497 ], [ -4.90046229252659, 55.78016153313605 ] ], [ [ -5.14142212182839, 55.64355947363534 ], [ -5.00074722148387, 55.65942265518204 ], [ -4.88937230038279, 55.69304893491437 ] ], [ [ -5.01999220785048, 55.86941398754465 ], [ -5.04179219240718, 55.86400198851978 ], [ -5.06359217696388, 55.85858923536828 ] ], [ [ -5.53342184413215, 55.47654965962819 ], [ -5.42092192382814, 55.47654965962819 ], [ -5.33210198674897, 55.50194290033225 ] ], [ [ -6.12541142476119, 55.63612077746136 ], [ -5.96242154022469, 55.58970711313177 ], [ -5.69758172783974, 55.56550143569579 ] ], [ [ -6.08991144990959, 55.84675094531904 ], [ -6.09811644409721, 55.84724498115791 ], [ -6.10632143828465, 55.84773901071764 ] ], [ [ -5.61457178664476, 55.89168249844946 ], [ -5.85822161404094, 55.83367355535204 ], [ -5.95383154630996, 55.83367355535204 ] ], [ [ -5.36579196288272, 56.01942001909654 ], [ -5.34350197867318, 56.01385285953845 ], [ -5.32121199446355, 56.00828489747791 ] ], [ [ -5.66935174783812, 56.45584417362218 ], [ -5.55682182755535, 56.45584417362218 ], [ -5.47580188495065, 56.43776501147151 ] ], [ [ -6.09396144704063, 56.68857026168774 ], [ -6.07028146381569, 56.6527988722591 ], [ -6.07028146381569, 56.62185065462556 ] ], [ [ -6.80851094084702, 56.50378880151487 ], [ -6.71594100642443, 56.46609865687899 ], [ -6.35617126128871, 56.58212458237215 ], [ -6.27238132064634, 56.58212458237215 ] ], [ [ -5.24538204818221, 56.7225332657585 ], [ -5.2395220523335, 56.72205041221932 ], [ -5.2336620564847, 56.72156755248029 ] ], [ [ -5.90646157986727, 57.05920793730034 ], [ -5.85017161974357, 57.02861361880749 ], [ -5.82043164081172, 57.00848292332873 ] ], [ [ -7.32814057273647, 57.10553553922759 ], [ -7.32016057838968, 57.09353395774454 ], [ -7.31218058404271, 57.08152849001067 ], [ -7.30719558757422, 57.07757471896536 ], [ -7.30221059110555, 57.07362052649805 ], [ -7.31669058084783, 57.04945954995465 ], [ -7.33117057059011, 57.02528284471743 ], [ -7.39032552868412, 57.02528284471743 ], [ -7.44948048677822, 57.02528284471743 ] ], [ [ -7.27414061099058, 57.36669044941733 ], [ -7.03820077813269, 57.36669044941733 ], [ -6.79299095184156, 57.54483225323761 ], [ -6.69289102275329, 57.54483225323761 ], [ -6.58166110154958, 57.43632363474563 ] ], [ [ -7.00837079926449, 57.76940715085968 ], [ -6.91462086567776, 57.67895376060992 ], [ -7.02233078937509, 57.58568513448433 ], [ -7.16335068947518, 57.5993729526289 ] ], [ [ -6.31076129345763, 58.20906859046718 ], [ -6.11906142925956, 58.13637732181012 ], [ -5.4750718854677, 57.97695528254647 ], [ -5.19621208301465, 57.93407935101347 ] ] ] } },
{ "type": "Feature", "properties": { "id": "c-lion1", "name": "C-Lion1", "color": "#7dc042", "feature_id": "c-lion1-0", "coordinates": [ 18.851062398884761, 56.374340795416721 ] }, "geometry": { "type": "MultiLineString", "coordinates": [ [ [ 24.93247657353962, 60.17116318894055 ], [ 24.41255694185543, 59.7364093840784 ], [ 23.85005734033543, 59.62282176941042 ], [ 23.1750578185115, 59.45171731890513 ], [ 22.27505845607935, 59.22222391484431 ], [ 21.15005925303935, 58.64167777138501 ], [ 20.25005989060738, 57.57189027900508 ], [ 19.12506068756738, 56.46971137654702 ], [ 17.32506196270344, 55.84318584148108 ], [ 15.30006339723147, 55.58970711313177 ], [ 14.40006403479932, 55.33458061322904 ], [ 13.50006467236735, 54.94878902385559 ], [ 12.60006530993539, 54.68951871778461 ], [ 12.15006562871931, 54.29748595281839 ], [ 12.03756570841539, 54.16597178715178 ], [ 12.13248564117328, 54.0791774165702 ] ], [ [ 23.1750578185115, 59.45171731890513 ], [ 22.95005797790347, 59.7364093840784 ], [ 22.96675796607306, 59.82340864139905 ] ] ] } },
{ "type": "Feature", "properties": { "id": "far-east-submarine-cable-system", "name": "Far East Submarine Cable System", "color": "#a8346b", "feature_id": "far-east-submarine-cable-system-0", "coordinates": [ 144.41887892143461, 53.583787958097368 ] }, "geometry": { "type": "MultiLineString", "coordinates": [ [ [ 151.28336706538329, 59.58333960684468 ], [ 151.19996712446451, 59.33716441962142 ], [ 150.86246736355255, 58.99117670269853 ], [ 147.59996967473646, 56.09502251152735 ], [ 143.54997254379251, 53.76891056666807 ], [ 142.94245297416512, 53.57753961709902 ], [ 143.54997254379251, 53.63571515699508 ], [ 154.79996457419256, 52.96339810559356 ], [ 156.28707352071072, 52.8124095088162 ] ] ] } },
{ "type": "Feature", "properties": { "id": "isles-of-scilly-cable", "name": "Isles of Scilly Cable", "color": "#804399", "feature_id": "isles-of-scilly-cable-0", "coordinates": [ -5.9925944349005409, 50.026881511982701 ] }, "geometry": { "type": "MultiLineString", "coordinates": [ [ [ -6.30817129529231, 49.91991052255391 ], [ -6.0749214605287, 50.02292045625494 ], [ -5.6545117583509, 50.04314791189429 ] ] ] } },
{ "type": "Feature", "properties": { "id": "new-cross-pacific-ncp-cable-system", "name": "New Cross Pacific (NCP) Cable System", "color": "#22ad97", "feature_id": "new-cross-pacific-ncp-cable-system-0", "coordinates": [ 150.18288606612569, 39.043249620413441 ] }, "geometry": { "type": "MultiLineString", "coordinates": [ [ [ 121.89607788361477, 30.93566054111158 ], [ 121.61248808391635, 30.93356762160552 ], [ 121.27498832300438, 31.12636933176112 ], [ 121.27498832300438, 31.51079843004906 ], [ 121.39529823837174, 31.61980032886775 ] ], [ [ 131.39998115096031, 29.1482487910328 ], [ 128.69998306366443, 26.1593079707739 ], [ 127.34998402001638, 25.55188275942587 ], [ 125.99998497636834, 25.34871742211671 ], [ 124.19998625150441, 24.94136317175375 ], [ 122.84998720785636, 25.04332905661218 ], [ 122.17498768603225, 24.99235668767365 ], [ 121.80144795065142, 24.86350411248779 ] ], [ [ 140.39997477528055, 33.56549148235204 ], [ 140.17497493467252, 33.93964008831966 ], [ 140.11872497452055, 34.40502275071594 ], [ 140.14684995400054, 34.69072647741027 ], [ 140.14684995400054, 34.89859296336222 ], [ 139.97546699999984, 35.00543300000017 ] ], [ [ 128.24998338244836, 30.5144959597591 ], [ 128.24998338244836, 31.67051304708713 ], [ 128.4749832230562, 32.8123187832876 ], [ 128.92498290427227, 34.31215165223547 ], [ 128.99949285148878, 35.17037876180022 ] ], [ [ 125.99998497636834, 30.90139608851551 ], [ 124.19998625150441, 31.67051304708713 ], [ 122.84998720785636, 31.86180860227073 ], [ 121.94998784542422, 31.71837400188732 ], [ 121.39529823837174, 31.61980032886775 ] ], [ [ 179.99995828233068, 47.19740739556967 ], [ 172.79995182283281, 47.19740739556967 ], [ 160.19996074878455, 44.05151922873524 ], [ 149.39996839960057, 38.65181171271134 ], [ 143.09997286257644, 34.68301765985797 ], [ 140.39997477528055, 33.56549148235204 ], [ 138.59997605041642, 32.8123187832876 ], [ 136.79997732555231, 31.67051304708713 ], [ 134.99997860068837, 30.90139608851551 ], [ 132.74998019460836, 30.5144959597591 ], [ 131.39998115096031, 29.1482487910328 ], [ 130.49998178852834, 29.34456698948981 ], [ 128.24998338244836, 30.5144959597591 ], [ 125.99998497636834, 30.90139608851551 ], [ 122.17498768603225, 30.85311851188068 ], [ 121.92508786246776, 30.86475026744717 ], [ 121.89393788393856, 30.89950835597767 ], [ 121.89607788361477, 30.93566054111158 ] ], [ [ -123.96253794783507, 45.2022321001842 ], [ -125.09983714216159, 45.64654149518739 ], [ -129.5998339543217, 45.96024524125342 ], [ -138.59982757864191, 46.5823550820958 ], [ -151.19981865268991, 47.19740739556967 ], [ -179.99979825051412, 47.19740739556967 ] ] ] } },
{ "type": "Feature", "properties": { "id": "monet", "name": "Monet", "color": "#5bba46", "feature_id": "monet-0", "coordinates": [ -40.093194183601902, 7.245978255095368 ] }, "geometry": { "type": "MultiLineString", "coordinates": [ [ [ -34.64990121774498, 0.56857885252619 ], [ -35.99990026139302, -0.78138663622559 ], [ -38.54296845985959, -3.71873512929109 ] ], [ [ -46.32806294482565, -23.96184289759709 ], [ -44.54989420449707, -25.17944389892106 ], [ -41.39989643598501, -25.33771218660113 ], [ -37.01239954412901, -23.80307964083589 ], [ -31.94972848434368, -18.0252841928967 ], [ -30.14972975947965, -13.6978202886325 ], [ -29.24990504315391, -9.29042430103552 ], [ -31.16240367277496, -4.48930767312896 ], [ -34.64990121774498, 0.56857885252619 ], [ -40.49989707355304, 7.74488905255145 ], [ -48.59989133544111, 15.66951322515525 ], [ -57.59988495976114, 20.79630610510887 ], [ -69.29987667137726, 25.75470426341523 ], [ -73.3498738023213, 27.76358852605777 ], [ -76.94987125204935, 27.96250335997247 ], [ -77.84987061448132, 27.76358852605777 ], [ -78.74986997691337, 27.264711877834 ], [ -79.64986933934534, 26.76358656961991 ], [ -80.08893155227202, 26.35058457732 ] ] ] } },
{ "type": "Feature", "properties": { "id": "sea-us", "name": "SEA-US", "color": "#4eb748", "feature_id": "sea-us-0", "coordinates": [ -150.24267567547599, 27.388951488009898 ] }, "geometry": { "type": "MultiLineString", "coordinates": [ [ [ 144.69470173285575, 13.46477296237014 ], [ 144.89997158744055, 13.27323815754759 ], [ 145.34997126865645, 13.49212817646408 ], [ 146.24997063108842, 14.03846966626022 ], [ 147.14996999352056, 14.14758350694873 ], [ 151.19996712446451, 14.36565375922844 ], [ 160.19996074878455, 15.66951322515525 ], [ 179.99992672230314, 18.25181631902822 ] ], [ [ 125.06561063828791, 1.37862302153594 ], [ 125.99998497636834, 1.9182287802156 ], [ 126.44998465758441, 3.26681481681567 ], [ 126.44998465758441, 5.06198695441611 ], [ 133.19997987582445, 9.08033076823294 ], [ 137.24997700676838, 10.85308969074528 ], [ 143.99997222500841, 13.05415069529863 ], [ 144.69469829535797, 13.46477782493304 ] ], [ [ 125.61287587559997, 7.07998888316064 ], [ 125.99998497636834, 5.95781868108853 ], [ 126.44998465758441, 5.06198695441611 ] ], [ [ 133.19997987582445, 9.08033076823294 ], [ 133.64997955704033, 8.1905434177955 ], [ 134.5609408257699, 7.53174623928952 ] ], [ [ 137.24997700676838, 10.85308969074528 ], [ 137.69997668798445, 9.96791518697413 ], [ 138.06149986937797, 9.44392283616938 ] ], [ [ -118.39945344493313, 33.86247486898549 ], [ -120.59984033000157, 33.18971466460047 ], [ -122.39983905486559, 33.18971466460047 ], [ -127.79983522945767, 32.8123187832876 ], [ -138.60310458621126, 30.51642550590137 ], [ -147.6030982105313, 28.95351457990228 ], [ -152.99981737755394, 25.75470426341523 ], [ -157.94981387092994, 22.67720619658292 ], [ -158.39981355214593, 22.05298561667754 ], [ -158.45606295953138, 21.73983373091106 ], [ -158.45606350661399, 21.63529738485955 ], [ -158.22066328843266, 21.4634468234482 ], [ -158.3998135521461, 21.26882593147906 ], [ -158.849813233362, 21.00649984517674 ], [ -163.799809726738, 19.95262290516439 ], [ -172.79980335105813, 19.95262290516439 ], [ -179.99979825051412, 18.25181631902822 ] ] ] } },
{ "type": "Feature", "properties": { "id": "faster", "name": "FASTER", "color": "#4bb748", "feature_id": "faster-0", "coordinates": [ -152.11059071043016, 45.960245241253418 ] }, "geometry": { "type": "MultiLineString", "coordinates": [ [ [ 138.59997605041642, 32.24321001626274 ], [ 136.79997732555231, 31.09426282763951 ], [ 134.99997860068837, 30.32046542476144 ], [ 131.39998115096031, 29.24645497218041 ], [ 129.5999824260964, 28.95155473219332 ], [ 128.24998338244836, 28.55704546571133 ], [ 122.84998720785636, 26.46184379618898 ], [ 121.94998784542422, 25.75470426341523 ], [ 121.46258819070279, 25.18171281892438 ] ], [ [ -124.40833763202653, 43.11866409855011 ], [ -125.99983650459365, 43.07331078300322 ], [ -129.5998339543217, 43.72721479104982 ], [ -138.59982757864174, 45.0138336439531 ], [ -151.19981865269, 45.96024524125342 ], [ -179.99979825051412, 45.96024524125342 ] ], [ [ 140.39997477528055, 33.00121852265448 ], [ 140.0624750143684, 33.93964008831966 ], [ 140.39997477528055, 34.40502275071594 ], [ 140.28747485438052, 34.69072647741027 ], [ 140.07653750381061, 34.85244570884615 ], [ 139.95485509060742, 34.97657002902234 ] ], [ [ 138.59997605041642, 32.24321001626274 ], [ 140.39997477528055, 33.00121852265448 ], [ 143.09997286257644, 34.31215165223547 ], [ 149.39996839960057, 37.58978657360306 ], [ 160.19996074878455, 42.74371346443669 ], [ 172.79995182283281, 45.96024524125342 ], [ 179.99995828233068, 45.96024524125342 ] ], [ [ 136.87399727311598, 34.33682825203173 ], [ 137.69997668798445, 33.18971466460047 ], [ 138.59997605041642, 32.24321001626274 ] ] ] } },
{ "type": "Feature", "properties": { "id": "kerch-strait-cable", "name": "Kerch Strait Cable", "color": "#36ada8", "feature_id": "kerch-strait-cable-0", "coordinates": [ 36.630544281826964, 45.368624377763943 ] }, "geometry": { "type": "MultiLineString", "coordinates": [ [ [ 36.47738839501581, 45.35698507082432 ], [ 36.67504825499155, 45.37200652267839 ], [ 36.77084818712606, 45.4236097104106 ] ] ] } },
{ "type": "Feature", "properties": { "id": "north-west-cable-system", "name": "North-West Cable System", "color": "#4f479c", "feature_id": "north-west-cable-system-0", "coordinates": [ 122.92762263112891, -13.957634157608846 ] }, "geometry": { "type": "MultiLineString", "coordinates": [ [ [ 130.50000678851072, -12.10912293111269 ], [ 130.50013178842229, -11.99914268833957 ], [ 130.63208169494754, -11.76259632488358 ] ], [ [ 118.57724023471046, -20.31344226536242 ], [ 118.5749902363042, -18.88013997510117 ], [ 118.12499055508832, -18.24025141071153 ], [ 118.23749047539224, -17.5979989961555 ], [ 120.59998880177636, -15.22403228464737 ], [ 121.61248808451225, -14.89812635706164 ], [ 122.28748760633636, -14.02665588981952 ], [ 123.29998688907226, -13.91748446246452 ], [ 124.42498609211226, -13.58966225051209 ], [ 126.44998465698852, -11.55232519729577 ], [ 127.34998401942048, -11.55232519729577 ], [ 129.03748282457639, -11.72372728336115 ], [ 129.20623270503228, -11.77884724450649 ], [ 129.93758218693759, -11.9989715120321 ], [ 130.50000678851072, -12.10912293111269 ], [ 130.84314154543083, -12.46747433620354 ] ] ] } },
{ "type": "Feature", "properties": { "id": "terra-sw", "name": "TERRA SW", "color": "#63bb45", "feature_id": "terra-sw-0", "coordinates": [ -155.87811075842004, 59.333419636796748 ] }, "geometry": { "type": "MultiLineString", "coordinates": [ [ [ -154.8997666656926, 59.71812004325169 ], [ -154.87637668285319, 59.69543604644421 ], [ -154.94356663355779, 59.63309075919994 ], [ -155.0451265590462, 59.59752775931568 ], [ -155.79356600993748, 59.4008527173707 ], [ -155.89473593571194, 59.32777430348344 ], [ -155.75918603516109, 59.37380234611781 ], [ -155.26495639776326, 59.46236377142176 ], [ -154.79356674360832, 59.46997939044741 ], [ -154.75274677355685, 59.44218602760369 ] ], [ [ -154.84668670463583, 59.70804857154889 ], [ -154.79200674475294, 59.52787100202234 ], [ -154.75274677355685, 59.44218602760369 ] ], [ [ -154.85884669571442, 59.94918397333112 ], [ -154.85256574446106, 59.96241174485079 ], [ -154.84771606848523, 59.97262161860228 ], [ -154.70811616737902, 60.06032279981195 ], [ -154.55811627364042, 60.12887602174943 ], [ -154.51763694605032, 60.14198209826014 ], [ -154.4295070107087, 60.17915062699834 ], [ -154.39043703937318, 60.19468724270353 ], [ -154.3369270786319, 60.20036807902232 ] ], [ [ -153.88047741351608, 59.7761043429791 ], [ -153.95606735805794, 59.76396060900041 ], [ -154.03575729959164, 59.73404564131673 ], [ -154.12325723539544, 59.71198775040114 ], [ -154.24512714598293, 59.70174290294215 ], [ -154.39200703822138, 59.69780251824729 ], [ -154.64737685086385, 59.65359910967581 ], [ -154.69512681583097, 59.6180780639796 ], [ -154.75450677226559, 59.52153142088 ], [ -154.75274677355685, 59.44218602760369 ] ], [ [ -154.84668670463583, 59.70804857154889 ], [ -154.90611602711411, 59.75471391016683 ] ], [ [ -153.88047741351608, 59.7761043429791 ], [ -153.95294736034697, 59.77968821615612 ], [ -154.04356729386163, 59.75687472421307 ], [ -154.09356725717819, 59.76710773022677 ], [ -154.10611659384108, 59.78721209087281 ], [ -154.1201272376918, 59.76631720126957 ], [ -154.16866720207946, 59.74738423416073 ], [ -154.31543709439859, 59.76081319116523 ], [ -154.47325697861058, 59.75530323694979 ], [ -154.64644685154616, 59.70689346193012 ], [ -154.8216867229776, 59.71671818723863 ], [ -154.90611602711411, 59.75471391016683 ] ], [ [ -151.54424912754024, 59.64656562201868 ], [ -152.09981801512188, 59.62282176941042 ], [ -152.99981737755394, 59.56588346342965 ], [ -153.54512765955261, 59.6180780639796 ], [ -153.59107762584054, 59.63553746032112 ], [ -153.63213759571596, 59.68237455442974 ] ] ] } },
{ "type": "Feature", "properties": { "id": "alaska-united-turnagain-arm-auta", "name": "Alaska United Turnagain Arm (AUTA)", "color": "#3e4b9f", "feature_id": "alaska-united-turnagain-arm-auta-0", "coordinates": [ -149.35712107079758, 60.921895945669604 ] }, "geometry": { "type": "MultiLineString", "coordinates": [ [ [ -149.73219045699611, 61.01569206774275 ], [ -149.63141053093545, 60.9696391075957 ], [ -149.48371063929864, 60.95361622164202 ], [ -149.35138073638538, 60.92045755707341 ], [ -149.19513085102139, 60.92197391282362 ], [ -149.08732014920361, 60.88930284264347 ], [ -148.98981100165872, 60.82829123683605 ] ] ] } },
{ "type": "Feature", "properties": { "id": "acs-alaska-oregon-network-akorn", "name": "ACS Alaska-Oregon Network (AKORN)", "color": "#4c4fa1", "feature_id": "acs-alaska-oregon-network-akorn-0", "coordinates": [ -137.94389964435555, 54.731637123771357 ] }, "geometry": { "type": "MultiLineString", "coordinates": [ [ [ -151.2916693128509, 60.68992891270401 ], [ -151.0416187647601, 60.56731204513586 ], [ -150.91661885331126, 60.44422832764756 ], [ -151.0416187647601, 60.25872476795909 ], [ -151.41919921928584, 60.02342960326287 ], [ -151.54424912754024, 59.83553075000601 ], [ -151.54424912754024, 59.64656562201868 ], [ -152.09981801512188, 59.50884868221247 ], [ -152.09981801512188, 59.10689495719073 ], [ -151.19981865268991, 58.87506831089772 ], [ -146.24982215931382, 58.52439396084473 ], [ -139.94982662228978, 56.8407386421455 ], [ -139.04982725985772, 55.84318584148108 ], [ -137.24982853499378, 54.03403825672422 ], [ -134.09983076648172, 50.74028189394816 ], [ -127.79983522945767, 45.33107107332486 ], [ -125.09983714216159, 44.05151922873524 ], [ -124.09993785049973, 43.98220183349397 ] ], [ [ -151.2916693128509, 60.68992891270401 ], [ -151.2916693128509, 60.84842055964986 ], [ -150.23341008926553, 61.157291052768 ], [ -149.85841036439211, 61.21755833556848 ] ] ] } },
{ "type": "Feature", "properties": { "id": "adria-1", "name": "Adria-1", "color": "#65b545", "feature_id": "adria-1-0", "coordinates": [ 19.252270468971375, 41.166242985291646 ] }, "geometry": { "type": "MultiLineString", "coordinates": [ [ [ 19.91959012471538, 39.61953623629301 ], [ 19.57506036878345, 39.78482855593699 ], [ 19.01256076726345, 40.04369219283004 ], [ 18.90006084695934, 40.38732029077508 ], [ 19.12506068756738, 41.0693404382162 ], [ 19.45006045733454, 41.31691028026608 ], [ 19.12506068756738, 41.40772623743595 ], [ 18.11256140483148, 42.41235450073586 ], [ 18.10651140911737, 42.64207795542642 ] ] ] } },
{ "type": "Feature", "properties": { "id": "africa-coast-to-europe-ace", "name": "Africa Coast to Europe (ACE)", "color": "#8cc63f", "feature_id": "africa-coast-to-europe-ace-0", "coordinates": [ -15.412392583191341, 7.4101052379172421 ] }, "geometry": { "type": "MultiLineString", "coordinates": [ [ [ -17.44571340535295, 14.68659484199499 ], [ -17.54991333213278, 13.92930384327183 ], [ -17.09991365091679, 12.17588718550798 ], [ -16.64991396910482, 11.73565016140583 ], [ -16.19991428788883, 11.68057053483844 ], [ -15.79114568738424, 11.77413192377524 ] ], [ [ 18.44996116581439, -33.69332014378617 ], [ 17.55006180331148, -33.55534420877606 ], [ 16.20006275966344, -32.61276000573574 ], [ 14.8500637160154, -30.30995334464681 ], [ 11.70006594750324, -23.49392244589784 ], [ 10.35006690385538, -18.02642638371345 ], [ 10.35006690385538, -10.62006486036324 ], [ 9.00006786020734, -6.61665069347536 ], [ 8.55006817899126, -4.82569249921742 ], [ 6.98756928528426, 0.11858841888831 ], [ 6.73326946602867, 0.33328647188596 ] ], [ [ 7.20006913534322, 1.01853421661552 ], [ 8.55006817899126, 0.7935626526072 ], [ 9.45426753844821, 0.39446519185548 ] ], [ [ 7.20006913534322, 1.46842676733197 ], [ 9.00006786020734, 1.46842676733197 ], [ 9.76822731603611, 1.86015040932181 ] ], [ [ 3.42351181069211, 6.43906691148463 ], [ 2.47507248257535, 4.16491284997694 ], [ 2.25007264196731, 3.82823430332105 ] ], [ [ 2.4401125073412, 6.35667333545826 ], [ 1.80007296075124, 5.06198695441611 ], [ 1.80007296075124, 3.82823430332105 ] ], [ [ -0.20431561932097, 5.55828588990586 ], [ -0.67492528593663, 3.279837005485 ], [ -0.67492528593663, 2.83047807189675 ] ], [ [ -10.79718811523074, 6.30037853056446 ], [ -12.59991683816078, 4.61359157886277 ] ], [ [ -13.23809638606846, 8.48544243579391 ], [ -14.84991524424079, 6.85219109875433 ] ], [ [ -15.74991460667276, 7.74488905255145 ], [ -13.70382605614108, 9.51343460136282 ] ], [ [ -17.99991301275286, 13.49212817646408 ], [ -17.0999136503208, 13.49212817646408 ], [ -16.58136401766616, 13.45613689489697 ] ], [ [ -15.97828444489351, 18.08386849170685 ], [ -17.0999136503208, 18.25181631902822 ], [ -18.44991269396884, 18.25181631902822 ] ], [ [ -4.33854269059568, 47.81102015174913 ], [ -5.84992161992076, 47.65407102366078 ], [ -7.64992034478469, 46.89076287862233 ], [ -10.79991811329676, 43.40114497315395 ], [ -10.79991811329676, 39.6983233549332 ], [ -10.34991843208078, 39.00237890905839 ], [ -9.8999187508647, 38.29952060596925 ], [ -11.24991779451274, 36.51238821239364 ], [ -11.69991747572882, 35.41978051708035 ], [ -13.27491635998481, 32.0527080234862 ], [ -14.17491572241677, 29.73606949729215 ], [ -14.73741532393677, 28.16105226222079 ], [ -15.29991492545678, 26.9643047345629 ] ], [ [ -9.33155915349599, 38.69016197235553 ], [ -9.8999187508647, 38.29952060596925 ] ], [ [ 2.47507248257535, 4.16491284997694 ], [ 5.40007041047929, 2.59270146460193 ], [ 6.30006977291125, 2.36791255870541 ], [ 7.20006913534322, 1.46842676733197 ], [ 7.20006913534322, 1.01853421661552 ], [ 6.73326946602867, 0.33328647188596 ] ], [ [ -16.51801406254393, 28.05908806126481 ], [ -16.19991428788883, 27.56430948794192 ], [ -15.29991492545678, 26.9643047345629 ], [ -17.0999136503208, 22.88465411388244 ], [ -18.44991269396884, 19.95262290516439 ], [ -18.44991269396884, 16.53419619825972 ], [ -17.99991301275286, 15.23578178303578 ], [ -17.44571340535295, 14.68659484199499 ], [ -17.99991301275286, 13.92930384327183 ], [ -17.99991301275286, 13.49212817646408 ], [ -18.44991269396884, 11.73565016140583 ], [ -17.0999136503208, 8.63569941732747 ], [ -15.74991460667276, 7.74488905255145 ], [ -14.84991524424079, 6.85219109875433 ], [ -12.59991683816078, 4.61359157886277 ], [ -10.79991811329676, 2.81745044265417 ], [ -5.39992193870468, 2.81745044265417 ], [ -4.3874226559687, 3.26681481681567 ], [ -4.02624291183188, 5.32350879182484 ], [ -3.82492305444869, 3.26681481681567 ], [ -3.14992353262467, 2.81745044265417 ], [ -0.67492528593663, 2.83047807189675 ], [ 1.5750731201432, 3.82823430332105 ], [ 2.25007264196731, 3.82823430332105 ] ] ] } },
{ "type": "Feature", "properties": { "id": "alaska-united-east-au-east", "name": "Alaska United East (AU-East)", "color": "#d88227", "feature_id": "alaska-united-east-au-east-0", "coordinates": [ -135.49180070038943, 55.296382267698412 ] }, "geometry": { "type": "MultiLineString", "coordinates": [ [ [ -146.35343293589426, 61.13035646305128 ], [ -146.56554278027536, 61.12116226806669 ], [ -146.67394270074541, 61.0735114902898 ], [ -146.82907258693103, 60.97605861690985 ], [ -146.89923253545666, 60.86794329208306 ], [ -147.08317240050522, 60.81100723809504 ], [ -147.52160207884179, 60.7882580984503 ], [ -147.88996180858678, 60.7796528295988 ], [ -148.03166170462569, 60.77038115412248 ], [ -148.21178157247675, 60.79373829860351 ], [ -148.32843148689409, 60.79373829860351 ], [ -148.39855143544906, 60.7967634749319 ], [ -148.52155134520754, 60.78132232504689 ], [ -148.68473122548716, 60.77302768780248 ] ], [ [ -135.89982949134574, 55.84318584148108 ], [ -134.46653050670835, 56.03358023911155 ], [ -134.41545169445124, 56.46647430735236 ], [ -134.52473046547877, 56.84950003985658 ], [ -134.61379219497496, 57.01007188259318 ], [ -134.74495930054152, 57.23773670488086 ], [ -134.76370924947742, 57.49556889756489 ], [ -134.8090152646848, 57.59460906161564 ], [ -134.85911522919361, 57.73464947940234 ], [ -134.88098521370068, 58.01297892893805 ], [ -134.95979129568082, 58.1072095322198 ], [ -134.96702128978026, 58.19782445286926 ], [ -134.98333014060265, 58.28982779937171 ], [ -135.00109512861368, 58.365509963814 ], [ -135.00032126534904, 58.42899050279701 ], [ -134.92327132187842, 58.45076363488806 ], [ -134.84319138063083, 58.41219086765235 ], [ -134.76047144132005, 58.3461664188903 ], [ -134.70139148466529, 58.33952725767895 ], [ -134.60315155674115, 58.35644022577092 ], [ -134.54221160145104, 58.34842292473058 ], [ -134.40686170075341, 58.29957675077537 ] ], [ [ -122.31576057165005, 47.82410083595476 ], [ -122.44105402626471, 47.87477916178281 ], [ -122.46918400633709, 47.9219300503356 ], [ -122.56761643660668, 47.95960846190169 ], [ -122.62387139675504, 48.03488959703969 ], [ -122.65199137683463, 48.11006090495571 ], [ -122.84983873608158, 48.23806972100289 ], [ -123.74983809851364, 48.29423569031507 ], [ -124.64983746094561, 48.5555277566182 ], [ -125.09983714216186, 48.5555277566182 ], [ -131.39983267918572, 50.74028189394816 ], [ -134.5498304476977, 54.03403825672422 ], [ -135.89982949134574, 55.84318584148108 ], [ -138.14982789742575, 57.08606597586805 ], [ -144.89982311566578, 58.52439396084473 ], [ -147.59982120296186, 59.45171731890513 ], [ -147.98004174249772, 59.84949183975676 ], [ -147.86071183004671, 59.95730042115305 ], [ -147.76134190295159, 60.01588909309458 ], [ -147.72926192648777, 60.10213978192451 ], [ -147.61520201017026, 60.23766915823624 ], [ -147.53332125007117, 60.3044763487988 ], [ -147.45905212473298, 60.47899019642459 ], [ -147.47692129002536, 60.59031613489887 ], [ -147.63376199655332, 60.62019746535941 ], [ -147.86442101551697, 60.62077636375412 ], [ -148.0361017013681, 60.66501170717903 ], [ -148.0361017013681, 60.69939513380331 ], [ -148.08639166447182, 60.75819549198801 ], [ -148.1958207807503, 60.78210822700621 ], [ -148.32580148882363, 60.780941570583 ], [ -148.41354142445135, 60.78620827245595 ], [ -148.51818134767996, 60.77224156315422 ], [ -148.68473122548716, 60.77302768780248 ] ] ] } },
{ "type": "Feature", "properties": { "id": "alaska-united-west-au-west", "name": "Alaska United West (AU-West)", "color": "#30b995", "feature_id": "alaska-united-west-au-west-0", "coordinates": [ -136.29325737407103, 53.974884652523279 ] }, "geometry": { "type": "MultiLineString", "coordinates": [ [ [ -131.64788372493697, 55.34196841314809 ], [ -131.62786373962516, 55.18053443385063 ], [ -131.74758365179002, 54.99362892777975 ], [ -131.62483251979376, 54.81936191424915 ], [ -131.84983236040171, 54.55925876578231 ], [ -133.19983140404966, 54.55925876578231 ], [ -134.99983012891377, 54.4285813960182 ], [ -136.34982917256173, 54.03403825672422 ] ], [ [ -149.44767066574019, 60.1100493132619 ], [ -149.37169494834598, 59.9060699245743 ], [ -148.04982088417785, 59.45171731890513 ], [ -145.79982247809784, 58.52439396084473 ], [ -139.49982694107379, 56.8407386421455 ], [ -138.59982757864174, 55.84318584148108 ], [ -136.34982917256173, 54.03403825672422 ], [ -133.19983140404966, 50.74028189394816 ], [ -127.79983522945767, 47.50228998113266 ], [ -125.09983714216159, 46.42748958617894 ], [ -123.92376939189971, 46.16522099122738 ] ] ] } },
{ "type": "Feature", "properties": { "id": "alba-1", "name": "ALBA-1", "color": "#e11e25", "feature_id": "alba-1-0", "coordinates": [ -71.078101569923788, 15.648402153871951 ] }, "geometry": { "type": "MultiLineString", "coordinates": [ [ [ -75.82892204614029, 20.02934374236355 ], [ -76.04987188961729, 19.52907092435091 ], [ -76.72487141144131, 18.67864702215472 ], [ -77.10324114340065, 18.39866138308805 ] ], [ [ -75.71237212870533, 19.96373301197173 ], [ -75.59987220840131, 19.10440547593045 ], [ -75.14987252718532, 18.25181631902822 ], [ -71.09987539624129, 15.66951322515525 ], [ -67.94987762772922, 12.61539556739339 ], [ -67.04987826529725, 11.29470931956548 ], [ -66.88962837881974, 10.60352976043718 ] ] ] } },
{ "type": "Feature", "properties": { "id": "aletar", "name": "Aletar", "color": "#57b947", "feature_id": "aletar-0", "coordinates": [ 32.773344583316998, 33.178888886080891 ] }, "geometry": { "type": "MultiLineString", "coordinates": [ [ [ 29.8935130590948, 31.19146507763845 ], [ 30.15005287735957, 31.67051304708713 ], [ 35.55004905195155, 34.77547607575666 ], [ 35.89779880560243, 34.89170328553848 ] ] ] } },
{ "type": "Feature", "properties": { "id": "alonso-de-ojeda", "name": "Alonso de Ojeda", "color": "#95ad3b", "feature_id": "alonso-de-ojeda-0", "coordinates": [ -69.404575643576962, 12.145180356098161 ] }, "geometry": { "type": "MultiLineString", "coordinates": [ [ [ -69.87858626141403, 12.41462245299988 ], [ -69.74987635259325, 12.28583355626838 ], [ -69.07487683076923, 12.01088236045877 ], [ -68.89264695986267, 12.09043961830498 ] ] ] } },
{ "type": "Feature", "properties": { "id": "americas-i-north", "name": "Americas-I North", "color": "#9b4d9d", "feature_id": "americas-i-north-0", "coordinates": [ -70.13277581463565, 27.173023594546851 ] }, "geometry": { "type": "MultiLineString", "coordinates": [ [ [ -64.93708976201641, 18.3729921940909 ], [ -64.79987985921724, 18.89166158430315 ], [ -65.02487969982519, 20.79630610510887 ], [ -66.82487842468922, 23.7112581424843 ], [ -69.29987667137726, 26.76358656961991 ], [ -73.3498738023213, 28.75448641587171 ], [ -76.04987188961729, 28.55704546571133 ], [ -77.39987093326533, 28.35923352610856 ], [ -79.64986933934534, 27.76358852605777 ], [ -80.3942513282677, 27.63873177107867 ] ] ] } },
{ "type": "Feature", "properties": { "id": "amerigo-vespucci", "name": "Amerigo Vespucci", "color": "#b59a30", "feature_id": "amerigo-vespucci-0", "coordinates": [ -68.577128704335763, 12.070074629429218 ] }, "geometry": { "type": "MultiLineString", "coordinates": [ [ [ -68.27663739624963, 12.15106719856398 ], [ -68.51237722924922, 12.06589527357033 ], [ -68.89264695986267, 12.09043961830498 ] ] ] } },
{ "type": "Feature", "properties": { "id": "antillas-1", "name": "Antillas 1", "color": "#3e60ac", "feature_id": "antillas-1-0", "coordinates": [ -68.42888898863059, 18.598655130326328 ] }, "geometry": { "type": "MultiLineString", "coordinates": [ [ [ -70.16178606079258, 18.6993638412382 ], [ -69.69362639244127, 18.14494356429621 ], [ -69.29987667137726, 17.93100227773123 ], [ -68.51237722924922, 17.93100227773123 ], [ -68.28737738864127, 18.25181631902822 ], [ -68.43815728182744, 18.62137131610474 ], [ -68.17487746833726, 18.785187974742 ], [ -67.49987794651324, 19.10440547593045 ], [ -67.04987826529725, 18.99806752594898 ], [ -66.48737866377725, 18.785187974742 ], [ -66.01686899768664, 18.44203883389064 ] ] ] } },
{ "type": "Feature", "properties": { "id": "seax-1", "name": "SEAX-1", "color": "#61a042", "feature_id": "seax-1-0", "coordinates": [ 104.39998912954832, 1.9181839669933369 ] }, "geometry": { "type": "MultiLineString", "coordinates": [ [ [ 103.8506842608908, 2.29570682843515 ], [ 104.32889093295785, 2.14010606687736 ], [ 104.40000027800004, 1.9182287802156 ], [ 104.28810035727116, 1.46842676733197 ], [ 104.17793012281672, 1.26340717070737 ], [ 104.13781784654564, 1.26340717070737 ] ], [ [ 103.94648497427453, 1.32725798867315 ], [ 104.13781784654564, 1.26340717070737 ] ], [ [ 104.01663465625194, 1.06679893733733 ], [ 104.0156255502948, 1.22318229727985 ], [ 104.13781784654564, 1.26340717070737 ] ] ] } },
{ "type": "Feature", "properties": { "id": "apollo", "name": "Apollo", "color": "#d36f27", "feature_id": "apollo-0", "coordinates": [ -38.468446590652974, 41.366991260323282 ] }, "geometry": { "type": "MultiLineString", "coordinates": [ [ [ -72.87218414072115, 40.80058099504527 ], [ -71.09987539624129, 40.21572406083398 ], [ -68.39987730894529, 40.55848045058698 ], [ -61.19988240948919, 40.72920412488655 ], [ -50.39989006030513, 42.07923561816413 ], [ -39.59989771112098, 45.0138336439531 ], [ -23.39990918734485, 49.00033438946343 ], [ -16.19991428788883, 49.58728674004685 ], [ -10.79991811329676, 50.16726116292715 ], [ -8.09992002600077, 50.45463912589396 ], [ -5.39992193870468, 50.88245364291024 ], [ -4.54440254476274, 50.82820142743812 ] ], [ [ -74.04709330840446, 40.12349265823708 ], [ -71.09987539624129, 39.6983233549332 ], [ -68.39987730894529, 39.35121757117122 ], [ -61.19988240948919, 38.29952060596925 ], [ -50.39989006030513, 38.47588134813876 ], [ -39.59989771112098, 41.0693404382162 ], [ -23.39990918734485, 45.33107107332486 ], [ -16.19991428788883, 45.96024524125342 ], [ -5.39992193870468, 49.14772788577412 ], [ -4.49992257627272, 49.00033438946343 ], [ -3.45988331304633, 48.73055297916871 ] ] ] } },
{ "type": "Feature", "properties": { "id": "arcos", "name": "ARCOS", "color": "#51489d", "feature_id": "arcos-0", "coordinates": [ -75.070802414243886, 11.272769612255498 ] }, "geometry": { "type": "MultiLineString", "coordinates": [ [ [ -74.19504320359538, 22.62989167911265 ], [ -74.4748730053613, 22.67720619658292 ], [ -74.58737292566532, 22.88465411388244 ], [ -74.4748730053613, 23.2985980658759 ], [ -74.4748730053613, 23.7112581424843 ], [ -74.92487268657729, 24.22525137740191 ], [ -75.52590226080234, 24.40332840335024 ], [ -75.77889084339483, 24.41033117700631 ], [ -76.49987157083336, 24.53265756616073 ], [ -76.94987125204935, 24.94136317175375 ], [ -77.34020097553613, 25.06721761360183 ], [ -77.84987061448132, 25.14521022740135 ], [ -79.19986965812936, 25.75470426341523 ], [ -79.64986933934534, 25.75470426341523 ], [ -80.16222149850138, 25.93320697846933 ] ], [ [ -72.11940467399724, 21.85108832553302 ], [ -72.44987443988924, 22.46944396482952 ], [ -73.3498738023213, 22.88465411388244 ], [ -73.79987348353728, 22.88465411388244 ], [ -74.19504320359538, 22.62989167911265 ] ], [ [ -66.01686899709074, 18.44183961864287 ], [ -66.48737866377725, 18.62535139406493 ], [ -67.04987826529725, 18.67864702215472 ], [ -67.38737802620922, 18.46536439313713 ], [ -67.61237786681725, 17.82393441253792 ], [ -68.39987730894529, 13.92930384327183 ], [ -68.89264695986267, 12.09043961830498 ], [ -69.07487683076923, 11.95585820711473 ], [ -69.74987635259325, 12.17588718550798 ], [ -70.12819608458797, 12.35500295004001 ], [ -70.42487587441727, 12.17588718550798 ], [ -70.20431603066386, 11.70878246641916 ], [ -70.42487587441727, 11.73565016140583 ], [ -70.6498757150253, 12.17588718550798 ], [ -71.32487523684924, 12.61539556739339 ], [ -71.99987475867334, 12.61539556739339 ], [ -72.67487428049728, 12.17588718550798 ], [ -72.89987412110531, 11.73565016140583 ], [ -72.95270408368005, 11.48311475929393 ], [ -73.3498738023213, 11.73565016140583 ], [ -73.79987348353728, 11.73565016140583 ], [ -74.69987284596934, 11.51526615803877 ], [ -75.37487236779336, 11.07398278122661 ], [ -75.50573227509088, 10.38680745163333 ], [ -76.04987188961729, 10.41081650540272 ], [ -77.41987091969315, 9.67231131777662 ], [ -77.93346055586147, 9.1254354341491 ], [ -78.29987029629338, 9.67231131777662 ], [ -79.08736973782534, 9.74623697375997 ], [ -79.75352926591172, 9.43762333848398 ], [ -80.09986902056123, 9.74623697375997 ], [ -82.34986742664132, 9.96791518697413 ], [ -83.03765938887449, 9.98859751741015 ], [ -83.24986678907329, 11.29470931956548 ], [ -83.47486662968133, 11.73565016140583 ], [ -83.77154885044065, 11.99168142807365 ], [ -83.47486662968133, 12.17588718550798 ], [ -83.24986678907348, 12.61539556739339 ], [ -83.24986678907348, 13.49212817646408 ], [ -83.39644912564061, 14.01610702414022 ], [ -83.02486694846526, 14.36565375922844 ], [ -82.91236702816133, 15.01857857375747 ], [ -83.24986678907329, 15.45276095932206 ], [ -83.47486662968133, 15.45276095932206 ], [ -83.77681884657423, 15.26131021390879 ] ], [ [ -72.11940467399724, 21.85108832553302 ], [ -71.99987475867334, 21.63529738485955 ], [ -70.76237563532924, 20.37504125346543 ], [ -70.6911856857609, 19.79943635579718 ], [ -70.19987603380923, 19.95262290516439 ], [ -69.29987667137726, 19.74098736552494 ], [ -68.62487714955324, 19.10440547593045 ], [ -68.51237722924922, 18.89166158430315 ], [ -68.43815728182744, 18.62137131610474 ], [ -68.17487746833726, 18.89166158430315 ], [ -67.49987794651324, 19.21067511164285 ], [ -67.04987826529725, 19.10440547593045 ], [ -66.48737866377725, 18.83843321773318 ], [ -66.01686899709074, 18.44183961864287 ] ], [ [ -83.77681884657423, 15.26131021390879 ], [ -83.69986647028928, 15.66951322515525 ], [ -84.14986615150535, 16.10232559580297 ], [ -85.0498655139375, 16.10232559580297 ], [ -85.95469724872682, 15.91524368869566 ], [ -86.39986455758554, 16.10232559580297 ], [ -86.84986423880153, 16.10232559580297 ], [ -87.9461557876504, 15.8449815987426 ], [ -88.19986328244948, 15.88603571907903 ], [ -88.59713531004529, 15.72723663872104 ], [ -88.42486312305734, 16.10232559580297 ], [ -88.08736336214537, 16.53419619825972 ], [ -87.97486344184135, 16.96510259943593 ], [ -88.18218561448209, 17.49638520483909 ], [ -87.7498636012335, 17.82393441253792 ], [ -87.52486376062537, 18.25181631902822 ], [ -87.29986392001751, 19.52907092435091 ], [ -87.29986392001751, 19.95262290516439 ], [ -87.46353614173474, 20.21273335317657 ], [ -87.18736399971331, 20.05833455139623 ], [ -86.84986423880153, 20.16397503197587 ], [ -86.62486439819331, 20.37504125346543 ], [ -86.62486439819331, 20.79630610510887 ], [ -86.76758665233304, 21.09572879236739 ], [ -86.51236447788929, 21.216397899942 ], [ -86.17486471697732, 21.4259978723854 ], [ -85.83736495666136, 21.63529738485955 ], [ -84.82486567332928, 23.2985980658759 ], [ -83.24986678907329, 24.32780311165181 ], [ -80.99986838299347, 24.32780311165181 ], [ -80.5498687017773, 24.73717827217609 ], [ -79.9873691002574, 25.34871742211671 ], [ -80.16222149850138, 25.93320697846933 ] ] ] } },
{ "type": "Feature", "properties": { "id": "asia-america-gateway-aag-cable-system", "name": "Asia-America Gateway (AAG) Cable System", "color": "#69479c", "feature_id": "asia-america-gateway-aag-cable-system-0", "coordinates": [ 132.01583161303751, 16.385960718226247 ] }, "geometry": { "type": "MultiLineString", "coordinates": [ [ [ -179.99979825051412, 19.10440547593045 ], [ -172.79980335105813, 20.79630610510887 ], [ -163.799809726738, 20.79630610510887 ], [ -158.849813233362, 21.11148598348881 ], [ -158.3998135521461, 21.47835101107599 ], [ -158.24204999203212, 21.54876173571662 ], [ -158.34356194506245, 21.73983373091106 ], [ -158.2873136318419, 22.05298561667754 ], [ -157.94981387092994, 22.46944396482952 ], [ -152.99981737755394, 24.94136317175375 ], [ -147.6030982105313, 28.1630268819071 ], [ -138.60310458621126, 29.738014316088 ], [ -127.79983522945767, 32.43331330641721 ], [ -122.39983905486586, 34.86783100527335 ], [ -120.8472016490899, 35.3670782517171 ] ], [ [ 100.93057273577533, 13.17437121166224 ], [ 100.68750290737216, 12.83486881784652 ], [ 100.46250306616822, 12.17588718550798 ], [ 100.3500031464602, 11.29470931956548 ], [ 101.02500266828413, 9.52441134501949 ], [ 103.27500107496003, 7.9677768822597 ], [ 105.29999964043219, 6.62874660359781 ], [ 107.99999772772827, 5.95781868108853 ] ], [ [ 179.99992672230314, 19.10440547593045 ], [ 160.19996074878455, 16.53419619825972 ], [ 151.19996712446451, 15.23578178303578 ], [ 147.14996999352056, 14.36565375922844 ], [ 146.24997063108842, 14.14758350694873 ], [ 145.34997126865645, 13.54681947716878 ], [ 144.89997158744055, 13.32797929056355 ], [ 144.809541651502, 13.54909436314899 ], [ 143.99997222500841, 13.49212817646408 ], [ 143.09997286257644, 13.71081773817964 ], [ 138.59997605041642, 14.80115422479158 ], [ 131.39998115096031, 16.53419619825972 ], [ 125.99998497636834, 18.25181631902822 ], [ 122.39998752664029, 18.89166158430315 ], [ 121.09574530038982, 19.01914871361998 ], [ 120.42074577856589, 18.59317365379605 ], [ 120.14998912056028, 16.96510259943593 ], [ 120.38973895071938, 16.58259233069328 ], [ 119.92498927995224, 16.96510259943593 ], [ 116.99999135204831, 18.25181631902822 ], [ 115.3124925474883, 19.52907092435091 ], [ 114.52499310536027, 20.37504125346543 ], [ 113.79374362338419, 21.63529738485955 ], [ 113.94911351331866, 22.27149389585008 ], [ 113.73749366323221, 21.63529738485955 ], [ 113.51249382262418, 20.79630610510887 ], [ 113.39999390232026, 18.25181631902822 ], [ 111.14999549624025, 12.61539556739339 ], [ 110.69999581502417, 9.96791518697413 ], [ 109.34999677137613, 7.29876275445952 ], [ 107.99999772772827, 5.95781868108853 ], [ 106.64999868408005, 5.06198695441611 ], [ 105.74999932164808, 4.61359157886277 ], [ 103.85068066714335, 2.29570245694968 ], [ 104.40000027800004, 2.2555042119238 ], [ 104.77306230253555, 1.96148117555086 ], [ 104.68115007883117, 1.46842676733197 ], [ 104.28790035741287, 1.21562151528777 ], [ 104.15439045199251, 1.19780048114675 ], [ 103.98701057056589, 1.38945139680023 ] ], [ [ 109.34999677137613, 7.29876275445952 ], [ 112.94999422050827, 5.65935957241149 ], [ 114.29999326475222, 5.06198695441611 ], [ 114.88563284987971, 4.92676245288669 ] ], [ [ 107.07919838003114, 10.342138429683 ], [ 107.77499788712005, 9.74623697375997 ], [ 108.67499724955221, 9.52441134501949 ], [ 110.24999613380828, 9.74623697375997 ], [ 110.69999581502417, 9.96791518697413 ] ] ] } },
{ "type": "Feature", "properties": { "id": "atlantic-crossing-1-ac-1", "name": "Atlantic Crossing-1 (AC-1)", "color": "#50429a", "feature_id": "atlantic-crossing-1-ac-1-0", "coordinates": [ -31.533730162850908, 50.793170984366824 ] }, "geometry": { "type": "MultiLineString", "coordinates": [ [ [ -72.91227411232106, 40.77352073429003 ], [ -71.09987539624129, 40.64389687373837 ], [ -68.39987730894529, 41.40772623743595 ], [ -61.19988240948919, 42.74371346443669 ], [ -50.39989006030513, 45.17267324698427 ], [ -39.59989771112098, 48.10677570919628 ], [ -23.39990918734485, 53.50209788266426 ], [ -16.19991428788883, 55.58970711313177 ], [ -8.99991938843273, 59.22222391484431 ], [ -5.39992193870468, 59.79305890746809 ], [ -1.79992448897663, 59.56588346342965 ], [ 1.80007296075124, 58.64167777138501 ], [ 5.40007041047929, 56.46971137654702 ], [ 7.65006881655929, 55.07780072164767 ], [ 8.10006849777537, 54.94878902385559 ], [ 8.38336829708315, 54.89841940447099 ] ], [ [ -5.69846172721636, 50.07870033214287 ], [ -6.29992130113674, 50.16726116292715 ], [ -8.09992002600077, 50.16726116292715 ], [ -10.79991811329676, 49.87814473780419 ], [ -16.19991428788883, 49.00033438946343 ], [ -23.39990918734485, 47.80541217589291 ], [ -39.59989771112098, 43.72721479104982 ], [ -50.39989006030513, 41.0693404382162 ], [ -61.19988240948919, 40.04369219283004 ], [ -68.39987730894529, 40.21572406083398 ], [ -71.09987539624129, 40.04369219283004 ], [ -72.91227411232106, 40.77352073429003 ] ], [ [ 8.38336829708315, 54.89841940447099 ], [ 8.10006849777537, 54.81936191424915 ], [ 7.20006913534322, 54.55925876578231 ], [ 5.40007041047929, 53.76891056666807 ], [ 4.50007104804732, 53.23359531864929 ], [ 4.27507120743928, 52.82766254812852 ], [ 4.38757112774321, 52.62326141852725 ], [ 4.65681093701143, 52.48640042521352 ], [ 4.27507120743928, 52.48646132010029 ], [ 3.60007168561535, 52.35686935757298 ], [ 3.15007200439928, 52.14259270367212 ], [ 2.47507248257535, 51.5868339800541 ], [ 1.46147320061859, 50.9810239706491 ], [ 0.90007359831927, 50.5262123614087 ], [ 0.0000742358873, 50.16726116292715 ], [ -2.24992417019271, 50.02292045625494 ], [ -3.59992321384075, 49.87814473780419 ], [ -4.49992257627272, 49.80559362880803 ], [ -5.39992193870468, 49.87814473780419 ], [ -5.69846172721636, 50.07870033214287 ] ] ] } },
{ "type": "Feature", "properties": { "id": "atlas-offshore", "name": "Atlas Offshore", "color": "#5ab946", "feature_id": "atlas-offshore-0", "coordinates": [ 1.2484415384738352, 37.703808759606545 ] }, "geometry": { "type": "MultiLineString", "coordinates": [ [ [ -6.03576148827003, 35.47061592138569 ], [ -5.84992161992076, 35.78566189952622 ], [ -5.62492177931272, 35.83127933955618 ], [ -4.49992257627272, 36.1498667868178 ], [ -2.24992417019271, 36.24065523321488 ], [ 2.25007264196731, 38.1227301083922 ], [ 4.05007136683124, 39.00237890905839 ], [ 5.06257064897142, 40.04369219283004 ], [ 5.17507056987125, 41.74435878948223 ], [ 5.37253042998907, 43.29362778902908 ] ] ] } },
{ "type": "Feature", "properties": { "id": "australia-japan-cable-ajc", "name": "Australia-Japan Cable (AJC)", "color": "#46bfb2", "feature_id": "australia-japan-cable-ajc-0", "coordinates": [ 157.25571993625829, 0.48206827081266507 ] }, "geometry": { "type": "MultiLineString", "coordinates": [ [ [ 136.87399727311598, 34.33682825203173 ], [ 137.69997668798445, 34.12610104005753 ], [ 138.59997605041642, 34.21917770495358 ], [ 139.4999754122525, 34.57501887961886 ], [ 139.92185011339251, 34.76007352296522 ], [ 140.06247501377248, 34.89859296336222 ], [ 140.10823235209364, 34.96779987634099 ], [ 140.06247501377248, 35.01384769751837 ], [ 139.97546699999984, 35.00543300000017 ] ], [ [ 151.22848710426095, -33.88203865028552 ], [ 151.24508709250131, -33.80891358201858 ], [ 151.24508709250131, -33.73712305097786 ], [ 151.94493746911763, -33.62464858335051 ], [ 154.86956690858381, -31.85146566557725 ] ], [ [ 148.49996903716843, 13.71081773817964 ], [ 147.14996999352056, 13.92930384327183 ], [ 146.24997063108842, 13.92930384327183 ], [ 145.34997126865645, 13.71081773817964 ], [ 144.80812640584159, 13.54363582876359 ], [ 144.80812640584159, 13.54363582876359 ], [ 144.80812640584159, 13.54363582876359 ], [ 145.34997126865645, 13.05415069529863 ], [ 146.24997063108842, 12.61539556739339 ], [ 147.14996999352056, 12.61539556739339 ], [ 148.49996903716843, 13.27323815754759 ] ], [ [ 136.87399727311598, 34.33682825203173 ], [ 137.69997668798445, 33.28381101905092 ], [ 138.59997605041642, 32.62301664000789 ], [ 140.84997445649643, 31.67051304708713 ], [ 143.54997254379251, 30.90139608851551 ] ], [ [ 139.97546699999984, 35.00543300000017 ], [ 140.16091244403847, 34.89859296336222 ], [ 140.1749749340766, 34.69072647741027 ], [ 140.17497493467252, 34.40502275071594 ], [ 140.28747485497644, 33.93964008831966 ], [ 142.19997350014447, 32.8123187832876 ], [ 143.54997254379251, 30.90139608851551 ], [ 147.59996967473646, 23.2985980658759 ], [ 148.9499687183845, 16.53419619825972 ], [ 148.49996903716843, 13.71081773817964 ], [ 148.49996903716843, 13.27323815754759 ], [ 151.19996712446451, 9.96791518697413 ], [ 153.44996553054452, 8.1905434177955 ], [ 156.1499636178406, 4.16491284997694 ], [ 157.49996266148847, -0.33140932966026 ], [ 158.39996202392061, -3.02999596800866 ], [ 159.97496090817668, -4.82569249921742 ], [ 161.99995947364866, -6.61665069347536 ], [ 162.89995883608063, -8.40113904812284 ], [ 163.3499585172967, -10.17745743036107 ], [ 162.89995883608063, -13.69898726961074 ], [ 160.19996074878455, -18.88013997510117 ], [ 158.39996202392061, -25.54089607625931 ], [ 157.04996298027257, -28.74381028114989 ], [ 154.86956690858381, -31.85146566557725 ], [ 151.97926731750607, -33.69132315300487 ], [ 151.22848710426095, -33.88203865028552 ] ] ] } },
{ "type": "Feature", "properties": { "id": "apcn-2", "name": "APCN-2", "color": "#29b14a", "feature_id": "apcn-2-0", "coordinates": [ 124.31383246990738, 23.349601159523981 ] }, "geometry": { "type": "MultiLineString", "coordinates": [ [ [ 140.75095452664317, 36.79060054148884 ], [ 141.18747421740841, 35.77425344590863 ], [ 141.07497429710446, 35.4083197885633 ], [ 140.96247437620465, 35.16343633741621 ], [ 140.34372481512841, 34.97160644824122 ], [ 140.06247501377248, 34.96776525378359 ], [ 139.95485509060742, 34.96504660358369 ], [ 140.04841252373456, 34.84090484813936 ], [ 140.23122489422857, 34.67916298190681 ], [ 140.28747485497644, 34.39341949240337 ], [ 139.83747517376037, 33.92797267869356 ], [ 139.72497525345642, 32.42144355535071 ], [ 139.04997573163232, 30.88932897488944 ], [ 137.69997668798445, 29.91906305661853 ], [ 134.99997860068837, 29.13596640736251 ], [ 128.69998306366443, 25.94453541379169 ], [ 127.34998402001638, 25.33600821718872 ], [ 125.99998497636834, 25.13247972246138 ], [ 125.09998561393637, 25.13247972246138 ], [ 123.74998657028833, 25.43764443864878 ], [ 122.84998720785636, 25.64065959079691 ], [ 121.94998784542422, 25.5391949786871 ], [ 121.46258819070279, 25.16898612270157 ], [ 121.94998784542422, 25.2342865621001 ], [ 122.28748760633636, 24.92861149226346 ], [ 122.62498736724832, 24.00705482536305 ], [ 122.17498768603225, 22.45644844059945 ], [ 121.02775554672928, 21.75825909959932 ], [ 120.12788799225589, 21.75825909959932 ], [ 118.79999007691224, 22.19628282803044 ], [ 118.34999039569617, 22.40445416506672 ], [ 117.28124115280831, 22.87169786996185 ], [ 116.67753158048176, 23.34209588629273 ], [ 116.77499151144026, 22.45644844059945 ], [ 116.54999167083223, 20.783159233733 ], [ 115.64999230840026, 18.23846081095272 ], [ 114.7499929459683, 14.78755792677292 ], [ 114.29999326475222, 13.04045124222016 ], [ 113.39999390232026, 9.95406467840884 ], [ 111.59999517745614, 7.73095461133 ], [ 109.12499693076828, 5.94383197044643 ], [ 108.44999740894416, 5.49607403502186 ], [ 107.99999772772827, 5.16003298186732 ], [ 107.09999836529612, 4.59957451552148 ], [ 105.74999932164808, 3.81420307625508 ], [ 104.96249987952004, 2.80340486658845 ], [ 104.48462521805108, 1.45436885137335 ], [ 104.28790035741287, 1.28576724588039 ], [ 104.15918044859939, 1.19701815257604 ], [ 103.89502063573258, 1.29543478591135 ] ], [ [ 103.89502063573258, 1.30949364262574 ], [ 104.19697042182851, 1.31574199812623 ], [ 104.28790035741287, 1.36999455336686 ], [ 104.34425031749407, 1.46842676733197 ], [ 104.62500011860807, 2.36791255870541 ], [ 103.95000059678415, 3.49142332232059 ], [ 103.38789161939158, 4.12819284239884 ], [ 103.95000059678415, 4.0527020972683 ], [ 107.99999772772827, 7.0755309300046 ], [ 108.44999740894416, 7.74488905255145 ], [ 109.79999645259221, 9.96791518697413 ], [ 110.69999581502417, 12.61539556739339 ], [ 113.17499406171221, 18.25181631902822 ], [ 113.39999390232026, 20.79630610510887 ], [ 113.68124370308026, 21.63529738485955 ], [ 113.94911351331866, 22.27149389585008 ], [ 114.24379330456497, 21.84429407917369 ], [ 115.19999262718419, 21.32123529551186 ], [ 116.54999167083223, 21.11148598348881 ], [ 118.79999007691224, 21.4259978723854 ], [ 121.02775554672928, 21.24799675992802 ], [ 122.84998720785636, 21.4259978723854 ], [ 123.74998657028833, 22.05298561667754 ], [ 124.6499859327203, 24.12261698700344 ], [ 124.81873581317637, 25.55188275942587 ], [ 124.98748569363227, 26.1593079707739 ], [ 124.6499859327203, 30.5144959597591 ], [ 122.84998720785636, 31.67051304708713 ], [ 121.94998784542422, 31.62262741598959 ], [ 121.39529823837174, 31.61980032886775 ], [ 121.94998784542422, 31.81402180002269 ], [ 122.84998720785636, 32.0527080234862 ], [ 124.19998625150441, 32.0527080234862 ], [ 128.58279314668286, 31.15762634730359 ], [ 129.1499827448803, 30.90139608851551 ], [ 130.49998178852834, 29.73606949729215 ], [ 132.74998019460836, 29.54050774539449 ], [ 134.99997860068837, 29.54050774539449 ], [ 137.69997668798445, 30.32046542476144 ], [ 139.04997573163232, 31.09426282763951 ], [ 140.39997477528055, 32.43331330641721 ], [ 142.42497334015661, 35.05222991093673 ], [ 142.42497334075233, 35.78566189952622 ], [ 141.97497365894054, 36.51238821239364 ], [ 140.75095452664317, 36.8018613724868 ] ], [ [ 128.58279314668286, 31.15762634730359 ], [ 128.4749832230562, 31.67051304708713 ], [ 128.69998306366443, 32.8123187832876 ], [ 129.03748282457639, 34.31215165223547 ], [ 128.99949285148878, 35.17037876180022 ], [ 129.26248266518442, 34.31215165223547 ], [ 129.1499827448803, 32.8123187832876 ], [ 128.92498290427227, 31.67051304708713 ], [ 129.1499827448803, 30.90139608851551 ] ], [ [ 114.7499929459683, 14.80115422479158 ], [ 116.99999135204831, 13.92930384327183 ], [ 118.79999007691224, 13.71081773817964 ], [ 120.14998912056028, 13.60149820227659 ], [ 121.06600847164388, 13.76241833790443 ], [ 120.14998912056028, 13.3827080361257 ], [ 118.79999007691224, 13.27323815754759 ], [ 116.99999135204831, 13.05415069529863 ], [ 115.64999230840026, 12.94453386866297 ], [ 114.7499929459683, 12.94453386866297 ], [ 114.29999326475222, 13.05415069529863 ] ] ] } },
{ "type": "Feature", "properties": { "id": "australia-singapore-cable-asc", "name": "Australia-Singapore Cable (ASC)", "color": "#c82026", "feature_id": "australia-singapore-cable-asc-0", "coordinates": [ 107.80274089446834, -15.057788569383632 ] }, "geometry": { "type": "MultiLineString", "coordinates": [ [ [ 105.97499916225611, -10.3988395771274 ], [ 105.86249924195219, -10.3988395771274 ], [ 105.697069844276, -10.43735864552869 ] ], [ [ 105.74999932164808, -5.94570715507064 ], [ 105.88390920948316, -6.07369890987174 ] ], [ [ 103.94648059927786, 1.327258925921 ], [ 103.78125071632807, 1.01853421661552 ], [ 103.78125071632807, 0.7935626526072 ], [ 104.17500043739219, 0.51333135630492 ], [ 104.84999995921611, 0.40083503392594 ], [ 105.29999964043219, 0.11858841888831 ], [ 105.97499916225611, -0.78138663622559 ], [ 106.76449860296741, -2.13091848096033 ], [ 107.01562342447218, -3.02999596800866 ], [ 106.9874984449922, -4.60145376483711 ], [ 106.53749876377611, -5.16191066211307 ], [ 106.31249892316808, -5.49795068831488 ], [ 105.74999932164808, -5.94570715507064 ], [ 105.29999964043219, -6.1694505295745 ], [ 105.07499979982416, -6.61665069347536 ], [ 105.29999964043219, -7.50981068833955 ], [ 105.97499916225611, -10.3988395771274 ], [ 106.19999900286416, -11.94394493174681 ], [ 107.99999772713237, -15.44102365956809 ], [ 109.79999645199631, -20.43392219763741 ], [ 112.04999485867221, -27.15383128539156 ], [ 113.39999390232026, -30.30995334464681 ], [ 113.84999358353615, -30.89094687147199 ], [ 115.85731216153303, -31.95344133032431 ] ] ] } },
{ "type": "Feature", "properties": { "id": "azores-fiber-optic-system-afos", "name": "Azores Fiber Optic System (AFOS)", "color": "#514da0", "feature_id": "azores-fiber-optic-system-afos-0", "coordinates": [ -25.715648220560862, 37.094110840016604 ] }, "geometry": { "type": "MultiLineString", "coordinates": [ [ [ -27.96338595453508, 39.01140845880094 ], [ -28.1249058401129, 38.82731109526637 ], [ -28.34990568072094, 38.82731109526637 ], [ -28.34990568072094, 38.73961531382567 ], [ -28.21313577760999, 38.68429209182289 ], [ -28.46240560102495, 38.65181171271134 ], [ -28.64751546989137, 38.52540431175965 ], [ -28.57490552132888, 38.47588134813876 ], [ -28.46123560185379, 38.43266966366395 ], [ -28.34990568072094, 38.29952060596925 ], [ -25.29692784347907, 36.90250859939618 ], [ -25.14121795378534, 36.95715362213741 ], [ -25.0722680026302, 36.87595534218079 ], [ -24.91860811148434, 36.95684197844165 ], [ -24.97490807160083, 37.23235432155614 ], [ -25.53740767312084, 37.58978657360306 ], [ -25.66870758010685, 37.73960462631469 ], [ -25.87490743403289, 37.67887792909206 ], [ -26.77490679646495, 38.03417390064187 ], [ -27.11240655797291, 38.47588134813876 ], [ -27.21577648414866, 38.65890243710884 ], [ -27.44990631828888, 38.65181171271134 ], [ -27.67490615889692, 38.65181171271134 ], [ -27.96338595453508, 39.01140845880094 ] ] ] } },
{ "type": "Feature", "properties": { "id": "bahamas-2", "name": "Bahamas 2", "color": "#85459a", "feature_id": "bahamas-2-0", "coordinates": [ -78.907378571878212, 26.356018247442297 ] }, "geometry": { "type": "MultiLineString", "coordinates": [ [ [ -78.91536058293026, 26.36012310750915 ], [ -78.81193048042013, 26.53625988970155 ] ], [ [ -80.3942513282677, 27.63873177107867 ], [ -79.64986933934534, 27.36466799386026 ], [ -78.91536058293026, 26.36012310750915 ], [ -78.52487013630534, 26.1593079707739 ], [ -77.7373706941773, 25.34871742211671 ], [ -77.34020097553613, 25.06721761360183 ] ] ] } },
{ "type": "Feature", "properties": { "id": "bahamas-domestic-submarine-network-bdsni", "name": "Bahamas Domestic Submarine Network (BDSNi)", "color": "#2aae5d", "feature_id": "bahamas-domestic-submarine-network-bdsni-0", "coordinates": [ -73.740304757707946, 19.303948558193134 ] }, "geometry": { "type": "MultiLineString", "coordinates": [ [ [ -75.78014208069642, 23.51655198219373 ], [ -75.59987220840131, 23.7112581424843 ], [ -75.14987252718532, 23.81422051502533 ], [ -74.84049274635285, 23.65223548382575 ] ], [ [ -73.79987348353728, 22.78096958499462 ], [ -74.02487332652929, 22.88465411388244 ], [ -74.36237308505729, 23.2985980658759 ], [ -74.36237308505729, 23.7112581424843 ], [ -74.52570296935295, 24.05263241523427 ] ], [ [ -77.39953093350617, 26.02529561689914 ], [ -77.96237053478534, 26.1593079707739 ], [ -78.73673998621477, 26.51699468577722 ] ], [ [ -77.34020097553613, 25.06721761360183 ], [ -77.39987093326533, 25.34871742211671 ], [ -78.18737037539337, 26.1593079707739 ], [ -78.73673998621477, 26.51699468577722 ] ], [ [ -77.34020097553613, 25.06721761360183 ], [ -77.39987093326533, 24.94136317175375 ], [ -77.84460061821467, 24.6897138806255 ] ], [ [ -76.24064175447413, 25.19620945187225 ], [ -76.24064175447413, 25.29442793346618 ], [ -76.83117133613746, 25.71204125730207 ], [ -77.28737101296132, 25.75470426341523 ], [ -77.39953093350617, 26.02529561689914 ] ], [ [ -76.24064175447413, 25.19620945187225 ], [ -76.94987125204935, 25.04332905661218 ], [ -77.34020097553613, 25.06721761360183 ] ], [ [ -75.78014208069642, 23.51655198219373 ], [ -75.71237212870533, 23.7112581424843 ], [ -76.04987189021328, 24.25944448578478 ], [ -76.57445151859616, 24.42499112267398 ], [ -76.04987189021328, 24.53265756616073 ], [ -75.93737196931336, 24.94136317175375 ], [ -76.24064175447413, 25.19620945187225 ] ], [ [ -75.52590226080234, 24.40332840335024 ], [ -75.82487204900934, 24.53265756616073 ], [ -75.82487204900934, 24.94136317175375 ], [ -76.24064175447413, 25.19620945187225 ] ], [ [ -75.73337211382878, 22.183257204025 ], [ -75.59987220840131, 22.46944396482952 ], [ -75.59987220840131, 23.2985980658759 ], [ -75.14987252718532, 23.7112581424843 ], [ -74.84049274635285, 23.65223548382575 ] ], [ [ -73.68298356634324, 20.95051434876231 ], [ -73.79987348353728, 21.216397899942 ], [ -75.14987252718532, 21.84429407917369 ], [ -75.73337211382878, 22.183257204025 ] ], [ [ -74.96618265731288, 23.0983440404772 ], [ -74.86662272784216, 23.2985980658759 ], [ -74.84049274635285, 23.65223548382575 ] ], [ [ -74.52570296935295, 24.05263241523427 ], [ -74.81237276627336, 23.2985980658759 ], [ -74.96618265731288, 23.0983440404772 ] ], [ [ -74.52570296935295, 24.05263241523427 ], [ -74.92487268657729, 24.32780311165181 ], [ -75.52590226080234, 24.40332840335024 ] ], [ [ -73.06413400474204, 22.4017476188511 ], [ -73.3498738023213, 22.78096958499462 ], [ -73.79987348353728, 22.78096958499462 ] ], [ [ -73.68298356634324, 20.95051434876231 ], [ -73.57487364292933, 21.4259978723854 ], [ -73.3498738023213, 22.05298561667754 ], [ -73.06413400474204, 22.4017476188511 ] ], [ [ -73.68298356634324, 20.95051434876231 ], [ -73.84592345091504, 20.14477297921714 ], [ -73.9123734038413, 19.95262290516439 ], [ -73.68737356323335, 19.10440547593045 ], [ -72.83434416752731, 18.61193247312395 ], [ -72.51027439710138, 18.61193247312395 ], [ -72.34313451550487, 18.54287844069523 ] ] ] } },
{ "type": "Feature", "properties": { "id": "bahamas-internet-cable-system-bics", "name": "Bahamas Internet Cable System (BICS)", "color": "#209fb8", "feature_id": "bahamas-internet-cable-system-bics-0", "coordinates": [ -77.218206612165588, 26.620578361420524 ] }, "geometry": { "type": "MultiLineString", "coordinates": [ [ [ -78.73673998621477, 26.51699468577722 ], [ -79.19986965812936, 26.36108632539156 ], [ -79.64986933934534, 26.36108632539156 ], [ -80.08893155227202, 26.35058457732 ] ], [ [ -76.78766136696041, 25.40783324180655 ], [ -77.1748710926573, 25.55188275942587 ], [ -77.39987093326533, 25.75470426341523 ], [ -77.39953093350617, 26.02529561689914 ], [ -77.39987093326533, 26.1593079707739 ], [ -77.1748710926573, 26.26024097157782 ], [ -77.1748710926573, 26.56251314923671 ], [ -77.39987093326533, 26.86399017396059 ], [ -77.82194063426722, 26.91250005261421 ], [ -77.96237053538132, 26.8471508906384 ], [ -78.07487045568534, 26.79706431733876 ], [ -78.15172040124409, 26.70309629195836 ], [ -78.29987029629338, 26.6715791371628 ], [ -78.52487013690133, 26.59627352404487 ], [ -78.73673998621477, 26.51699468577722 ] ], [ [ -78.73673998621477, 26.51699468577722 ], [ -78.29987029569729, 26.1593079707739 ], [ -77.51237085356935, 25.34871742211671 ], [ -77.4529908956347, 25.06844950998557 ], [ -77.39987093326533, 25.34871742211671 ], [ -77.1748710926573, 25.45034294692391 ], [ -76.78766136696041, 25.40783324180655 ] ] ] } },
{ "type": "Feature", "properties": { "id": "balalink", "name": "Balalink", "color": "#3a4ea1", "feature_id": "balalink-0", "coordinates": [ 1.1368861410635613, 39.351217571171219 ] }, "geometry": { "type": "MultiLineString", "coordinates": [ [ [ -0.37697549700703, 39.45964671343673 ], [ 0.45007391710319, 39.35121757117122 ], [ 2.25007264196731, 39.35121757117122 ], [ 2.60525239035473, 39.55232618527277 ] ] ] } },
{ "type": "Feature", "properties": { "id": "baltica", "name": "Baltica", "color": "#5f459b", "feature_id": "baltica-0", "coordinates": [ 13.460776938063091, 54.872791322530695 ] }, "geometry": { "type": "MultiLineString", "coordinates": [ [ [ 11.94000577752764, 54.5772362672834 ], [ 12.60006530993539, 54.62444087776703 ], [ 13.50006467236735, 54.88412743786753 ], [ 14.40006403479932, 54.94878902385559 ], [ 14.8500637160154, 54.94878902385559 ], [ 14.99215361535769, 55.03114641514846 ] ], [ [ 13.82828443985347, 55.43133165094383 ], [ 13.95006435358343, 55.33458061322904 ], [ 14.40006403479932, 55.0133467567921 ], [ 14.8500637160154, 55.0133467567921 ], [ 14.99215361535769, 55.03114641514846 ], [ 15.07506355662343, 54.88412743786753 ], [ 15.4125633175354, 54.55925876578231 ], [ 15.57506320241889, 54.17263354490284 ] ] ] } },
{ "type": "Feature", "properties": { "id": "bass-strait-1", "name": "Bass Strait-1", "color": "#66439a", "feature_id": "bass-strait-1-0", "coordinates": [ 145.90618257848499, -39.89701571127955 ] }, "geometry": { "type": "MultiLineString", "coordinates": [ [ [ 146.11970072337314, -38.81988087960539 ], [ 146.02497079048055, -39.16757423638764 ], [ 145.79997094987252, -40.54922829806915 ], [ 145.62380107467308, -40.95050138814584 ] ] ] } },
{ "type": "Feature", "properties": { "id": "bass-strait-2", "name": "Bass Strait-2", "color": "#5da344", "feature_id": "bass-strait-2-0", "coordinates": [ 145.48965518221675, -39.691472816995883 ] }, "geometry": { "type": "MultiLineString", "coordinates": [ [ [ 145.72966099968082, -38.63330288478132 ], [ 145.57497110926448, -39.16757423638764 ], [ 145.34997126865645, -40.54922829806915 ], [ 145.29411130822828, -40.76023099257806 ] ] ] } },
{ "type": "Feature", "properties": { "id": "basslink", "name": "Basslink", "color": "#9dc93b", "feature_id": "basslink-0", "coordinates": [ 146.97751931966721, -39.740482351060734 ] }, "geometry": { "type": "MultiLineString", "coordinates": [ [ [ 147.07126004927943, -38.44340281744178 ], [ 147.03747007321647, -38.81782397325074 ], [ 146.92497015291252, -40.54922829806915 ], [ 146.85017020590166, -41.03305419458933 ] ] ] } },
{ "type": "Feature", "properties": { "id": "batam-singapore-cable-system-bscs", "name": "Batam Singapore Cable System (BSCS)", "color": "#ac3781", "feature_id": "batam-singapore-cable-system-bscs-0", "coordinates": [ 103.95635868349486, 1.2203224601666376 ] }, "geometry": { "type": "MultiLineString", "coordinates": [ [ [ 103.98701057056589, 1.38945139680023 ], [ 103.95002559676649, 1.18537817691577 ], [ 104.0166370000003, 1.06679800000035 ] ] ] } },
{ "type": "Feature", "properties": { "id": "sweden-latvia", "name": "Sweden-Latvia", "color": "#42b985", "feature_id": "sweden-latvia-0", "coordinates": [ 19.342613473857593, 57.755093445120046 ] }, "geometry": { "type": "MultiLineString", "coordinates": [ [ [ 21.57007895549364, 57.38972040842494 ], [ 21.15005925303935, 57.39045872350101 ], [ 19.35006052817542, 57.75242200704209 ], [ 19.04186074650726, 57.86298070545193 ], [ 18.90006084695934, 58.05131589106027 ], [ 18.56256108604737, 58.64167777138501 ], [ 18.56256108604737, 59.10689495719073 ], [ 18.33756124543934, 59.27974267096037 ], [ 18.06276144011021, 59.33230901818709 ] ] ] } },
{ "type": "Feature", "properties": { "id": "bcs-east-west-interlink", "name": "BCS East-West Interlink", "color": "#348bcb", "feature_id": "bcs-east-west-interlink-0", "coordinates": [ 19.948215743265383, 56.717219875603234 ] }, "geometry": { "type": "MultiLineString", "coordinates": [ [ [ 21.08267930077222, 56.02850685047375 ], [ 20.70005957182346, 56.15772578558828 ], [ 19.12506068756738, 57.32978111682831 ], [ 18.82945089698029, 57.43973589319185 ] ] ] } },
{ "type": "Feature", "properties": { "id": "bcs-north---phase-1", "name": "BCS North - Phase 1", "color": "#38b77b", "feature_id": "bcs-north---phase-1-0", "coordinates": [ 21.807959696679848, 59.99407662071264 ] }, "geometry": { "type": "MultiLineString", "coordinates": [ [ [ 24.93247657353962, 60.17116318894055 ], [ 24.41255694185543, 59.9060699245743 ], [ 23.85005734033543, 59.79305890746809 ], [ 22.96675796607306, 59.82340864139905 ], [ 22.6125582169915, 59.9060699245743 ], [ 22.27505845607935, 60.01869762196877 ], [ 22.29859843940361, 60.30575443116903 ], [ 22.0500586154715, 60.07486799642317 ], [ 21.37505909364739, 59.84961238502145 ], [ 20.25005989060738, 59.7364093840784 ], [ 19.91256012969541, 59.9624316341522 ], [ 19.93776011184349, 60.11403575461426 ], [ 19.68756028908738, 59.9624316341522 ], [ 19.12506068756738, 59.62282176941042 ], [ 18.68836099692981, 59.29276676569157 ] ] ] } },
{ "type": "Feature", "properties": { "id": "bcs-north---phase-2", "name": "BCS North - Phase 2", "color": "#b1d235", "feature_id": "bcs-north---phase-2-0", "coordinates": [ 25.96166923248304, 60.130942866098472 ] }, "geometry": { "type": "MultiLineString", "coordinates": [ [ [ 26.88364519131359, 60.50114125320089 ], [ 27.00005510884741, 60.35428947498098 ], [ 27.16880498930348, 60.13094286609847 ], [ 27.45005479006348, 59.9624316341522 ], [ 28.12505431188741, 59.84961238502145 ], [ 28.49995404630509, 59.79998620949299 ] ], [ [ 26.88364519131359, 60.50114125320089 ], [ 26.77505526823937, 60.35428947498098 ], [ 26.10005574641544, 60.13094286609847 ], [ 25.20005638398347, 60.13094286609847 ], [ 24.93247657353962, 60.17116318894055 ] ] ] } },
{ "type": "Feature", "properties": { "id": "berytar", "name": "BERYTAR", "color": "#c02028", "feature_id": "berytar-0", "coordinates": [ 35.543573741878092, 34.270320907751945 ] }, "geometry": { "type": "MultiLineString", "coordinates": [ [ [ 35.89779880560243, 34.89170328553848 ], [ 35.77504889255959, 34.68301765985797 ], [ 35.85922883292591, 34.43974246013246 ], [ 35.55004905195155, 34.31215165223547 ], [ 35.48510909795581, 33.89263712836985 ], [ 35.32504921134351, 33.56549148235204 ], [ 35.38637916789689, 33.45019231608542 ] ] ] } },
{ "type": "Feature", "properties": { "id": "bharat-lanka-cable-system", "name": "Bharat Lanka Cable System", "color": "#26ae4a", "feature_id": "bharat-lanka-cable-system-0", "coordinates": [ 78.760071182151719, 7.506418248635959 ] }, "geometry": { "type": "MultiLineString", "coordinates": [ [ [ 78.14522887712651, 8.8024990629144 ], [ 78.3000187674719, 8.1905434177955 ], [ 79.20001812990387, 6.85219109875433 ], [ 79.86681765753703, 6.83308815665317 ] ] ] } },
{ "type": "Feature", "properties": { "id": "bicentenario", "name": "Bicentenario", "color": "#52b847", "feature_id": "bicentenario-0", "coordinates": [ -55.765452161876794, -35.74763678504997 ] }, "geometry": { "type": "MultiLineString", "coordinates": [ [ [ -54.95018683683215, -34.90041602705144 ], [ -55.57488639428917, -35.59302880961419 ], [ -56.02488607550515, -35.95811819864919 ], [ -56.69544560047454, -36.47095527632105 ] ] ] } },
{ "type": "Feature", "properties": { "id": "botnia", "name": "Botnia", "color": "#dba926", "feature_id": "botnia-0", "coordinates": [ 20.810619391542982, 63.230673555495201 ] }, "geometry": { "type": "MultiLineString", "coordinates": [ [ [ 21.61636892270142, 63.09538868130169 ], [ 21.37505909364739, 63.09669186983899 ], [ 21.15005925303935, 63.09669186983899 ], [ 20.70005957182346, 63.27431307074413 ], [ 20.47505973121542, 63.52617342379121 ], [ 20.39430309845523, 63.70251569426438 ], [ 20.26304988140538, 63.82595266205344 ] ] ] } },
{ "type": "Feature", "properties": { "id": "bt-mt-1", "name": "BT-MT-1", "color": "#d12c7d", "feature_id": "bt-mt-1-0", "coordinates": [ -3.8882932483589481, 54.165971787151783 ] }, "geometry": { "type": "MultiLineString", "coordinates": [ [ [ -3.35705338589195, 54.21091491340431 ], [ -3.59992321384075, 54.16597178715178 ], [ -4.27492273566468, 54.16597178715178 ], [ -4.42385263016144, 54.16728900359917 ] ] ] } },
{ "type": "Feature", "properties": { "id": "cadmos", "name": "CADMOS", "color": "#5d4a9e", "feature_id": "cadmos-0", "coordinates": [ 34.571766536489555, 34.404083238921828 ] }, "geometry": { "type": "MultiLineString", "coordinates": [ [ [ 35.48510909795581, 33.89263712836985 ], [ 35.52192407127976, 33.90074250722234 ], [ 35.56303904215347, 33.89189835097618 ] ], [ [ 33.61060042587536, 34.82728147271538 ], [ 33.97505016769547, 34.68301765985797 ], [ 35.10004937013957, 34.15713799994263 ], [ 35.48510909795581, 33.89263712836985 ] ] ] } },
{ "type": "Feature", "properties": { "id": "cam-ring", "name": "CAM Ring", "color": "#a85137", "feature_id": "cam-ring-0", "coordinates": [ -21.401088824823148, 34.375763066019836 ] }, "geometry": { "type": "MultiLineString", "coordinates": [ [ [ -16.34766418322137, 33.04731590872125 ], [ -16.42491412849678, 32.8123187832876 ], [ -16.64991396910482, 32.62301664000789 ], [ -16.90889378564106, 32.64727814970992 ], [ -17.12511363246887, 32.55889959458764 ], [ -18.44991269396884, 32.8123187832876 ], [ -24.74990823099289, 36.1498667868178 ], [ -25.42490775400889, 36.78317048961605 ], [ -25.7061575541729, 37.58978657360306 ], [ -25.66870758010685, 37.73960462631469 ] ] ] } },
{ "type": "Feature", "properties": { "id": "canalink", "name": "Canalink", "color": "#5a4a9e", "feature_id": "canalink-0", "coordinates": [ -11.928272506517882, 32.884829721461692 ] }, "geometry": { "type": "MultiLineString", "coordinates": [ [ [ -16.41257413783453, 28.31060316141052 ], [ -16.03116440743276, 28.39196396138901 ], [ -15.74991460667276, 28.55704546571133 ], [ -14.96241516454481, 28.95155473219332 ], [ -13.7249160406048, 29.73606949729215 ], [ -10.12491859147274, 33.93964008831966 ], [ -8.32491986660871, 35.41978051708035 ], [ -6.74992098235272, 36.1498667868178 ], [ -6.08713145187905, 36.27672346192373 ] ], [ [ -7.19992066356871, 36.51238821239364 ], [ -6.29992130113674, 35.60293032290613 ], [ -6.03576148827003, 35.47061592138569 ] ], [ [ -15.52491476606481, 28.35923352610856 ], [ -15.48770479242469, 28.1343621820334 ] ], [ [ -15.41241484576079, 28.55704546571133 ], [ -15.74991460667276, 28.50762719638052 ], [ -16.03116440743276, 28.34246846660667 ], [ -16.41256413724565, 28.31058555362932 ] ], [ [ -16.51801406254393, 28.05908806126481 ], [ -16.42491412849678, 27.96250335997247 ], [ -16.5374140488008, 27.86309157699361 ], [ -16.76241388940884, 27.86309157699361 ], [ -16.981213734409, 28.15924276330433 ], [ -17.0999136503208, 28.35923352610856 ], [ -17.36480346267046, 28.66327103532559 ], [ -17.58982330326418, 28.71261615263962 ], [ -17.76519317903057, 28.66327103532559 ] ], [ [ -15.41241484576079, 28.55704546571133 ], [ -15.29991492545678, 28.45818576600455 ], [ -15.24366496530481, 28.16105226222079 ], [ -15.29991492545678, 28.06182365971013 ], [ -15.39874485544474, 27.95939426104602 ] ], [ [ -6.36301125644327, 36.62627284935827 ], [ -7.19992066356871, 36.51238821239364 ], [ -8.99991938843273, 35.41978051708035 ], [ -11.0249179539048, 33.93964008831966 ], [ -14.62491540363276, 29.73606949729215 ], [ -15.07491508484883, 28.95155473219332 ], [ -15.41241484576079, 28.55704546571133 ], [ -15.52491476606481, 28.35923352610856 ], [ -16.03116440743276, 28.29295870317676 ], [ -16.51801406254393, 28.05908806126481 ] ] ] } },
{ "type": "Feature", "properties": { "id": "cantat-3", "name": "CANTAT-3", "color": "#a6469a", "feature_id": "cantat-3-0", "coordinates": [ 6.0848047862931951, 55.883342623563657 ] }, "geometry": { "type": "MultiLineString", "coordinates": [ [ [ 7.19996913541435, 55.58982013593335 ], [ 7.65006881655929, 55.58970711313177 ], [ 8.32916833547897, 55.75165023178103 ] ], [ [ 4.50007104804732, 55.96930907315367 ], [ 4.95007072926321, 56.09502251152735 ] ], [ [ 4.22849124043714, 56.07851317418121 ], [ 4.50007104804732, 55.96930907315367 ], [ 4.5643310025251, 55.80429094977468 ], [ 4.61257096835125, 55.74726873782232 ], [ 4.74851087205019, 55.71590854983997 ] ], [ [ 7.20006913534322, 55.58970711313177 ], [ 6.30006977291125, 55.84318584148108 ], [ 4.95007072926321, 56.09502251152735 ] ] ] } },
{ "type": "Feature", "properties": { "id": "caribbean-bermuda-u-s-cbus", "name": "Caribbean-Bermuda U.S. (CBUS)", "color": "#b2355e", "feature_id": "caribbean-bermuda-u-s-cbus-0", "coordinates": [ -64.36414694118578, 25.343709997272942 ] }, "geometry": { "type": "MultiLineString", "coordinates": [ [ [ -64.7674091796907, 32.31223462116531 ], [ -64.57488001860921, 31.28673881439175 ], [ -64.34988017800117, 24.94136317175375 ], [ -64.34988017800117, 20.79630610510887 ], [ -64.34988017800117, 18.89166158430315 ], [ -64.59715000283296, 18.41441211576626 ] ] ] } },
{ "type": "Feature", "properties": { "id": "caucasus-cable-system", "name": "Caucasus Cable System", "color": "#d02c91", "feature_id": "caucasus-cable-system-0", "coordinates": [ 34.888472643936545, 42.490614430969622 ] }, "geometry": { "type": "MultiLineString", "coordinates": [ [ [ 41.66752471827441, 42.14675635811542 ], [ 41.40004490775961, 42.07923561816413 ], [ 35.55004905195155, 42.41235450073586 ], [ 28.57505399310349, 43.23744835244091 ], [ 28.16743428186512, 43.41462116994649 ] ] ] } },
{ "type": "Feature", "properties": { "id": "cayman-jamaica-fiber-system-cjfs", "name": "Cayman-Jamaica Fiber System (CJFS)", "color": "#85489c", "feature_id": "cayman-jamaica-fiber-system-cjfs-0", "coordinates": [ -79.067389289776187, 19.278274980698232 ] }, "geometry": { "type": "MultiLineString", "coordinates": [ [ [ -76.66662145270618, 17.94977294265973 ], [ -76.38737165112533, 17.9666772041247 ], [ -76.1623718105173, 18.18057509560276 ], [ -76.20409564349075, 18.46288613823773 ], [ -76.49987157202534, 18.57203905256678 ] ], [ [ -76.44608160953463, 18.17632819876962 ], [ -76.49987157202534, 18.57203905256678 ] ], [ [ -76.49987157202534, 18.57203905256678 ], [ -77.06237117294936, 18.6075824685911 ] ], [ [ -77.10324114340065, 18.39866138308805 ], [ -77.06237117294936, 18.6075824685911 ] ], [ [ -77.06237117294936, 18.6075824685911 ], [ -77.73737069477338, 18.6075824685911 ], [ -77.92138056441902, 18.46935759322733 ], [ -78.18737037598936, 18.66088367236041 ], [ -79.42486949873729, 19.52907092435091 ], [ -79.87764917798393, 19.69042598563074 ], [ -80.09986902056141, 19.52907092435091 ], [ -80.54986870177748, 19.31687611162871 ], [ -81.16676076149955, 19.28295591266266 ] ] ] } },
{ "type": "Feature", "properties": { "id": "ceiba-2", "name": "Ceiba-2", "color": "#4fbe9c", "feature_id": "ceiba-2-0", "coordinates": [ 9.2766769981543149, 2.9459278828787019 ] }, "geometry": { "type": "MultiLineString", "coordinates": [ [ [ 9.25094768248177, 3.00276094828625 ], [ 9.91022721544214, 2.9331245335186 ] ], [ [ 9.76822731603611, 1.86015040932181 ], [ 9.25094768248177, 3.00276094828625 ], [ 9.05279782285301, 3.8095259496171 ], [ 8.8322979790573, 3.8095259496171 ], [ 8.78229801447774, 3.75086390215221 ] ] ] } },
{ "type": "Feature", "properties": { "id": "ceiba-1", "name": "Ceiba-1", "color": "#3366b1", "feature_id": "ceiba-1-0", "coordinates": [ 9.3891379952872303, 3.0532848096506484 ] }, "geometry": { "type": "MultiLineString", "coordinates": [ [ [ 9.76822731603611, 1.86015040932181 ], [ 9.42506755913363, 2.96715934263804 ], [ 9.05279782285301, 3.85951375664954 ], [ 8.78229801447774, 3.85951375664954 ], [ 8.78229801447774, 3.75086390215221 ] ] ] } },
{ "type": "Feature", "properties": { "id": "celtixconnect-1-cc-1", "name": "CeltixConnect-1 (CC-1)", "color": "#aa4f9e", "feature_id": "celtixconnect-1-cc-1-0", "coordinates": [ -5.4404521957661176, 53.301891623850047 ] }, "geometry": { "type": "MultiLineString", "coordinates": [ [ [ -6.2483113376977, 53.34812463259513 ], [ -5.62492177931272, 53.30087964873999 ], [ -4.63039248384655, 53.30633550153628 ] ] ] } },
{ "type": "Feature", "properties": { "id": "columbus-ii-b", "name": "Columbus-II b", "color": "#69c6b6", "feature_id": "columbus-ii-b-0", "coordinates": [ -70.420611253999567, 26.512102658953292 ] }, "geometry": { "type": "MultiLineString", "coordinates": [ [ [ -64.93708976201641, 18.3729921940909 ], [ -64.91237977952126, 18.89166158430315 ], [ -65.24987954043323, 20.79630610510887 ], [ -67.27487810590529, 23.7112581424843 ], [ -69.29987667137726, 25.95717997876434 ], [ -73.3498738023213, 27.96250335997247 ], [ -76.94987125204935, 28.06182365971013 ], [ -77.84987061448132, 27.86309157699361 ], [ -79.64986933934534, 26.9643047345629 ], [ -80.05334157838347, 26.71527195349468 ] ] ] } },
{ "type": "Feature", "properties": { "id": "columbus-iii-azores-portugal", "name": "Columbus-III Azores-Portugal", "color": "#c35437", "feature_id": "columbus-iii-azores-portugal-0", "coordinates": [ -17.422228036962636, 36.993119919861876 ] }, "geometry": { "type": "MultiLineString", "coordinates": [ [ [ -9.33155915349599, 38.69016197235553 ], [ -10.34991843208078, 38.21117903702318 ], [ -13.94991588240473, 36.99311991986188 ], [ -23.39990918794084, 36.99311991986188 ], [ -24.74990823099289, 37.23235432155614 ], [ -25.42490775281691, 37.58978657360306 ], [ -25.66870758010685, 37.73960462631469 ] ] ] } },
{ "type": "Feature", "properties": { "id": "comoros-domestic-cable-system", "name": "Comoros Domestic Cable System", "color": "#5cc4c1", "feature_id": "comoros-domestic-cable-system-0", "coordinates": [ 44.383480801711613, -12.159732244027781 ] }, "geometry": { "type": "MultiLineString", "coordinates": [ [ [ 43.48920342778013, -11.92311506302003 ], [ 44.02904304535267, -11.8088110276781 ], [ 44.40004278253289, -12.16627113290204 ], [ 44.02904304535267, -12.01979553436257 ], [ 43.73969325033078, -12.28786867141531 ], [ 43.54749338648708, -12.0453795179984 ], [ 43.48920342778013, -11.92311506302003 ] ] ] } },
{ "type": "Feature", "properties": { "id": "corse-continent-4-cc4", "name": "Corse-Continent 4 (CC4)", "color": "#34bfc8", "feature_id": "corse-continent-4-cc4-0", "coordinates": [ 7.9490987091474787, 43.036377571949501 ] }, "geometry": { "type": "MultiLineString", "coordinates": [ [ [ 7.01744926471289, 43.55300871311731 ], [ 7.20006913534322, 43.40114497315395 ], [ 8.55006817899126, 42.74371346443669 ], [ 8.93717790475919, 42.63668577913145 ] ] ] } },
{ "type": "Feature", "properties": { "id": "corse-continent-5-cc5", "name": "Corse-Continent 5 (CC5)", "color": "#32c0cf", "feature_id": "corse-continent-5-cc5-0", "coordinates": [ 7.1854884366694902, 42.251181098201755 ] }, "geometry": { "type": "MultiLineString", "coordinates": [ [ [ 5.87820007176783, 43.10319473312757 ], [ 6.07506993230322, 42.74371346443669 ], [ 6.30006977291125, 42.57825408607285 ], [ 7.42506897535536, 42.16268022756146 ], [ 8.41461827494533, 41.83573842506296 ], [ 8.73873804533588, 41.91950273465837 ] ] ] } },
{ "type": "Feature", "properties": { "id": "danica-north", "name": "Danica North", "color": "#3c61ad", "feature_id": "danica-north-0", "coordinates": [ 12.745254304550503, 55.778842698561178 ] }, "geometry": { "type": "MultiLineString", "coordinates": [ [ [ 12.95553505811735, 55.77057758158515 ], [ 12.71656522740582, 55.77997032709834 ], [ 12.54557534853666, 55.72077512630604 ] ] ] } },
{ "type": "Feature", "properties": { "id": "danice", "name": "DANICE", "color": "#5bba46", "feature_id": "danice-0", "coordinates": [ -5.1613934102677517, 62.679771908389021 ] }, "geometry": { "type": "MultiLineString", "coordinates": [ [ [ -20.14185149538349, 63.64236719714476 ], [ -20.69991110124084, 63.32486213107881 ], [ -20.69991110064484, 62.98618902459575 ], [ -19.79991173761688, 62.50536500000049 ], [ -14.39991556302481, 62.29689073879045 ], [ -10.79991811329676, 62.71239189403062 ], [ -7.42492050417675, 62.81536487879325 ], [ -2.24992417019271, 62.50536500000049 ], [ 0.45007391710319, 62.08696177092747 ], [ 2.02507280135927, 61.23255301306618 ], [ 2.92507216379124, 60.35428947498098 ], [ 3.82507152622321, 58.05131589106027 ], [ 5.17507056987125, 56.22032688484507 ], [ 6.30006977291125, 55.96930907315367 ], [ 7.20006913534322, 55.71665209382179 ], [ 7.65006881655929, 55.65323105219792 ], [ 8.32916833547897, 55.75165023178103 ] ] ] } },
{ "type": "Feature", "properties": { "id": "denmark-sweden-17", "name": "Denmark-Sweden 17", "color": "#34a89e", "feature_id": "denmark-sweden-17-0", "coordinates": [ 12.562760303895889, 56.105017254001815 ] }, "geometry": { "type": "MultiLineString", "coordinates": [ [ [ 12.53688535469269, 56.07508097728979 ], [ 12.5627603363627, 56.10501729156464 ], [ 12.58863531803252, 56.13493034275471 ] ] ] } },
{ "type": "Feature", "properties": { "id": "denmark-sweden-18", "name": "Denmark-Sweden 18", "color": "#373e98", "feature_id": "denmark-sweden-18-0", "coordinates": [ 12.643960278839915, 56.037278699095431 ] }, "geometry": { "type": "MultiLineString", "coordinates": [ [ [ 12.59215531553899, 56.03063574342069 ], [ 12.64396027883991, 56.03727869909543 ], [ 12.69576524214066, 56.04392051150332 ] ] ] } },
{ "type": "Feature", "properties": { "id": "dhiraagu-cable-network", "name": "Dhiraagu Cable Network", "color": "#b91f32", "feature_id": "dhiraagu-cable-network-0", "coordinates": [ 73.055172567594397, 3.0898789230643287 ] }, "geometry": { "type": "MultiLineString", "coordinates": [ [ [ 73.0715024714021, 6.62282641501328 ], [ 72.97150254224297, 6.12583003860034 ], [ 72.97082254272446, 5.60144040276534 ], [ 73.07082247188359, 5.10362255380632 ], [ 73.07082247188359, 4.85456632120503 ], [ 73.29035231636679, 4.46162953708165 ], [ 73.54035213926461, 4.21234578187178 ], [ 73.12502243348777, 3.82823430332105 ], [ 72.9556825534498, 3.60848816179888 ], [ 72.97732253811986, 3.27607968736001 ], [ 73.54475213614752, 1.9189083985385 ], [ 73.57502211470384, 1.01853421661552 ], [ 73.45559219930919, 0.28928715351482 ], [ 73.46652219156643, 0.06033853367042 ], [ 73.42688221964781, -0.29790985905373 ], [ 73.35002227409581, -0.44390665691854 ], [ 73.08918245887737, -0.60551971148173 ] ] ] } },
{ "type": "Feature", "properties": { "id": "dhiraagu-slt-submarine-cable-network", "name": "Dhiraagu-SLT Submarine Cable Network", "color": "#a44399", "feature_id": "dhiraagu-slt-submarine-cable-network-0", "coordinates": [ 76.842608804134969, 5.2211410384881329 ] }, "geometry": { "type": "MultiLineString", "coordinates": [ [ [ 79.87208765380376, 6.92703665683635 ], [ 79.20001812990387, 6.18155703253704 ], [ 74.25002163652778, 4.16491284997694 ], [ 73.5000221678345, 4.16666819886197 ] ] ] } },
{ "type": "Feature", "properties": { "id": "east-west-cable-ewc", "name": "East-West Cable (EWC)", "color": "#30ace2", "feature_id": "east-west-cable-ewc-0", "coordinates": [ -70.671752587220709, 17.388055736679384 ] }, "geometry": { "type": "MultiLineString", "coordinates": [ [ [ -76.71676141718653, 17.94995369457759 ], [ -76.27487173022533, 17.39502263470052 ], [ -75.37487236779336, 17.18018728748132 ], [ -74.69987284596934, 16.96510259943593 ], [ -71.99987475867334, 16.96510259943593 ], [ -70.6498757150253, 17.39502263470052 ], [ -69.86237627289727, 17.82393441253792 ], [ -69.29987667137726, 17.71680217900864 ], [ -67.49987794651324, 17.39502263470052 ], [ -66.14987890286528, 17.609605913225 ], [ -64.59715000283296, 18.41441211576626 ] ], [ [ -70.16178606079258, 18.6993638412382 ], [ -69.91862623304922, 18.14494356429621 ], [ -69.86237627289727, 17.82393441253792 ] ] ] } },
{ "type": "Feature", "properties": { "id": "eastern-caribbean-fiber-system-ecfs", "name": "Eastern Caribbean Fiber System (ECFS)", "color": "#b4d333", "feature_id": "eastern-caribbean-fiber-system-ecfs-0", "coordinates": [ -61.199882409489192, 14.328134935181945 ] }, "geometry": { "type": "MultiLineString", "coordinates": [ [ [ -61.65081209004632, 10.68626103278632 ], [ -61.53738217040116, 11.07398278122661 ], [ -61.53738217040116, 11.29470931956548 ], [ -61.53738217040116, 11.62547995956986 ], [ -61.64988209070518, 11.84577637362577 ], [ -61.79058199103206, 12.00877942133667 ], [ -61.87307193259536, 12.19152678955175 ], [ -61.81853197123201, 12.39573400002297 ], [ -61.48103221032005, 13.05415069529863 ], [ -61.20828240353852, 13.14546093885031 ], [ -61.19988240948919, 13.05415069529863 ], [ -59.84988336584115, 13.05415069529863 ], [ -59.60740353761622, 13.0844938006631 ], [ -59.84988336584115, 13.16371891791359 ], [ -60.74988272827321, 14.03846966626022 ], [ -60.97488256888116, 14.14758350694873 ], [ -61.00681254626166, 13.99450875569414 ], [ -61.19988240948919, 14.14758350694873 ], [ -61.19988240948919, 14.36565375922844 ], [ -61.09417248437512, 14.61545577671393 ], [ -61.36863228994518, 14.80115422479158 ], [ -61.53738217040116, 15.01857857375747 ], [ -61.53738217040116, 15.23578178303578 ], [ -61.64988209070518, 15.45276095932206 ], [ -61.60779212052211, 15.67620481817129 ], [ -61.43915723998465, 15.89279711133072 ], [ -61.41387225789681, 15.98876894276915 ], [ -61.53303217348278, 16.24132860028537 ], [ -61.76238201100919, 16.59002943805627 ], [ -61.85794194331368, 17.05148171404482 ], [ -62.09988177192116, 16.96510259943593 ], [ -62.54988145313723, 16.96510259943593 ], [ -62.72976132570857, 17.09087600571289 ], [ -62.6687472252876, 17.29043440784797 ], [ -62.72976132570857, 17.40237987467555 ], [ -63.07366108208678, 18.03104507514654 ], [ -63.05813109308835, 18.14494356429621 ], [ -63.05716109377556, 18.21768116250072 ], [ -63.22488097496117, 18.30522807897627 ], [ -63.4498808155692, 18.35862337215333 ], [ -64.12488033739322, 18.35862337215333 ], [ -64.34988017800117, 18.35862337215333 ], [ -64.59715000283296, 18.41441211576626 ] ], [ [ -61.53738217040116, 15.23578178303578 ], [ -61.37068228849287, 15.25207749991982 ] ] ] } },
{ "type": "Feature", "properties": { "id": "ec-link", "name": "EC Link", "color": "#663c97", "feature_id": "ec-link-0", "coordinates": [ -65.190346785379745, 11.278035921849968 ] }, "geometry": { "type": "MultiLineString", "coordinates": [ [ [ -61.64929209112319, 10.68769570802283 ], [ -62.09988177192116, 11.29470931956548 ], [ -63.89988049678528, 11.51526615803877 ], [ -65.69987922164921, 11.18436706643671 ], [ -68.39987730894529, 11.73565016140583 ], [ -68.89264695986267, 12.09043961830498 ] ] ] } },
{ "type": "Feature", "properties": { "id": "elektra-globalconnect-1-gc1", "name": "Elektra-GlobalConnect 1 (GC1)", "color": "#c88129", "feature_id": "elektra-globalconnect-1-gc1-0", "coordinates": [ 11.931558055236268, 54.290652868559256 ] }, "geometry": { "type": "MultiLineString", "coordinates": [ [ [ 11.94000577752764, 54.5772362672834 ], [ 11.92506578811128, 54.49397229925472 ], [ 11.92506578811128, 54.29748595281839 ], [ 12.13248564117328, 54.0791774165702 ] ] ] } },
{ "type": "Feature", "properties": { "id": "emerald-bridge-fibres", "name": "Emerald Bridge Fibres", "color": "#ec1c24", "feature_id": "emerald-bridge-fibres-0", "coordinates": [ -5.3933373814043986, 53.54170333979512 ] }, "geometry": { "type": "MultiLineString", "coordinates": [ [ [ -6.19797137335898, 53.41013850693277 ], [ -5.62492177931272, 53.54157968163075 ], [ -5.09074215773059, 53.54186491531681 ], [ -4.63039248384655, 53.30633550153628 ] ] ] } },
{ "type": "Feature", "properties": { "id": "aec-1", "name": "AEC-1", "color": "#923c96", "feature_id": "aec-1-0", "coordinates": [ -40.622320401925371, 46.637263056146722 ] }, "geometry": { "type": "MultiLineString", "coordinates": [ [ [ -9.23214922391893, 54.20711352067886 ], [ -9.56241898995274, 54.55925876578231 ], [ -10.79991811329676, 55.07780072164767 ], [ -12.59991683816078, 55.07780072164767 ], [ -16.19991428788883, 54.29748595281839 ], [ -23.39990918734485, 52.41790126031551 ], [ -39.59989771112098, 46.89076287862233 ], [ -50.39989006030513, 44.21300917863173 ], [ -61.19988240948919, 42.07923561816413 ], [ -68.39987730894529, 41.0693404382162 ], [ -71.09987539624129, 40.47295490579834 ], [ -72.87218414072115, 40.80058099504527 ] ] ] } },
{ "type": "Feature", "properties": { "id": "esat-2", "name": "ESAT-2", "color": "#27baad", "feature_id": "esat-2-0", "coordinates": [ -4.6153197583467112, 53.53513602111024 ] }, "geometry": { "type": "MultiLineString", "coordinates": [ [ [ -6.21540136101143, 53.3317112890075 ], [ -5.62492177931272, 53.43513085622588 ], [ -3.59992321384075, 53.63571515699508 ], [ -3.00637363431676, 53.64793339883295 ] ] ] } },
{ "type": "Feature", "properties": { "id": "est-tet", "name": "Est-Tet", "color": "#2ca887", "feature_id": "est-tet-0", "coordinates": [ -5.1749220980966912, 35.953047318525535 ] }, "geometry": { "type": "MultiLineString", "coordinates": [ [ [ -5.3918119444499, 35.56591893442133 ], [ -5.17492209809674, 35.78566189952622 ], [ -5.17492209809674, 36.24065523321488 ], [ -5.14587211867601, 36.42741977174601 ] ] ] } },
{ "type": "Feature", "properties": { "id": "farice-1", "name": "FARICE-1", "color": "#62bd60", "feature_id": "farice-1-0", "coordinates": [ -6.5567326130043195, 63.179471746966534 ] }, "geometry": { "type": "MultiLineString", "coordinates": [ [ [ -6.92795085623465, 62.24411205903701 ], [ -6.89724753814123, 62.40594616938365 ], [ -7.19992066356871, 62.71239189403062 ], [ -7.19992066356871, 63.32486213107881 ] ], [ [ -3.34621339357106, 58.61541952086163 ], [ -3.82492305444869, 58.75856894488295 ], [ -3.82492305444869, 59.45171731890513 ], [ -3.14992353262467, 60.35428947498098 ], [ -2.69992385140869, 61.87557078357141 ], [ -2.69992385140869, 62.08696177092747 ], [ -5.39992193870468, 62.91797878525185 ], [ -7.19992066356871, 63.32486213107881 ], [ -10.79991811329676, 64.70468599661176 ], [ -10.79991811329676, 65.08652060243699 ], [ -12.1499171569448, 65.27540872550333 ], [ -13.49991620059275, 65.27540872550333 ], [ -14.01807583352361, 65.25084981890578 ] ] ] } },
{ "type": "Feature", "properties": { "id": "fehmarn-blt", "name": "Fehmarn Bält", "color": "#af4298", "feature_id": "fehmarn-blt-0", "coordinates": [ 11.260634989711626, 54.599844524432548 ] }, "geometry": { "type": "MultiLineString", "coordinates": [ [ [ 11.21256629285276, 54.49618504236196 ], [ 11.25006626628735, 54.59302163749783 ], [ 11.35856618942513, 54.66306630403638 ] ] ] } },
{ "type": "Feature", "properties": { "id": "fiber-optic-gulf-fog", "name": "Fiber Optic Gulf (FOG)", "color": "#2859a8", "feature_id": "fiber-optic-gulf-fog-0", "coordinates": [ 51.619007540901144, 27.175477152805563 ] }, "geometry": { "type": "MultiLineString", "coordinates": [ [ [ 51.30003789451161, 27.36466799386026 ], [ 50.85003821329572, 26.56251314923671 ], [ 50.57601840741415, 26.22949483839126 ] ], [ [ 52.65003693815965, 26.56251314923671 ], [ 52.08753733663965, 26.05828756029904 ], [ 51.51927773920008, 25.29460875802463 ] ], [ [ 47.97484025011305, 29.37410420420039 ], [ 48.60003980721571, 28.95155473219332 ], [ 49.16253940873571, 28.55704546571133 ], [ 50.17503869147161, 27.86309157699361 ], [ 51.30003789451161, 27.36466799386026 ], [ 51.97503741633572, 26.9643047345629 ], [ 52.65003693815965, 26.56251314923671 ], [ 53.55003630059162, 25.75470426341523 ], [ 54.90003534423966, 25.55188275942587 ], [ 55.30853505485483, 25.26935399813018 ] ] ] } },
{ "type": "Feature", "properties": { "id": "fibralink", "name": "Fibralink", "color": "#c83a26", "feature_id": "fibralink-0", "coordinates": [ -74.900474667267204, 18.151229656501879 ] }, "geometry": { "type": "MultiLineString", "coordinates": [ [ [ -77.92138056441902, 18.46935759322733 ], [ -77.73737069477338, 18.50093000268804 ], [ -77.2873710135573, 18.50093000268804 ], [ -77.10324114340065, 18.39866138308805 ] ], [ [ -73.79987348353728, 19.95262290516439 ], [ -73.57487364292933, 19.10440547593045 ], [ -72.80265418997682, 18.86477035965584 ], [ -72.60866432740104, 18.86504478169787 ] ], [ [ -76.66662145270618, 17.94977294265973 ], [ -76.27487173022533, 17.609605913225 ], [ -75.37487236779336, 17.609605913225 ], [ -74.81237276627336, 18.25181631902822 ], [ -74.36237308505729, 19.31687611162871 ], [ -73.79987348353728, 19.95262290516439 ] ], [ [ -73.79987348353728, 19.95262290516439 ], [ -73.3498738023213, 20.37504125346543 ], [ -71.54987507745727, 20.37504125346543 ], [ -70.98737547593727, 20.16397503197587 ], [ -70.6911856857609, 19.79943635579718 ] ] ] } },
{ "type": "Feature", "properties": { "id": "finland-estonia-2-eesf-2", "name": "Finland-Estonia 2 (EESF-2)", "color": "#b91e4e", "feature_id": "finland-estonia-2-eesf-2-0", "coordinates": [ 25.130248626444899, 59.786970221998551 ] }, "geometry": { "type": "MultiLineString", "coordinates": [ [ [ 24.75249670103896, 59.43639985926234 ], [ 25.08755646367936, 59.679663707209 ], [ 25.20005638398347, 59.9624316341522 ], [ 25.08755646367936, 60.07486799642317 ], [ 24.93247657353962, 60.17116318894055 ] ] ] } },
{ "type": "Feature", "properties": { "id": "flag-atlantic-1-fa-1", "name": "FLAG Atlantic-1 (FA-1)", "color": "#80479b", "feature_id": "flag-atlantic-1-fa-1-0", "coordinates": [ -37.9308101244673, 42.841990373407711 ] }, "geometry": { "type": "MultiLineString", "coordinates": [ [ [ -5.67492174389228, 50.06393817056209 ], [ -6.29992130113674, 50.09514516168246 ], [ -8.09992002600077, 49.87814473780419 ], [ -10.79991811329676, 49.58728674004685 ], [ -16.19991428788883, 48.40638249553803 ], [ -23.39990918734485, 47.19740739556967 ], [ -39.59989771112098, 43.07331078300322 ], [ -50.39989006030513, 40.04369219283004 ], [ -61.19988240948919, 39.35121757117122 ], [ -68.39987730894529, 39.87122513561614 ], [ -71.6786849862071, 41.09701835105607 ], [ -72.16564464124031, 41.21759602670316 ], [ -72.36584449941695, 41.21759602670316 ], [ -72.82077417714041, 41.14638300214584 ], [ -73.19440391245767, 41.02249813475488 ], [ -73.34411380640174, 40.90945238298863 ] ], [ [ -73.65597358547731, 40.60068600870845 ], [ -71.09987539624129, 39.87122513561614 ], [ -68.39987730894529, 39.6983233549332 ], [ -61.19988240948919, 39.00237890905839 ], [ -50.39989006030513, 39.52498733351167 ], [ -39.59989771112098, 42.41235450073586 ], [ -23.39990918734485, 46.5823550820958 ], [ -16.19991428788883, 46.5823550820958 ], [ -5.39992193870468, 49.29468421942562 ], [ -4.49992257627272, 49.29468421942562 ], [ -3.59992321384075, 49.14772788577412 ], [ -2.81242377171271, 48.8525034083485 ], [ -2.76779380332893, 48.53493868323478 ] ] ] } },
{ "type": "Feature", "properties": { "id": "flag-north-asia-loopreach-north-asia-loop", "name": "FLAG North Asia Loop/REACH North Asia Loop", "color": "#c6b12e", "feature_id": "flag-north-asia-loopreach-north-asia-loop-0", "coordinates": [ 139.60237302402345, 30.689317362291842 ] }, "geometry": { "type": "MultiLineString", "coordinates": [ [ [ 121.02775554672928, 20.93310564677346 ], [ 118.79999007691224, 21.11148598348881 ], [ 116.54999167083223, 20.90143978523765 ], [ 115.19999262718419, 21.11148598348881 ], [ 114.13129338426104, 21.84429407917369 ], [ 113.93202352542546, 22.22765094080705 ], [ 114.30004326471693, 21.84429407917369 ], [ 115.19999262718419, 21.42595132790301 ], [ 116.54999167083223, 21.216397899942 ], [ 118.79999007691224, 21.63529738485955 ], [ 120.12788799225589, 21.66680565299917 ], [ 121.02775554672928, 21.66680565299917 ], [ 121.94998784542422, 22.46944396482952 ], [ 122.39998752664029, 24.01990020343248 ], [ 122.17498768603225, 24.53265756616073 ], [ 121.80144795065142, 24.86350411248779 ], [ 122.17498768603225, 24.94136317175375 ], [ 122.84998720785636, 24.94136317175375 ], [ 125.99998497636834, 24.32780311165181 ], [ 128.69998306366443, 24.12261698700344 ], [ 132.74998019460836, 24.53265756616073 ], [ 137.24997700676838, 27.76358852605777 ], [ 138.82497589102445, 29.34456698948981 ], [ 139.72497525345642, 30.90139608851551 ], [ 140.17497493467252, 32.43331330641721 ], [ 140.62497461588839, 33.93964008831966 ], [ 140.45622473483661, 34.69072647741027 ], [ 140.1785441559671, 34.96779987634099 ], [ 140.09059999384857, 35.01384769751837 ], [ 140.01677504674288, 35.03600308716484 ], [ 140.07653750381061, 35.01384769751837 ], [ 140.16448179519193, 34.96779987634099 ], [ 140.42809975476052, 34.69072647741027 ], [ 140.51247469558447, 33.93964008831966 ], [ 139.94997509406446, 32.43331330641721 ], [ 139.04997573163232, 31.47882267273615 ], [ 137.69997668798445, 30.70813999354164 ], [ 134.99997860068837, 29.93125070442692 ], [ 132.74998019460836, 29.93125070442692 ], [ 130.49998178852834, 30.12604984672283 ], [ 129.5999824260964, 30.90139608851551 ], [ 129.37498258548837, 31.67051304708713 ], [ 129.37498258548837, 32.8123187832876 ], [ 129.48748250579229, 34.31215165223547 ], [ 128.99949285148878, 35.17037876180022 ], [ 128.81248298396835, 34.31215165223547 ], [ 128.24998338244836, 32.8123187832876 ], [ 128.0249835418403, 31.67051304708713 ], [ 127.34998402001638, 29.54050774539449 ], [ 127.12498417940834, 28.55704546571133 ], [ 125.99998497636834, 26.1593079707739 ], [ 125.66248521545637, 25.55188275942587 ], [ 125.32498545454442, 24.12261698700344 ], [ 124.42498609211226, 22.05298561667754 ], [ 122.84998720785636, 21.11148598348881 ], [ 121.02775554672928, 20.93310564677346 ] ] ] } },
{ "type": "Feature", "properties": { "id": "flores-corvo-cable-system", "name": "Flores-Corvo Cable System", "color": "#425daa", "feature_id": "flores-corvo-cable-system-0", "coordinates": [ -30.995581748343383, 39.63909968175782 ] }, "geometry": { "type": "MultiLineString", "coordinates": [ [ [ -28.64751546989137, 38.52540431175965 ], [ -28.79990536193692, 38.38775473578444 ], [ -29.69990472436889, 38.65181171271134 ], [ -30.59990408680095, 39.35121757117122 ], [ -31.12842371239275, 39.46251104100099 ], [ -31.10815372675206, 39.5668202756421 ], [ -31.11050372508737, 39.67224286345835 ], [ -30.59990408680095, 39.52498733351167 ], [ -28.79990536193692, 39.00237890905839 ], [ -28.1249058401129, 38.91489898424152 ], [ -27.96338595453508, 39.01140845880094 ] ] ] } },
{ "type": "Feature", "properties": { "id": "gemini-bermuda", "name": "Gemini Bermuda", "color": "#d73426", "feature_id": "gemini-bermuda-0", "coordinates": [ -67.466573113029582, 37.616071228426861 ] }, "geometry": { "type": "MultiLineString", "coordinates": [ [ [ -74.04709330840446, 40.12349265823708 ], [ -71.09987539624129, 39.52498733351167 ], [ -67.41654467221427, 37.58978657360306 ], [ -64.79987985921724, 34.68301765985797 ], [ -64.12488033739322, 33.56549148235204 ], [ -63.89988049678528, 32.8123187832876 ], [ -64.23738025769724, 32.43331330641721 ], [ -64.7674091796907, 32.31223462116531 ] ] ] } },
{ "type": "Feature", "properties": { "id": "geo-eirgrid", "name": "Geo-Eirgrid", "color": "#50c3c9", "feature_id": "geo-eirgrid-0", "coordinates": [ -4.5655466754901299, 53.586722425341584 ] }, "geometry": { "type": "MultiLineString", "coordinates": [ [ [ -6.16584139612018, 53.52654276893218 ], [ -5.62492177931272, 53.70236555668246 ], [ -3.33083340446638, 53.45193909085112 ], [ -3.02756361930562, 53.20172844509667 ] ] ] } },
{ "type": "Feature", "properties": { "id": "georgia-russia", "name": "Georgia-Russia", "color": "#ee7122", "feature_id": "georgia-russia-0", "coordinates": [ 39.988092624170037, 43.242341938186257 ] }, "geometry": { "type": "MultiLineString", "coordinates": [ [ [ 38.66083230000073, 44.32520489999982 ], [ 38.67787891632564, 43.88277492065505 ], [ 39.37504634228764, 43.5644004971176 ], [ 39.72611609358651, 43.61550655406996 ], [ 39.82504602350353, 43.40114497315395 ], [ 40.50004554532764, 42.74371346443669 ], [ 41.40004490775961, 42.24601493182971 ], [ 41.66752471827441, 42.14675635811542 ] ] ] } },
{ "type": "Feature", "properties": { "id": "germany-denmark-3", "name": "Germany-Denmark 3", "color": "#e61d2d", "feature_id": "germany-denmark-3-0", "coordinates": [ 12.037565708415386, 54.382543338167743 ] }, "geometry": { "type": "MultiLineString", "coordinates": [ [ [ 11.94000577752764, 54.5772362672834 ], [ 12.03756570841539, 54.49397229925472 ], [ 12.03756570841539, 54.29748595281839 ], [ 12.14957562906648, 54.19157680986677 ] ] ] } },
{ "type": "Feature", "properties": { "id": "glo-1", "name": "Glo-1", "color": "#3665b0", "feature_id": "glo-1-0", "coordinates": [ -18.744837688538002, 20.289425974077716 ] }, "geometry": { "type": "MultiLineString", "coordinates": [ [ [ -0.20431561932097, 5.55828588990586 ], [ -0.44992544532868, 3.279837005485 ], [ -0.44992544532868, 2.15612146870566 ] ], [ [ -4.54440254476274, 50.82820142743812 ], [ -6.07488146055706, 50.38295743994838 ], [ -7.64992034478469, 49.73293362369082 ], [ -9.8999187508647, 48.70423463096067 ], [ -14.39991556302481, 44.05151922873524 ], [ -14.39991556302481, 39.6983233549332 ], [ -13.49991620059275, 35.78566189952622 ], [ -12.82491667876882, 33.18971466460047 ], [ -12.59991683816078, 30.12604984672283 ], [ -13.24783202918155, 28.16105226222079 ], [ -14.62491540363276, 26.9643047345629 ], [ -17.54991333153687, 22.88465411388244 ], [ -18.89991237518483, 19.95262290516439 ], [ -18.89991237518483, 14.80115422479158 ], [ -18.89991237518483, 11.73565016140583 ], [ -17.54991333153687, 8.63569941732747 ], [ -13.04991651937677, 4.16491284997694 ], [ -10.79991811329676, 1.9182287802156 ], [ -3.59992321384075, 1.9182287802156 ], [ -0.44992544532868, 2.15612146870566 ], [ 1.5750731201432, 3.26681481681567 ], [ 2.25007264196731, 3.37912556824992 ], [ 2.7000723231832, 4.16491284997694 ], [ 3.42351181069211, 6.43906691148463 ] ] ] } },
{ "type": "Feature", "properties": { "id": "southern-caribbean-fiber", "name": "Southern Caribbean Fiber", "color": "#44c0bb", "feature_id": "southern-caribbean-fiber-0", "coordinates": [ -63.106187025004914, 16.267778494508416 ] }, "geometry": { "type": "MultiLineString", "coordinates": [ [ [ -62.22175668617986, 16.77071704667729 ], [ -62.21233169285664, 16.83045355356255 ], [ -62.15608173270459, 16.85741975834432 ], [ -62.04363181236518, 16.80362710417877 ] ], [ [ -62.85054881207158, 17.89791564702223 ], [ -63.05603109457603, 17.877381240665 ], [ -63.1686310148092, 17.93095470636069 ], [ -63.1686310148092, 18.03795789706954 ], [ -63.07814455016464, 18.08992880691782 ] ], [ [ -64.81925984548825, 17.7739092693757 ], [ -64.57488001860921, 17.98451196747751 ], [ -64.12488033739322, 17.93100227773123 ], [ -63.92488047907496, 17.18018728748132 ], [ -62.37488157710876, 15.45276095932206 ], [ -61.76238201100919, 14.69236003137439 ], [ -61.31238232979321, 14.14758350694873 ] ], [ [ -61.71594204390775, 16.02893825919871 ], [ -61.87488193131321, 15.88603571907903 ], [ -61.98738185161723, 15.94013010690926 ], [ -63.05613109450518, 17.18018728748132 ], [ -63.17071434666634, 17.4228532632948 ], [ -63.11238105465723, 17.77032870649733 ], [ -63.22488097496117, 17.8774288264081 ], [ -63.22488097496117, 18.03795789706954 ], [ -63.07814455016464, 18.08992880691782 ] ], [ [ -66.10666893347558, 18.46610423294742 ], [ -65.69987922164921, 18.5187100385906 ], [ -65.36237946073724, 18.46536439313713 ], [ -65.08112965997725, 18.25181631902822 ], [ -64.68737993891322, 18.09143512435714 ], [ -64.12488033739322, 18.14494356429621 ], [ -63.4498808155692, 18.25181631902822 ], [ -63.22488097496117, 18.19834063464636 ], [ -63.07814455016464, 18.08992880691782 ] ], [ [ -61.57168214610275, 16.24447966793286 ], [ -61.47013221804175, 15.98876894276915 ], [ -61.49527220023222, 15.89279711133072 ], [ -61.60779212052211, 15.83866113843122 ], [ -61.71594204390775, 16.02893825919871 ] ], [ [ -61.20828240353852, 13.14546093885031 ], [ -61.59343213069483, 13.05415069529863 ], [ -61.9309318916068, 12.39573400002297 ], [ -61.93133189132347, 12.19152678955175 ], [ -61.79058199103206, 12.00877942133667 ] ], [ [ -60.98660256057858, 14.03240625862267 ], [ -61.19988240948919, 13.92930384327183 ], [ -61.42488225009723, 13.49212817646408 ], [ -61.42488225009723, 13.27323815754759 ], [ -61.20828240353852, 13.14546093885031 ] ], [ [ -64.81925984548825, 17.7739092693757 ], [ -64.68737993891322, 18.09143512435714 ] ], [ [ -61.31238232979321, 14.14758350694873 ], [ -61.19988240948919, 14.03846966626022 ], [ -60.98660256057858, 14.03240625862267 ] ], [ [ -61.31238232979321, 14.14758350694873 ], [ -60.97488256888116, 14.25664499455348 ], [ -60.74988272827321, 14.14758350694873 ], [ -59.84988336584115, 13.27323815754759 ], [ -59.60740353761622, 13.0844938006631 ] ], [ [ -61.09417248437512, 14.61545577671393 ], [ -61.31238232979321, 14.80115422479158 ], [ -61.42488225009723, 15.01857857375747 ], [ -61.39251227302841, 15.30803675816112 ], [ -61.53738217040116, 15.45276095932206 ], [ -61.72028204083323, 15.83866113843122 ], [ -61.71594204390775, 16.02893825919871 ] ], [ [ -61.71594204390775, 16.02893825919871 ], [ -61.87488193131321, 15.99422144725193 ], [ -62.09988177192116, 16.53419619825972 ], [ -62.04363181236518, 16.80362710417877 ], [ -61.98738185161723, 16.96510259943593 ], [ -61.84688195174463, 17.15954993343898 ] ], [ [ -62.72976132570857, 17.29863554651867 ], [ -63.05613109450518, 17.18018728748132 ] ], [ [ -61.09417248437512, 14.61545577671393 ], [ -61.14363244933723, 14.36565375922844 ], [ -61.14363244933723, 14.14758350694873 ], [ -60.98660256057858, 14.03240625862267 ] ], [ [ -61.79058199103206, 12.00877942133667 ], [ -61.81483197385321, 11.86143517263066 ], [ -61.64988209070518, 11.29470931956548 ], [ -61.59363213055321, 11.07398278122661 ], [ -61.64929209112319, 10.68769570802283 ] ] ] } },
{ "type": "Feature", "properties": { "id": "globalconnect-2-gc2", "name": "GlobalConnect 2 (GC2)", "color": "#3880c2", "feature_id": "globalconnect-2-gc2-0", "coordinates": [ 11.284722502689345, 57.483603421231344 ] }, "geometry": { "type": "MultiLineString", "coordinates": [ [ [ 10.51666678583443, 57.33104423288555 ], [ 10.80006658507127, 57.45103605396468 ], [ 11.70006594750324, 57.51151320633319 ], [ 12.07623568102131, 57.4876890992735 ] ] ] } },
{ "type": "Feature", "properties": { "id": "globalconnect-3-gc3", "name": "GlobalConnect 3 (GC3)", "color": "#d13829", "feature_id": "globalconnect-3-gc3-0", "coordinates": [ 10.974669081828283, 55.332308618126412 ] }, "geometry": { "type": "MultiLineString", "coordinates": [ [ [ 11.14938633761007, 55.32605364145998 ], [ 11.02506642567931, 55.33458061322904 ], [ 10.79957658541844, 55.32441516057587 ] ] ] } },
{ "type": "Feature", "properties": { "id": "globalconnect-kpn", "name": "GlobalConnect-KPN", "color": "#e03225", "feature_id": "globalconnect-kpn-0", "coordinates": [ 11.828189393563592, 54.286824689205325 ] }, "geometry": { "type": "MultiLineString", "coordinates": [ [ [ 11.94000577752764, 54.5772362672834 ], [ 11.81256586780735, 54.49397229925472 ], [ 11.81256586780735, 54.29748595281839 ], [ 12.13248564117328, 54.0791774165702 ] ] ] } },
{ "type": "Feature", "properties": { "id": "globenet", "name": "GlobeNet", "color": "#c22c75", "feature_id": "globenet-0", "coordinates": [ -62.418786026552866, 11.735650161405832 ] }, "geometry": { "type": "MultiLineString", "coordinates": [ [ [ -80.08893155227202, 26.35058457732 ], [ -79.64986933934534, 26.66309415109522 ], [ -77.84987061448132, 27.36466799386026 ], [ -76.94987125204935, 27.16466581281352 ], [ -73.3498738023213, 24.53265756616073 ], [ -69.29987667137726, 22.46944396482952 ], [ -67.94987762772922, 20.58581909604039 ], [ -67.83737770742529, 18.67864702215472 ], [ -68.17487746833726, 17.82393441253792 ], [ -68.39987730894529, 15.23578178303578 ], [ -67.49987794651324, 12.61539556739339 ], [ -67.27487810590529, 11.29470931956548 ], [ -66.96042832866438, 10.59958821255264 ], [ -66.71237850438528, 10.85308969074528 ], [ -65.69987922164921, 11.40500914753295 ], [ -63.89988049678528, 11.73565016140583 ], [ -62.99988113435322, 11.73565016140583 ], [ -61.19988240948919, 11.73565016140583 ], [ -59.39988368462517, 11.29470931956548 ], [ -54.89988687246515, 9.08033076823294 ], [ -51.2998894227371, 6.85219109875433 ], [ -46.79989261057708, 5.06198695441611 ], [ -40.94989675476902, 1.46842676733197 ], [ -39.149898029905, -1.23131575021741 ], [ -38.54296845985959, -3.71873512929109 ] ] ] } },
{ "type": "Feature", "properties": { "id": "globenet", "name": "GlobeNet", "color": "#7b489c", "feature_id": "globenet-1", "coordinates": [ -39.352354256634648, 2.1887377733791298 ] }, "geometry": { "type": "MultiLineString", "coordinates": [ [ [ -80.08893155227202, 26.35058457732 ], [ -79.64986933934534, 26.81379948794079 ], [ -77.84987061448132, 28.95155473219332 ], [ -76.49987157083336, 30.90139608851551 ], [ -75.14987252718532, 33.56549148235204 ], [ -74.47487300595729, 35.54192681258013 ], [ -73.91237340443729, 39.00237890905839 ], [ -74.33781310245581, 39.60388206573738 ], [ -73.3498738023213, 39.35121757117122 ], [ -71.09987539624129, 39.00237890905839 ], [ -68.31654403464633, 37.58978657360306 ], [ -65.69987922164921, 34.68301765985797 ], [ -64.57488001860921, 33.56549148238552 ], [ -64.12488033739322, 32.8123187832876 ], [ -64.23738025769724, 32.52821504536491 ], [ -64.7674091796907, 32.31223462116531 ], [ -64.34988017800117, 31.28673881439175 ], [ -57.59988495976114, 22.05298561667754 ], [ -52.19988878516916, 15.66951322515525 ], [ -46.79989261057708, 10.41081650540272 ], [ -38.69989834868901, 1.46842676733197 ], [ -38.02489882686499, -1.23131575021741 ], [ -38.54296845985959, -3.71873512929109 ], [ -35.99990026139302, -3.47926867897006 ], [ -34.199901536529, -4.15276774801364 ], [ -32.17490296483791, -5.4979506821245 ], [ -31.27490360862497, -9.29042430103552 ], [ -32.84990249288096, -13.69898726961074 ], [ -34.64990121774498, -18.02642638371345 ], [ -38.02489882686499, -22.87343495354633 ], [ -40.94989675476902, -23.90596926179026 ], [ -42.29989579841706, -23.70017546819822 ], [ -43.20956515399876, -22.90348655549796 ], [ -42.29989579841706, -23.59715656726005 ], [ -40.94989675476902, -23.70010845220312 ], [ -38.36239858777696, -22.56211951183571 ], [ -35.54990058017695, -18.02642638371345 ], [ -33.74990185531301, -13.69898726961074 ], [ -31.9499031304489, -9.29042430103552 ], [ -32.51240272885988, -5.83380111633244 ], [ -34.199901536529, -4.48930768862928 ], [ -35.99990026139302, -3.70382647066824 ], [ -38.54296845985959, -3.71873512929109 ] ], [ [ -68.39987730894529, 15.23578178303578 ], [ -70.19987603380923, 14.80115422479158 ], [ -71.54987507745727, 14.14758350694873 ], [ -74.24987316475335, 12.83486881784652 ], [ -74.92487268657729, 11.73565016140583 ], [ -74.77975278938153, 10.94044561572664 ] ] ] } },
{ "type": "Feature", "properties": { "id": "go-1-mediterranean-cable-system", "name": "GO-1 Mediterranean Cable System", "color": "#49b751", "feature_id": "go-1-mediterranean-cable-system-0", "coordinates": [ 13.336982061256101, 36.642482372416303 ] }, "geometry": { "type": "MultiLineString", "coordinates": [ [ [ 12.59137531609161, 37.65058617278613 ], [ 12.71256523023932, 37.23235432155614 ], [ 13.05006499115128, 36.87321951208928 ], [ 14.06256427388736, 36.05897312258681 ], [ 14.41188402642597, 35.95058770661474 ] ] ] } },
{ "type": "Feature", "properties": { "id": "gondwana-1", "name": "Gondwana-1", "color": "#583c97", "feature_id": "gondwana-1-0", "coordinates": [ 158.55470339591537, -27.95238431854148 ] }, "geometry": { "type": "MultiLineString", "coordinates": [ [ [ 151.20699711948467, -33.86955173177822 ], [ 152.01359716589357, -33.76115742340548 ], [ 154.79996457419256, -32.23291009389603 ], [ 157.49996266148847, -28.74381028114989 ], [ 165.59995692337671, -22.66596996779479 ], [ 166.43925632880911, -22.30330806462013 ] ] ] } },
{ "type": "Feature", "properties": { "id": "oteglobe-kokkini-bari", "name": "OTEGLOBE Kokkini-Bari", "color": "#eb8d22", "feature_id": "oteglobe-kokkini-bari-0", "coordinates": [ 19.374724344658791, 39.985815870402398 ] }, "geometry": { "type": "MultiLineString", "coordinates": [ [ [ 16.86881228591497, 41.12570905852263 ], [ 18.00006148452737, 41.15410110990123 ], [ 18.67506100635148, 40.89949091487166 ], [ 19.12506068756738, 40.38732029077508 ], [ 19.23756060787149, 40.04369219283004 ], [ 19.92399012159847, 39.75405284068902 ], [ 19.12506068756738, 40.04369219283004 ], [ 19.01256076726345, 40.38732029077508 ], [ 18.56256108604737, 40.81440215469873 ], [ 18.00006148452737, 41.0693404382162 ], [ 16.86881228591497, 41.12570905852263 ] ] ] } },
{ "type": "Feature", "properties": { "id": "greenland-connect-north", "name": "Greenland Connect North", "color": "#b1542d", "feature_id": "greenland-connect-north-0", "coordinates": [ -53.999887510033091, 66.401218486089647 ] }, "geometry": { "type": "MultiLineString", "coordinates": [ [ [ -51.72996911806463, 64.1812188111394 ], [ -52.19988878516916, 64.12167519439019 ], [ -52.87488830699309, 64.31739001144432 ], [ -53.09988814760113, 64.70468599661157 ], [ -53.09988814760113, 65.08652060243699 ], [ -52.90572233117305, 65.40767479539332 ], [ -53.54988782881711, 65.5562256550423 ], [ -53.99988751003309, 65.83404693088374 ], [ -53.99988751003309, 66.38080449917227 ], [ -53.99988751003309, 66.56045213116762 ], [ -53.67338536157225, 66.93947156321055 ], [ -54.22488735064113, 67.0039445723606 ], [ -54.44988719124917, 67.26621947299489 ], [ -54.44988719124917, 68.12014116880253 ], [ -53.54988782881711, 68.61776755908163 ], [ -52.85911591887746, 68.70697594519784 ] ] ] } },
{ "type": "Feature", "properties": { "id": "greenland-connect", "name": "Greenland Connect", "color": "#f47920", "feature_id": "greenland-connect-0", "coordinates": [ -47.191261354260966, 59.826345721780775 ] }, "geometry": { "type": "MultiLineString", "coordinates": [ [ [ -53.96027753868921, 48.20755282132369 ], [ -53.54988782881711, 48.0692013806548 ], [ -53.09988814760113, 48.25679856894745 ], [ -52.19988878516916, 48.70423463096067 ], [ -49.49989069787308, 50.74028189394816 ], [ -49.04989101665709, 51.86557165559819 ], [ -50.84988974152112, 60.13094286609847 ], [ -51.74988910395308, 61.23255301306618 ], [ -52.64988846638514, 62.71239189403062 ], [ -52.64988846638514, 63.52617342379121 ], [ -51.97488894456112, 63.82549832634276 ], [ -51.72996911806463, 64.1812188111394 ], [ -51.86238902425711, 63.82549832634276 ], [ -52.4248886257771, 63.52617342379121 ], [ -52.19988878516916, 62.71239189403062 ], [ -50.39989006030513, 61.23255301306618 ], [ -48.59989133544111, 60.35428947498098 ], [ -46.79989261057708, 59.679663707209 ], [ -45.89989324814503, 59.45171731890513 ], [ -43.19989516084903, 59.22222391484431 ], [ -27.89990599950495, 61.01524141470424 ], [ -22.49990982491288, 62.08696177092747 ], [ -20.92491094065689, 63.32486213107881 ], [ -20.14185149538349, 63.64236719714476 ] ], [ [ -46.03539315215566, 60.71902841019273 ], [ -46.3498929293611, 60.35428947498098 ], [ -46.79989261057708, 59.679663707209 ] ] ] } },
{ "type": "Feature", "properties": { "id": "guam-okinawa-kyushu-incheon-goki", "name": "Guam Okinawa Kyushu Incheon (GOKI)", "color": "#48b64e", "feature_id": "guam-okinawa-kyushu-incheon-goki-0", "coordinates": [ 131.44483294188089, 21.902304279180385 ] }, "geometry": { "type": "MultiLineString", "coordinates": [ [ [ 144.80036165800522, 13.5136853395933 ], [ 144.44997190622448, 13.92930384327183 ], [ 138.59997605041642, 17.39502263470052 ], [ 131.84998083217641, 21.63529738485955 ], [ 128.69998306366443, 23.7112581424843 ], [ 127.57498386062441, 24.94136317175375 ], [ 127.12498417940834, 25.95717997876434 ], [ 127.12498417940834, 26.56251314923671 ], [ 128.0249835418403, 28.55704546571133 ], [ 128.24998338244836, 29.54050774539449 ], [ 128.92498290427227, 30.5144959597591 ], [ 129.03748282457639, 31.67051304708713 ], [ 129.5999824260964, 33.56549148235204 ], [ 130.04998210731227, 33.93964008831966 ], [ 130.45721181882723, 34.03316211713014 ], [ 131.0319114117045, 33.83952016970107 ] ], [ [ 127.12498417940834, 25.95717997876434 ], [ 127.46248394032031, 26.1593079707739 ], [ 127.68084378563216, 26.21241412675043 ] ] ] } },
{ "type": "Feature", "properties": { "id": "guernsey-jersey-4", "name": "Guernsey-Jersey-4", "color": "#3d7abe", "feature_id": "guernsey-jersey-4-0", "coordinates": [ -2.389985809619759, 49.312806290096752 ] }, "geometry": { "type": "MultiLineString", "coordinates": [ [ [ -2.20138420457885, 49.24804518533205 ], [ -2.36242409049663, 49.29468421942562 ], [ -2.55807395189651, 49.42332570943015 ] ] ] } },
{ "type": "Feature", "properties": { "id": "gulf-bridge-international-cable-systemmiddle-east-north-africa-cable-system-gbicsmena", "name": "Gulf Bridge International Cable System/Middle East North Africa Cable System (GBICS/MENA)", "color": "#b8d432", "feature_id": "gulf-bridge-international-cable-systemmiddle-east-north-africa-cable-system-gbicsmena-0", "coordinates": [ 64.406300965581337, 22.116248705748358 ] }, "geometry": { "type": "MultiLineString", "coordinates": [ [ [ 49.27503932903964, 28.95155473219332 ], [ 49.16253940873571, 28.85306725522626 ] ], [ [ 56.33372432860119, 25.12169000495864 ], [ 56.70003406910378, 25.34871742211671 ], [ 56.86878394955967, 26.1593079707739 ], [ 56.70003406910378, 26.56251314923671 ], [ 56.2500343878877, 26.56251314923671 ], [ 55.80003470667163, 26.20978541224739 ], [ 55.35003502545574, 25.95717997876434 ], [ 53.55003630059162, 25.95717997876434 ], [ 52.20003725694376, 25.85598546607221 ], [ 51.45198778686903, 25.53892654713276 ], [ 51.75003757572769, 26.1593079707739 ], [ 51.75003757572769, 26.56251314923671 ], [ 51.52503773511965, 26.9643047345629 ], [ 50.85003821329572, 27.36466799386026 ], [ 50.17503869147161, 28.16105226222079 ], [ 49.16253940873571, 28.85306725522626 ], [ 48.60003980721571, 29.0499486444657 ], [ 47.97484025011305, 29.37410420420039 ] ], [ [ 56.33372432860119, 25.12169000495864 ], [ 57.09378379016771, 25.34871742211671 ], [ 57.09378379016771, 26.1593079707739 ], [ 56.92503390971164, 26.56251314923671 ], [ 56.2500343878877, 26.76358656961991 ], [ 55.80003470667163, 26.5121895020518 ], [ 55.35003502545574, 26.5121895020518 ], [ 53.55003630059162, 26.46184379618898 ], [ 53.10003661937573, 26.56251314923671 ], [ 52.42503709755162, 26.9643047345629 ], [ 51.75003757572769, 27.36466799386026 ], [ 50.40003853207964, 28.55704546571133 ], [ 49.27503932903964, 28.95155473219332 ], [ 48.82503964782375, 29.54050774539449 ], [ 48.5317798555716, 29.92363278689715 ] ], [ [ 58.1762030233719, 23.68487753168473 ], [ 58.33128291351164, 23.91710129093513 ], [ 58.50003279396771, 24.12261698700344 ] ], [ [ 50.65618835062081, 26.24158617858068 ], [ 51.07503805390375, 26.56251314923671 ], [ 51.52503773511965, 26.9643047345629 ] ], [ [ 50.21419866373056, 26.28537535931817 ], [ 50.23128865162375, 26.46184379618898 ], [ 50.40003853207964, 26.9643047345629 ], [ 50.85003821329572, 27.36466799386026 ] ], [ [ 50.84271821848139, 28.97034864285834 ], [ 50.40003853207964, 28.55704546571133 ] ], [ [ 56.33372432860119, 25.12169000495864 ], [ 56.92503390971164, 24.76271979101905 ], [ 58.50003279396771, 24.12261698700344 ], [ 59.85003265596724, 24.73717420686441 ], [ 63.90002896855988, 22.46944396482952 ], [ 66.60002705585578, 20.58581909604039 ], [ 70.20002450558383, 19.8468404054317 ], [ 72.87590260996693, 19.07607425728523 ] ] ] } },
{ "type": "Feature", "properties": { "id": "hantru1-cable-system", "name": "HANTRU1 Cable System", "color": "#45469c", "feature_id": "hantru1-cable-system-0", "coordinates": [ 155.96659845524127, 9.8585067534559734 ] }, "geometry": { "type": "MultiLineString", "coordinates": [ [ [ 159.0702615490743, 7.78640475872378 ], [ 158.84996170513668, 8.63569941732747 ], [ 158.84996170513668, 9.52441134501949 ] ], [ [ 167.39995564824065, 8.63569941732747 ], [ 169.64995405432066, 7.74488905255145 ], [ 171.38027, 7.08971 ] ], [ [ 144.69470173285575, 13.46477296237014 ], [ 144.8437216272884, 13.27323815754759 ], [ 145.34997126865645, 12.94453386866297 ], [ 146.24997063108842, 12.39573400002297 ], [ 147.14996999352056, 11.95585820711473 ], [ 149.39996839960057, 11.29470931956548 ], [ 151.19996712446451, 10.41081650540272 ], [ 158.84996170513668, 9.52441134501949 ], [ 163.7999581985126, 9.08033076823294 ], [ 167.39995564824065, 8.63569941732747 ], [ 167.40581564408944, 9.1864874758232 ] ] ] } },
{ "type": "Feature", "properties": { "id": "hawaiki", "name": "Hawaiki", "color": "#3851a3", "feature_id": "hawaiki-0", "coordinates": [ -169.40629188424063, -1.1960056555101188 ] }, "geometry": { "type": "MultiLineString", "coordinates": [ [ [ 179.99994672228891, -23.90596926179026 ], [ 173.69995118526478, -28.15031603584589 ], [ 170.9999530979687, -29.13761316160992 ], [ 166.94995596702458, -32.61276000573574 ], [ 165.59995692337671, -34.11602012163193 ] ], [ [ -173.6998027134901, -11.94394493174681 ], [ -172.07822386223177, -12.89421363936305 ], [ -170.99980462619399, -13.69898726961074 ], [ -170.69570484162125, -14.2765445641588 ] ], [ [ -158.05689434939785, 21.33542220573338 ], [ -157.83731395062591, 21.13480616748229 ], [ -157.61231411001796, 21.13480616748229 ], [ -157.49981418971396, 21.1697795638807 ], [ -157.38731427000602, 21.35616448233013 ], [ -152.99981737755394, 25.34871742211671 ], [ -147.6030982105313, 30.51642550590137 ], [ -138.60310458621126, 35.05406343239751 ], [ -128.24983491067374, 42.74371346443669 ], [ -125.09983714216159, 45.17267324698427 ], [ -124.19983777972962, 45.80361417369449 ], [ -123.52483825790569, 45.80361417369449 ], [ -122.98980067585488, 45.52289882456297 ] ], [ [ -158.05689434939785, 21.33542220573338 ], [ -158.2873136318419, 20.79630610510887 ], [ -159.07481307396995, 18.67864702215472 ], [ -161.99981100187398, 13.05415069529863 ], [ -167.39980717646606, 2.36791255870541 ], [ -171.44980430741009, -4.82569249921742 ], [ -172.79980335105813, -10.17745743036107 ], [ -173.6998027134901, -11.94394493174681 ], [ -176.39980080078607, -18.45381377577717 ], [ -179.99979825051412, -23.90596926179026 ] ], [ [ 174.57446056575412, -36.1261499070875 ], [ 174.59995054769675, -35.59302880961419 ], [ 174.14995086648068, -34.85783936223576 ], [ 172.79995182283281, -34.11602012163193 ], [ 165.59995692337671, -34.11602012163193 ], [ 159.29996138635258, -35.04226072286534 ], [ 155.69996393662453, -34.85783936223576 ], [ 152.09996648689665, -34.30209296887181 ], [ 151.20699711948467, -33.86955173177822 ] ], [ [ -176.39980080078607, -18.45381377577717 ], [ -174.82480191354969, -18.560495634149 ], [ -173.98368251298305, -18.64767868485859 ] ] ] } },
{ "type": "Feature", "properties": { "id": "hawk", "name": "Hawk", "color": "#ad4599", "feature_id": "hawk-0", "coordinates": [ 15.621483023223544, 34.380693652625261 ] }, "geometry": { "type": "MultiLineString", "coordinates": [ [ [ 32.46665123625969, 34.76657169708598 ], [ 31.50005192041171, 34.15713799994263 ], [ 29.645663234674, 32.84186407440696 ], [ 28.68266219511189, 32.22813703671877 ] ], [ [ 5.37253042998907, 43.29362778902908 ], [ 5.85007009169536, 41.74435878948223 ], [ 6.97506929473537, 38.65181171271134 ], [ 7.65006881655929, 37.94551049545967 ], [ 9.00006785961144, 37.67887792909206 ], [ 10.34861722976928, 37.67887792909206 ], [ 10.91256650537538, 37.32187222983504 ], [ 11.47506610570358, 37.23235432155614 ], [ 12.26256554902342, 36.24065523321488 ], [ 12.60006530993539, 35.78566189952622 ], [ 13.16256491145757, 35.41978051708035 ], [ 14.40006403479932, 34.68301765985797 ], [ 16.65006244087933, 34.12610104005753 ], [ 19.35006052817542, 34.49779087043369 ], [ 22.0500586148756, 34.29666313310539 ], [ 25.20005638398347, 33.56549148235204 ], [ 28.66495596458733, 32.24321001626274 ], [ 29.8935130590948, 31.19146507763845 ] ] ] } },
{ "type": "Feature", "properties": { "id": "exa-north-and-south", "name": "EXA North and South", "color": "#4cb96a", "feature_id": "exa-north-and-south-0", "coordinates": [ -5.766007052696966, 55.067817143282014 ] }, "geometry": { "type": "MultiLineString", "coordinates": [ [ [ -70.95027550281526, 42.46364601310954 ], [ -69.29987667137726, 42.57825408607285 ], [ -65.69987922164921, 42.74371346443669 ], [ -63.89988049678528, 44.05151922873524 ], [ -63.57249072871117, 44.65322870491472 ], [ -61.19988240948919, 44.53466416326733 ], [ -50.39989006030513, 46.73677946695437 ], [ -39.59989771112098, 49.87814473780419 ], [ -23.39990918734485, 54.03403825672422 ], [ -16.19991428788883, 54.81936191424915 ], [ -12.59991683816078, 55.33458061322904 ], [ -8.99991938843273, 55.58970711313177 ], [ -6.67619103458378, 55.41575931316105 ], [ -6.0749214605287, 55.33458061322904 ], [ -4.9499222574887, 54.36308597431902 ], [ -4.9499222574887, 54.10005748241058 ], [ -4.83737233722015, 53.96791403087396 ], [ -3.59992321384075, 53.70236555668246 ], [ -3.00637363431676, 53.64793339883295 ], [ -3.59992321384075, 53.56895929103051 ], [ -5.62492177931272, 53.36805813650216 ], [ -6.2483113376977, 53.34812463259513 ], [ -5.62492177931272, 53.23359531864929 ], [ -5.39992193870468, 52.69150159464696 ], [ -5.62492177931272, 52.14259270367212 ], [ -7.19992066356871, 51.44682015166956 ], [ -10.79991811329676, 50.74028189394816 ], [ -16.19991428788883, 50.74028189394816 ], [ -23.39990918734485, 51.30637567738274 ], [ -39.59989771112098, 49.29468421942562 ], [ -50.39989006030513, 46.11643477220242 ], [ -61.19988240948919, 44.37405751055857 ], [ -63.57249072871117, 44.65322870491472 ] ], [ [ -6.67619103458378, 55.13093005815963 ], [ -6.67619103458378, 55.41575931316105 ] ] ] } },
{ "type": "Feature", "properties": { "id": "exa-express", "name": "EXA Express", "color": "#b03d2b", "feature_id": "exa-express-0", "coordinates": [ -33.541045155833068, 49.628833328882791 ] }, "geometry": { "type": "MultiLineString", "coordinates": [ [ [ -3.01086363113602, 51.29364574899648 ], [ -4.04992289505673, 51.44682015166956 ], [ -5.39992193870468, 51.30637567738274 ], [ -7.19992066356871, 51.30637567738274 ], [ -10.79991811329676, 50.59767719905356 ], [ -16.19991428788883, 50.45463912589396 ], [ -23.39990918734485, 50.74028189394816 ], [ -39.59500294438848, 48.96533145710388 ], [ -50.39499529357263, 45.766420912645 ], [ -61.19988240948919, 44.21300917863173 ], [ -63.57581072635926, 44.64617857076308 ] ], [ [ -8.47271976190595, 51.89860855381128 ], [ -7.64992034478469, 51.5868339800541 ], [ -7.19992066356871, 51.30637567738274 ] ] ] } },
{ "type": "Feature", "properties": { "id": "high-capacity-undersea-guernsey-optical-fibre-hugo", "name": "High-capacity Undersea Guernsey Optical-fibre (HUGO)", "color": "#57bf9b", "feature_id": "high-capacity-undersea-guernsey-optical-fibre-hugo-0", "coordinates": [ -4.1418581135246875, 49.674988056927326 ] }, "geometry": { "type": "MultiLineString", "coordinates": [ [ [ -2.53757396641887, 49.50954697267552 ], [ -3.59992321384075, 49.58728674004685 ], [ -4.49992257627272, 49.73293362369082 ], [ -5.39992193870468, 49.80559362880803 ], [ -5.6545117583509, 50.04314791189429 ] ], [ [ -2.55822395179018, 49.42685110088373 ], [ -2.92492369201673, 49.29468421942562 ], [ -3.45988331304633, 48.8734168344501 ], [ -3.45988331304633, 48.73055297916871 ] ] ] } },
{ "type": "Feature", "properties": { "id": "hokkaido-sakhalin-cable-system-hscs", "name": "Hokkaido-Sakhalin Cable System (HSCS)", "color": "#adc136", "feature_id": "hokkaido-sakhalin-cable-system-hscs-0", "coordinates": [ 141.2325731513499, 44.94776832877892 ] }, "geometry": { "type": "MultiLineString", "coordinates": [ [ [ 141.31540412678189, 43.17117526599852 ], [ 141.07497429710446, 43.5644004971176 ], [ 141.07497429710446, 44.05151922873524 ], [ 141.2999741377125, 45.33107107332486 ], [ 141.63747389862448, 46.27218285381365 ], [ 141.85935374144279, 46.68485289093097 ] ] ] } },
{ "type": "Feature", "properties": { "id": "honotua", "name": "Honotua", "color": "#ba8c34", "feature_id": "honotua-0", "coordinates": [ -153.67475227041388, 1.043334882323639 ] }, "geometry": { "type": "MultiLineString", "coordinates": [ [ [ -155.83140598217537, 20.03998810568653 ], [ -156.26231506696601, 19.74098736552494 ], [ -156.5998148272819, 19.10440547593045 ], [ -156.5998148272819, 18.25181631902822 ], [ -154.79981610241796, 5.95781868108853 ], [ -150.29981929025786, -13.69898726961074 ], [ -149.39981992842198, -17.16855309422616 ], [ -149.44108067057505, -17.51215245847912 ], [ -149.56857057763543, -17.43325875363778 ], [ -149.73731968933393, -17.37958466116903 ], [ -149.8295103855952, -17.53831879598871 ] ], [ [ -149.73731968933393, -17.37958466116903 ], [ -150.07481944964991, -17.27600887012678 ], [ -150.74981897147401, -16.95345498980991 ], [ -151.03106950464166, -16.84581334779892 ], [ -150.99996952686269, -16.72959691367663 ] ], [ [ -151.03106950464166, -16.84581334779892 ], [ -151.19981865269, -16.73619516814374 ], [ -151.36856925702767, -16.68232030577119 ], [ -151.44297920183911, -16.73053543114992 ] ], [ [ -151.36856925702767, -16.68232030577119 ], [ -151.4810691744897, -16.52060477977994 ], [ -151.64981833450199, -16.4666694364009 ], [ -151.74947897696899, -16.50585915193275 ] ] ] } },
{ "type": "Feature", "properties": { "id": "i2i-cable-network-i2icn", "name": "i2i Cable Network (i2icn)", "color": "#d86526", "feature_id": "i2i-cable-network-i2icn-0", "coordinates": [ 92.973965238629376, 8.7941672431721596 ] }, "geometry": { "type": "MultiLineString", "coordinates": [ [ [ 80.24298739105474, 13.06385310188338 ], [ 81.45001653598388, 12.39573400002297 ], [ 83.70001494206389, 11.29470931956548 ], [ 89.10001111665605, 9.96791518697413 ], [ 93.1500082476, 8.74082894506794 ], [ 95.40000665368001, 7.74488905255145 ], [ 97.42500521915215, 6.74048172492119 ], [ 99.45000378462413, 5.28606986082101 ], [ 100.23750322675217, 4.61359157886277 ], [ 100.68750290796805, 3.26681481681567 ], [ 101.25000250948806, 2.70508116033576 ], [ 102.15000187192003, 2.14308717847186 ], [ 102.68279723997186, 1.75500667379548 ], [ 103.34065102845322, 1.35588605605332 ], [ 103.50000091556807, 1.25729927808518 ], [ 103.64609081207688, 1.3385858520715 ] ] ] } },
{ "type": "Feature", "properties": { "id": "ingrid", "name": "INGRID", "color": "#41b549", "feature_id": "ingrid-0", "coordinates": [ -2.3702775130576912, 49.340573616278469 ] }, "geometry": { "type": "MultiLineString", "coordinates": [ [ [ -2.02131433214203, 49.22527732021623 ], [ -1.91642440644707, 49.25668077735236 ], [ -1.65002459516718, 49.28328299965514 ] ], [ [ -2.52941397219947, 49.4510471803252 ], [ -2.3041741317616, 49.29468421942562 ], [ -2.20138420457885, 49.24804518533205 ] ] ] } },
{ "type": "Feature", "properties": { "id": "interchange-cable-network-1-icn1", "name": "Interchange Cable Network 1 (ICN1)", "color": "#cd2b42", "feature_id": "interchange-cable-network-1-icn1-0", "coordinates": [ 173.4391172213758, -18.356908573044453 ] }, "geometry": { "type": "MultiLineString", "coordinates": [ [ [ 168.32300499434405, -17.73050232618011 ], [ 168.63745477158477, -17.9194162021147 ], [ 169.19995437310476, -18.13337156420761 ], [ 177.29994863499283, -18.560495634149 ], [ 178.08744807652479, -18.560495634149 ], [ 178.43744782917764, -18.12381094353719 ] ] ] } },
{ "type": "Feature", "properties": { "id": "globalconnect-denmark-sweden", "name": "GlobalConnect Denmark-Sweden", "color": "#3465b0", "feature_id": "globalconnect-denmark-sweden-0", "coordinates": [ 12.642148694188203, 55.526080187888766 ] }, "geometry": { "type": "MultiLineString", "coordinates": [ [ [ 12.4150054410335, 55.64755479097472 ], [ 12.48756538963128, 55.55790652931397 ], [ 12.60006530993539, 55.52608018788872 ], [ 12.71256523023932, 55.52608018788872 ], [ 12.91666508565313, 55.53356806062786 ] ] ] } },
{ "type": "Feature", "properties": { "id": "italy-albania", "name": "Italy-Albania", "color": "#a8842d", "feature_id": "italy-albania-0", "coordinates": [ 18.160839301623419, 41.238752328966598 ] }, "geometry": { "type": "MultiLineString", "coordinates": [ [ [ 16.86881228591497, 41.12570905852263 ], [ 18.00006148452737, 41.2387523289666 ], [ 19.12506068756738, 41.2387523289666 ], [ 19.45006045733454, 41.31691028026608 ] ] ] } },
{ "type": "Feature", "properties": { "id": "italy-croatia", "name": "Italy-Croatia", "color": "#c23f2f", "feature_id": "italy-croatia-0", "coordinates": [ 12.863045445529735, 45.331071073324864 ] }, "geometry": { "type": "MultiLineString", "coordinates": [ [ [ 12.25740911740422, 45.49608242788426 ], [ 12.37606546861898, 45.33107107332486 ], [ 13.27506483175932, 45.33107107332486 ], [ 13.53347821342503, 45.43327669518639 ] ] ] } },
{ "type": "Feature", "properties": { "id": "italy-greece-1-ig-1", "name": "Italy-Greece 1 (IG-1)", "color": "#55b847", "feature_id": "italy-greece-1-ig-1-0", "coordinates": [ 19.282686617727276, 39.9505406592124 ] }, "geometry": { "type": "MultiLineString", "coordinates": [ [ [ 18.48570114049574, 40.14820187022187 ], [ 18.67506100635148, 40.04369219283004 ], [ 19.80006020939149, 39.87122513561614 ], [ 19.96881008984738, 39.78479013330389 ], [ 19.96881008984738, 39.74158952932109 ], [ 20.01546005680019, 39.68362591227569 ] ] ] } },
{ "type": "Feature", "properties": { "id": "italy-libya", "name": "Italy-Libya", "color": "#2767b2", "feature_id": "italy-libya-0", "coordinates": [ 12.848474053890431, 35.265103678646945 ] }, "geometry": { "type": "MultiLineString", "coordinates": [ [ [ 12.59137531609161, 37.65058617278613 ], [ 12.54381534978342, 37.23235432155614 ], [ 12.60006530993539, 36.87321951208928 ], [ 12.82506515054743, 35.41978051708035 ], [ 13.16256491145539, 33.18971466460047 ], [ 13.18736489388688, 32.87762290319534 ] ] ] } },
{ "type": "Feature", "properties": { "id": "italy-monaco", "name": "Italy-Monaco", "color": "#51459c", "feature_id": "italy-monaco-0", "coordinates": [ 8.0986095731861436, 43.807874841340798 ] }, "geometry": { "type": "MultiLineString", "coordinates": [ [ [ 7.42672897477544, 43.7382556879356 ], [ 7.87506865716733, 43.72721479104982 ], [ 8.32506833838323, 43.88958773629964 ], [ 8.48375822596588, 44.30574823054251 ] ] ] } },
{ "type": "Feature", "properties": { "id": "jaka2ladema", "name": "JaKa2LaDeMa", "color": "#4a499e", "feature_id": "jaka2ladema-0", "coordinates": [ 109.58819599144201, -2.6068289429743916 ] }, "geometry": { "type": "MultiLineString", "coordinates": [ [ [ 117.55106096166544, 0.32727657600023 ], [ 117.89999071448027, 0.11858841888831 ], [ 119.24998975812831, -1.0063589512248 ], [ 119.38846966002788, -1.14207496698932 ] ], [ [ 111.14999549624025, -3.47926867897006 ], [ 112.04999485867221, -3.92832730414264 ], [ 112.94999422110418, -3.92832730414264 ], [ 114.07499342414418, -3.70382647066824 ], [ 114.60399304939611, -3.32758682857312 ] ], [ [ 109.97196633076723, -1.85872398669323 ], [ 109.57499661198416, -1.90605839438477 ], [ 109.34999677137613, -2.13091848096033 ] ], [ [ 109.33554678161278, -0.02702139228827 ], [ 108.89999709016024, -0.44390665691854 ], [ 109.12499693076828, -1.681168935905 ], [ 109.34999677137613, -2.13091848096033 ], [ 109.79999645259221, -3.02999596800866 ], [ 110.47499597441613, -3.47926867897006 ], [ 111.14999549624025, -3.47926867897006 ], [ 111.59999517745614, -3.25465736479768 ], [ 111.75292506911941, -2.84927429301217 ] ], [ [ 114.09716340843899, -8.61516713556057 ], [ 114.41249318505615, -8.89372313185862 ], [ 114.97499278657615, -8.89372313185862 ], [ 115.22152261133631, -8.65666126844956 ] ], [ [ 116.08153200269351, -8.5859988882005 ], [ 115.87499214900831, -8.56606431442608 ], [ 115.53749238809615, -8.59585207442683 ], [ 115.33144253346806, -8.53671429127552 ] ] ] } },
{ "type": "Feature", "properties": { "id": "jakabare", "name": "JAKABARE", "color": "#33af85", "feature_id": "jakabare-0", "coordinates": [ 107.05910632420758, -1.5220792479338443 ] }, "geometry": { "type": "MultiLineString", "coordinates": [ [ [ 104.84999995921611, 1.35596103499925 ], [ 104.62500011860807, 1.35596103499925 ], [ 104.20156041857692, 1.32881850578011 ], [ 103.98701057056589, 1.38945139680023 ] ], [ [ 104.13320046700375, 1.17368566337722 ], [ 104.28790035741287, 1.20158714822704 ], [ 104.62500011860807, 1.29972618212934 ], [ 104.84999995921611, 1.35596103499925 ], [ 105.29999964043219, 1.24349007697804 ], [ 106.87499852468808, -0.33140932966026 ], [ 107.15324832757338, -2.13091848096033 ], [ 107.269748245044, -3.02999596800866 ], [ 107.5499980465122, -4.60145376483711 ], [ 107.09999836529612, -5.2739443636413 ], [ 107.12099835041957, -5.98115426026328 ] ], [ [ 109.18222689022609, -0.06139135719504 ], [ 108.89999709016024, 0.0060885832432 ], [ 106.87499852468808, -0.33140932966026 ] ] ] } },
{ "type": "Feature", "properties": { "id": "janna", "name": "Janna", "color": "#ba9f39", "feature_id": "janna-0", "coordinates": [ 10.712867976420361, 38.11928817607388 ] }, "geometry": { "type": "MultiLineString", "coordinates": [ [ [ 9.10944778272155, 39.21560881748069 ], [ 9.45006754142323, 38.73961531382567 ], [ 11.70006594750324, 37.6343456033406 ], [ 12.59137531609161, 37.65058617278613 ] ], [ [ 9.49644750797137, 40.92357574660862 ], [ 9.9000672220434, 41.09760615413818 ], [ 10.57506674386733, 41.4358459502491 ], [ 11.25006626628735, 41.74435878948223 ], [ 11.7968458789436, 42.09141425047343 ] ] ] } },
{ "type": "Feature", "properties": { "id": "chi", "name": "CHI", "color": "#ae4b9c", "feature_id": "chi-0", "coordinates": [ -139.97348724589224, 28.711891969535909 ] }, "geometry": { "type": "MultiLineString", "coordinates": [ [ [ -158.22066328843266, 21.4634468234482 ], [ -158.39981354930393, 21.63529738485955 ], [ -158.39981245229697, 21.73983373091106 ], [ -158.17481371153798, 22.05298561667754 ], [ -157.94981387092994, 22.26136967834061 ], [ -152.99981737755394, 24.53265756616073 ], [ -147.6030982105313, 27.36665711536373 ], [ -138.60310458621126, 28.95351457990228 ], [ -127.79983522945767, 32.0527080234862 ], [ -122.39983905486586, 34.68301765985797 ], [ -120.8472016490899, 35.3670782517171 ] ] ] } },
{ "type": "Feature", "properties": { "id": "jerry-newton", "name": "Jerry Newton", "color": "#4365af", "feature_id": "jerry-newton-0", "coordinates": [ -68.590592219214898, 12.158312080067464 ] }, "geometry": { "type": "MultiLineString", "coordinates": [ [ [ -68.28414739152544, 12.16381473615243 ], [ -68.51237722924922, 12.17588718550798 ], [ -68.89264695986267, 12.09043961830498 ] ] ] } },
{ "type": "Feature", "properties": { "id": "jonah", "name": "Jonah", "color": "#43b549", "feature_id": "jonah-0", "coordinates": [ 24.544287801333393, 34.852792973860993 ] }, "geometry": { "type": "MultiLineString", "coordinates": [ [ [ 34.76967960477271, 32.04501185826483 ], [ 33.75005032708761, 32.52821504536491 ], [ 31.05005223979153, 33.28381101905092 ], [ 25.20005638398347, 34.68301765985797 ], [ 23.34443269554493, 35.16342965688123 ], [ 22.0500586154715, 35.87687057009283 ], [ 19.80006020939149, 37.67887792909206 ], [ 19.18276064669226, 39.48474996079946 ], [ 18.90006084695934, 40.04369219283004 ], [ 18.78756092665541, 40.38732029077508 ], [ 18.00006148452737, 40.98447035812857 ], [ 16.86881228591497, 41.12570905852263 ] ] ] } },
{ "type": "Feature", "properties": { "id": "kattegat-2", "name": "Kattegat 2", "color": "#7fc241", "feature_id": "kattegat-2-0", "coordinates": [ 11.914794736272331, 56.937015158885089 ] }, "geometry": { "type": "MultiLineString", "coordinates": [ [ [ 10.51461678728665, 57.24491811100573 ], [ 10.68756666476734, 57.23857647500989 ], [ 10.96695646684505, 57.27264724087425 ] ], [ [ 11.1992863022604, 57.31375088583712 ], [ 11.70006594750324, 57.02488552657649 ], [ 12.15006562871931, 56.8407386421455 ], [ 12.68336525092491, 56.68336908123943 ] ] ] } },
{ "type": "Feature", "properties": { "id": "kodiak-kenai-fiber-link-kkfl", "name": "Kodiak Kenai Fiber Link (KKFL)", "color": "#36bcac", "feature_id": "kodiak-kenai-fiber-link-kkfl-0", "coordinates": [ -151.6498183339059, 58.40126734741937 ] }, "geometry": { "type": "MultiLineString", "coordinates": [ [ [ -149.44767066574019, 60.1100493132619 ], [ -149.39981992782589, 59.9060699245743 ], [ -149.39981992782589, 59.679663707209 ], [ -149.84981960904187, 59.45171731890513 ], [ -151.19981865268991, 58.99117670269853 ], [ -151.42481849329786, 58.52439396084473 ], [ -151.42481849329786, 58.05131589106027 ], [ -151.87481817451393, 57.57189027900508 ], [ -152.32906855174062, 57.42449129028307 ], [ -152.09981801512188, 57.57189027900508 ], [ -152.09981801512188, 57.69234458026077 ], [ -152.39517850323762, 57.7944222178726 ], [ -152.09981801512188, 57.8123997505166 ], [ -151.6498183339059, 58.05131589106027 ], [ -151.6498183339059, 58.52439396084473 ], [ -152.32481785572992, 59.10689495719073 ], [ -152.32481785572992, 59.50884868221247 ], [ -152.09981801512188, 59.56588346342965 ], [ -151.54424912754024, 59.64656562201868 ], [ -152.09981801512188, 59.679663707209 ], [ -152.09981801512188, 59.9060699245743 ], [ -151.6498183339059, 60.35428947498098 ], [ -151.26871860388053, 60.55310253880064 ], [ -151.59185909261012, 60.70906894445236 ], [ -151.59185909261012, 60.86746620116504 ], [ -150.23341008926553, 61.21755833556848 ], [ -149.85841036439211, 61.21755833556848 ] ] ] } },
{ "type": "Feature", "properties": { "id": "korea-japan-cable-network-kjcn", "name": "Korea-Japan Cable Network (KJCN)", "color": "#b32d25", "feature_id": "korea-japan-cable-network-kjcn-0", "coordinates": [ 129.12059853162657, 35.101110555117138 ] }, "geometry": { "type": "MultiLineString", "coordinates": [ [ [ 131.0319114117045, 33.83952016970107 ], [ 130.49998178852834, 34.31215165223547 ], [ 128.99949285148878, 35.17037876180022 ], [ 130.04998210731227, 34.31215165223547 ], [ 130.40164185819341, 33.59022724332908 ] ] ] } },
{ "type": "Feature", "properties": { "id": "kuwait-iran", "name": "Kuwait-Iran", "color": "#c72379", "feature_id": "kuwait-iran-0", "coordinates": [ 49.260052533795346, 29.344566989489813 ] }, "geometry": { "type": "MultiLineString", "coordinates": [ [ [ 49.95003885086375, 29.4425846458374 ], [ 50.31204859441267, 29.24602743373373 ] ], [ [ 49.50003916964768, 29.34456698948981 ], [ 49.47806918521135, 29.07273641911172 ] ], [ [ 47.97484025011305, 29.37410420420039 ], [ 48.4875398869116, 29.34456698948981 ], [ 49.50003916964768, 29.34456698948981 ], [ 49.95003885086375, 29.4425846458374 ], [ 50.52112844629867, 29.57075335272714 ] ] ] } },
{ "type": "Feature", "properties": { "id": "lanis-1", "name": "Lanis-1", "color": "#53bc84", "feature_id": "lanis-1-0", "coordinates": [ -3.8299893271551118, 53.897572643313787 ] }, "geometry": { "type": "MultiLineString", "coordinates": [ [ [ -3.05075360287764, 53.80897597127547 ], [ -3.59992321384075, 53.86853064456715 ], [ -4.38722265611032, 53.96791403087396 ], [ -4.56662252902188, 54.10028616652028 ] ] ] } },
{ "type": "Feature", "properties": { "id": "lanis-2", "name": "Lanis-2", "color": "#324ca0", "feature_id": "lanis-2-0", "coordinates": [ -5.0806172646131502, 54.408690786113524 ] }, "geometry": { "type": "MultiLineString", "coordinates": [ [ [ -4.69142244061241, 54.22244561368989 ], [ -4.79142236977154, 54.28083898900154 ], [ -5.38429194977719, 54.54294403514443 ], [ -5.48434187890085, 54.54294403514443 ] ] ] } },
{ "type": "Feature", "properties": { "id": "latvia-sweden-1-lv-se-1", "name": "Latvia-Sweden 1 (LV-SE 1)", "color": "#43b549", "feature_id": "latvia-sweden-1-lv-se-1-0", "coordinates": [ 19.65951853992938, 58.019126320817584 ] }, "geometry": { "type": "MultiLineString", "coordinates": [ [ [ 21.57007895549364, 57.38972040842494 ], [ 21.15005925303935, 57.45103605396468 ], [ 19.57506036878345, 58.05131589106027 ], [ 18.33756124484344, 58.40671668748663 ], [ 18.00006148452737, 58.75856894488295 ], [ 17.94654152244152, 58.90309907219321 ] ] ] } },
{ "type": "Feature", "properties": { "id": "lfon-libyan-fiber-optic-network", "name": "LFON (Libyan Fiber Optic Network)", "color": "#36af8a", "feature_id": "lfon-libyan-fiber-optic-network-0", "coordinates": [ 18.627869380450015, 30.686408759572995 ] }, "geometry": { "type": "MultiLineString", "coordinates": [ [ [ 12.08336567597033, 32.93354641183939 ], [ 12.37506546932735, 33.00121852265448 ], [ 12.52985535967291, 32.77488568686176 ], [ 12.64224057302707, 32.96372252942492 ], [ 13.05006499115128, 33.00121852265448 ], [ 13.18736489388688, 32.87762290319534 ], [ 13.50006467236735, 33.00121852265448 ], [ 14.17506419419128, 32.8123187832876 ], [ 14.26451413082416, 32.6499893709631 ], [ 14.40006403479932, 32.8123187832876 ], [ 14.8500637160154, 32.8123187832876 ], [ 15.07506355662343, 32.62301664000789 ], [ 15.09498354251198, 32.37460980808494 ], [ 15.30006339723147, 32.33831157801293 ], [ 16.42506260027147, 31.47882267273615 ], [ 16.58844248453158, 31.20558735149696 ], [ 16.87506228148737, 31.28673881439175 ], [ 17.55006180331148, 31.28673881439175 ], [ 18.22506132513541, 30.90139608851551 ], [ 18.41197119272679, 30.58698997623593 ], [ 18.67506100635148, 30.70813999354164 ], [ 19.35006052817542, 30.70813999354164 ], [ 19.57652036774916, 30.37844764385373 ], [ 19.57506036878345, 30.70813999354164 ], [ 19.80006020939149, 31.86180860227073 ], [ 20.06676002045891, 32.11691354443609 ], [ 20.02506004999934, 32.43331330641721 ], [ 20.25005989060738, 32.7177179367584 ], [ 20.70005957182346, 32.8123187832876 ], [ 20.94995939479222, 32.71697755177159 ], [ 21.15005925303935, 33.00121852265448 ], [ 21.60005893425542, 33.00121852265448 ], [ 21.74175883387393, 32.88214108067166 ], [ 22.0500586154715, 33.00121852265448 ], [ 22.50005829668739, 33.00121852265448 ], [ 22.63911819817623, 32.76363502668908 ], [ 22.95005797790347, 32.8123187832876 ], [ 23.85005734033543, 32.43331330641721 ], [ 23.9604072621627, 32.07985133144836 ] ] ] } },
{ "type": "Feature", "properties": { "id": "libreville-port-gentil-cable", "name": "Libreville-Port Gentil Cable", "color": "#48c2c9", "feature_id": "libreville-port-gentil-cable-0", "coordinates": [ 8.9097687292445524, -0.0033774997582103725 ] }, "geometry": { "type": "MultiLineString", "coordinates": [ [ [ 8.78160801496643, -0.72065189999148 ], [ 8.77504926961281, -0.33140932966026 ], [ 9.02037784581966, 0.26594744418953 ], [ 9.45426753844821, 0.39446519185548 ] ] ] } },
{ "type": "Feature", "properties": { "id": "lower-indian-ocean-network-lion", "name": "Lower Indian Ocean Network (LION)", "color": "#c64d2b", "feature_id": "lower-indian-ocean-network-lion-0", "coordinates": [ 53.697537671430275, -19.685595665633734 ] }, "geometry": { "type": "MultiLineString", "coordinates": [ [ [ 57.51009349525022, -20.07753620563321 ], [ 56.70003406910378, -20.15254378601873 ], [ 55.80003470667163, -20.46905848545731 ], [ 55.57503486606377, -20.57441905727613 ], [ 55.54778488536792, -20.89726651520503 ], [ 55.35003502545574, -20.57441905727613 ], [ 52.20003725694376, -18.88013997510117 ], [ 49.40023924034702, -18.14608657022746 ] ] ] } },
{ "type": "Feature", "properties": { "id": "lower-indian-ocean-network-2-lion2", "name": "Lower Indian Ocean Network 2 (LION2)", "color": "#973a95", "feature_id": "lower-indian-ocean-network-2-lion2-0", "coordinates": [ 46.247408018834321, -11.943944931746815 ] }, "geometry": { "type": "MultiLineString", "coordinates": [ [ [ 45.45004203870374, -11.94394493174681 ], [ 45.16576224009028, -12.81709644553301 ] ], [ [ 39.70014611198386, -4.05030093949651 ], [ 42.30004427019158, -5.04985716736676 ], [ 43.20004363262354, -5.72187274783412 ], [ 45.45004203870374, -11.94394493174681 ], [ 47.25004076356767, -11.94394493174681 ], [ 48.60003980721571, -11.5033338459843 ], [ 49.50003916964768, -11.5033338459843 ], [ 50.40003853207964, -12.38384043318557 ], [ 51.75003757572769, -17.16855309422616 ], [ 52.20003725694376, -18.88013997510117 ] ] ] } },
{ "type": "Feature", "properties": { "id": "mainone", "name": "MainOne", "color": "#603f98", "feature_id": "mainone-0", "coordinates": [ -19.280078359401543, 10.541976821281889 ] }, "geometry": { "type": "MultiLineString", "coordinates": [ [ [ -3.59992321384075, 0.11858841888831 ], [ -3.92492298360782, 1.46842676733197 ], [ -4.04992289505673, 2.36791255870541 ], [ -4.04992289505673, 3.26681481681567 ], [ -4.02624291183188, 5.32350879182484 ] ], [ [ -19.80396554529307, 15.23578178303578 ], [ -18.44991269396884, 15.23578178303578 ], [ -17.44571340535295, 14.68659484199499 ] ], [ [ -0.20431561932097, 5.55828588990586 ], [ 0.0000742358873, 3.279837005485 ], [ 0.0000742358873, 0.80660484990868 ] ], [ [ -9.10743931226466, 38.64265833034634 ], [ -9.44991906964872, 38.21117903702318 ], [ -9.78741883056077, 37.23235432155614 ], [ -10.12491859147274, 35.78566189952622 ], [ -10.57491827268881, 33.93964008831966 ], [ -13.94991588180883, 29.73606949729215 ], [ -14.39991556302481, 28.95155473219332 ], [ -14.62491540363276, 28.16105226222079 ], [ -15.07491508484883, 26.9643047345629 ], [ -18.44991269396884, 22.88465411388244 ], [ -19.79991173761688, 19.95262290516439 ], [ -19.80412057669121, 15.23578178303578 ], [ -19.79991173761688, 11.73565016140583 ], [ -18.44991269396884, 8.63569941732747 ], [ -13.94991588180883, 3.26681481681567 ], [ -10.79991811329676, 0.11858841888831 ], [ -3.59992321384075, 0.11858841888831 ], [ 0.0000742358873, 0.80660484990868 ], [ 1.5750731201432, 1.9182287802156 ], [ 2.25007264196731, 2.48031178685874 ], [ 3.15007200439928, 4.16491284997694 ], [ 3.42351181069211, 6.43906691148463 ] ] ] } },
{ "type": "Feature", "properties": { "id": "malaysia-cambodia-thailand-mct-cable", "name": "Malaysia-Cambodia-Thailand (MCT) Cable", "color": "#b7922e", "feature_id": "malaysia-cambodia-thailand-mct-cable-0", "coordinates": [ 103.64806477790879, 7.3085850292657843 ] }, "geometry": { "type": "MultiLineString", "coordinates": [ [ [ 103.50000091556807, 8.1905434177955 ], [ 101.92500203131218, 9.52441134501949 ], [ 101.25000250948806, 11.29470931956548 ], [ 101.13750258918414, 12.17588718550798 ], [ 101.27734249012036, 12.67066215667058 ] ], [ [ 103.50674091079348, 10.63040170321047 ], [ 103.61250083587218, 9.52441134501949 ], [ 103.50000091556807, 8.1905434177955 ], [ 103.95000059678415, 5.51007171180325 ], [ 103.72500075617612, 4.61359157886277 ], [ 103.39521098980225, 4.11631007825961 ] ] ] } },
{ "type": "Feature", "properties": { "id": "mariana-guam-cable", "name": "Mariana-Guam Cable", "color": "#5e479c", "feature_id": "mariana-guam-cable-0", "coordinates": [ 145.40516004909406, 14.362316164146604 ] }, "geometry": { "type": "MultiLineString", "coordinates": [ [ [ 145.75114098446412, 15.17820120186444 ], [ 145.79997094987252, 15.07096902234221 ], [ 145.63747106498886, 15.01150849939949 ], [ 145.68747102956843, 14.80115422479158 ], [ 145.40822122739166, 14.36565375922844 ], [ 145.21247136606274, 14.15222817243935 ], [ 145.12497142804841, 13.92930384327183 ], [ 145.01247150774449, 13.71081773817964 ], [ 144.809541651502, 13.54909436314899 ] ] ] } },
{ "type": "Feature", "properties": { "id": "mataram-kupang-cable-system-mkcs", "name": "Mataram Kupang Cable System (MKCS)", "color": "#d4254a", "feature_id": "mataram-kupang-cable-system-mkcs-0", "coordinates": [ 121.44644788312534, -9.0683060038744117 ] }, "geometry": { "type": "MultiLineString", "coordinates": [ [ [ 118.0822205847911, -8.84114915636186 ], [ 117.89999071388438, -8.5865822751457 ], [ 117.56249095297241, -8.36403969965795 ], [ 117.33749111236438, -8.17849027894493 ], [ 117.22499119265616, -7.73282279439177 ] ], [ [ 116.65492159590312, -8.53709996997657 ], [ 116.54999167023632, -8.25272052197498 ], [ 116.54999167023632, -8.02998844295513 ], [ 116.77499151084437, -7.807134147544 ], [ 117.22499119265616, -7.73282279439177 ], [ 118.23749047539224, -7.73282279439177 ], [ 118.5749902363042, -7.95571709433465 ], [ 118.76036010439051, -8.3193179251154 ], [ 118.77186509624045, -8.39186454298267 ], [ 118.74490011534256, -8.46426902855707 ] ], [ [ 120.25301904757286, -9.64576589016045 ], [ 120.59998880177636, -9.29042430103552 ], [ 120.59998880177636, -9.06830600387441 ] ], [ [ 123.58338668830928, -10.18293973657086 ], [ 123.29998688907226, -10.01131980085648 ], [ 122.84998720726047, -9.91898426571572 ], [ 121.72498800422028, -9.17938254587128 ], [ 121.6427380624869, -8.84569446906206 ], [ 121.49998816420832, -9.06830600387441 ], [ 120.59998880177636, -9.06830600387441 ], [ 119.24998975812831, -9.06830600387441 ], [ 118.71181013937976, -8.79644401019415 ] ] ] } },
{ "type": "Feature", "properties": { "id": "matrix-cable-system", "name": "Matrix Cable System", "color": "#b0c335", "feature_id": "matrix-cable-system-0", "coordinates": [ 107.11651447578886, -2.2750520620073078 ] }, "geometry": { "type": "MultiLineString", "coordinates": [ [ [ 104.0166370000003, 1.06679800000035 ], [ 104.01992054725226, 1.21263718756784 ], [ 104.16611044369012, 1.23060309036257 ], [ 104.28790035741287, 1.18755270906178 ], [ 104.62500011860807, 1.1872527736941 ], [ 104.84999995921611, 1.13101432643172 ], [ 105.29999964043219, 1.13101432643172 ] ], [ [ 105.29999964043219, 1.13101432643172 ], [ 104.84999995921611, 1.24349007697804 ], [ 104.62500011860807, 1.22945585559392 ], [ 104.19443042362789, 1.29515985637734 ], [ 103.98701057056589, 1.38945139680023 ] ], [ [ 106.83339855415794, -6.17158807182412 ], [ 106.87499852468808, -5.2739443636413 ], [ 107.32499820590417, -4.60145376483711 ], [ 107.21349828489204, -3.02999596800866 ], [ 107.09799836671304, -2.13091848096033 ], [ 106.76249860438416, -0.33140932966026 ], [ 105.29999964043219, 1.13101432643172 ] ] ] } },
{ "type": "Feature", "properties": { "id": "maya-1-2", "name": "Maya-1.2", "color": "#934499", "feature_id": "maya-1-2-0", "coordinates": [ -83.449443241755603, 23.580227942199585 ] }, "geometry": { "type": "MultiLineString", "coordinates": [ [ [ -80.16016897784432, 26.0105486680108 ], [ -79.64986933934534, 25.34871742211671 ], [ -79.87486917995338, 24.73717827217609 ], [ -80.99986838299347, 23.7112581424843 ], [ -83.24986678907329, 23.7112581424843 ], [ -84.82486567332928, 22.67720619658292 ], [ -85.27486535454535, 21.63529738485955 ], [ -85.4998651951533, 20.37504125346543 ], [ -84.82486567332928, 19.10440547593045 ] ], [ [ -87.9461557876504, 15.8449815987426 ], [ -87.29986392001751, 16.53419619825972 ], [ -85.49986519515349, 18.25181631902822 ], [ -84.82486567332928, 19.10440547593045 ] ], [ [ -84.82486567332928, 19.10440547593045 ], [ -81.16676076149955, 19.28295591266266 ] ] ] } },
{ "type": "Feature", "properties": { "id": "med-cable-network", "name": "Med Cable Network", "color": "#3d80bf", "feature_id": "med-cable-network-0", "coordinates": [ 2.9223090225423949, 36.909953145927552 ] }, "geometry": { "type": "MultiLineString", "coordinates": [ [ [ 7.75543874191439, 36.90282046530194 ], [ 7.65006881655929, 37.23235432155614 ], [ 6.30006977291125, 38.65181171271134 ], [ 5.51257033078321, 41.74435878948223 ], [ 5.37253042998907, 43.29362778902908 ] ], [ [ 6.30006977291125, 38.65181171271134 ], [ 5.40007041047929, 38.21117903702318 ], [ 3.15007200439928, 37.05299936423364 ], [ 3.03571208541306, 36.76212778211003 ], [ 2.81257224348731, 37.05299936423364 ], [ 1.80007296075124, 37.05299936423364 ], [ 0.0000742358873, 36.33133835588799 ], [ -0.64201530925045, 35.70164113480836 ] ] ] } },
{ "type": "Feature", "properties": { "id": "melita-1", "name": "Melita 1", "color": "#824c9e", "feature_id": "melita-1-0", "coordinates": [ 14.70602567553396, 36.312829675471008 ] }, "geometry": { "type": "MultiLineString", "coordinates": [ [ [ 14.45875399322285, 35.93413648626412 ], [ 14.62506387540736, 36.1498667868178 ], [ 14.8500637160154, 36.60275474032976 ], [ 14.85387371331641, 36.73388287159158 ] ] ] } },
{ "type": "Feature", "properties": { "id": "mid-atlantic-crossing-mac", "name": "Mid-Atlantic Crossing (MAC)", "color": "#5bba46", "feature_id": "mid-atlantic-crossing-mac-0", "coordinates": [ -65.345233764959474, 19.101212129833563 ] }, "geometry": { "type": "MultiLineString", "coordinates": [ [ [ -74.24987316475335, 33.56549148235204 ], [ -75.59987220840131, 30.90139608851551 ], [ -77.39987093326533, 28.95155473219332 ], [ -79.19986965812936, 26.9643047345629 ], [ -79.64986933934534, 26.36108632539156 ], [ -80.16016897784432, 26.0105486680108 ], [ -79.64986933934534, 26.26024097157782 ], [ -78.97486981752132, 26.9643047345629 ], [ -77.84987061448132, 27.663994423747 ], [ -76.94987125204935, 27.76358852605777 ], [ -73.3498738023213, 26.9643047345629 ], [ -69.29987667137726, 24.94136317175375 ], [ -67.04987826529725, 22.05298561667754 ], [ -65.92487906225725, 20.37504125346543 ], [ -65.24987954043323, 18.89166158430315 ], [ -65.13737962012921, 18.25181631902822 ], [ -64.81925984548825, 17.7739092693757 ], [ -64.57488001860921, 18.0914826524252 ], [ -64.23738025769724, 18.35862337215333 ], [ -64.23738025769724, 18.89166158430315 ], [ -64.59988000089899, 20.91311676631939 ], [ -65.24987954043323, 24.94136317175375 ], [ -66.59987858408127, 28.16105226222079 ], [ -72.44987443988924, 38.65181171271134 ], [ -72.91227411232106, 40.77352073429003 ], [ -72.67487428049728, 38.65181171271134 ], [ -74.24987316475335, 33.56549148235204 ] ] ] } },
{ "type": "Feature", "properties": { "id": "moratelindo-international-cable-system-1-mic-1", "name": "Moratelindo International Cable System-1 (MIC-1)", "color": "#344fa2", "feature_id": "moratelindo-international-cable-system-1-mic-1-0", "coordinates": [ 103.97984515580926, 1.2248739857589248 ] }, "geometry": { "type": "MultiLineString", "coordinates": [ [ [ 103.98701057056589, 1.38945139680023 ], [ 103.97812557686022, 1.18537817691577 ], [ 104.0166370000003, 1.06679800000035 ] ] ] } },
{ "type": "Feature", "properties": { "id": "northstar", "name": "NorthStar", "color": "#df2e91", "feature_id": "northstar-0", "coordinates": [ -135.94523095080618, 54.365984335263164 ] }, "geometry": { "type": "MultiLineString", "coordinates": [ [ [ -148.68473122548716, 60.77302768780248 ], [ -148.52126134542036, 60.76902362218726 ], [ -148.41354142445135, 60.78620827245595 ], [ -148.31398149749563, 60.77712889504656 ], [ -148.19748158296832, 60.77634287097309 ], [ -148.09962084889904, 60.75242094849553 ], [ -148.08273166715708, 60.72557180082256 ], [ -148.06081168323905, 60.69119678436089 ], [ -148.05646168643062, 60.65876959082504 ], [ -147.875701819049, 60.60642348854199 ], [ -147.63385199648729, 60.60251643847571 ], [ -147.5057320904852, 60.57448569437857 ], [ -147.49523209818878, 60.4850257284821 ], [ -147.56803204477748, 60.31180235217173 ], [ -147.64054199157903, 60.251238005321 ], [ -147.76252108770373, 60.11873415270099 ], [ -147.78878188281965, 60.02401418328774 ], [ -147.89425180543932, 59.96228646929296 ], [ -148.00929172103787, 59.87790332473849 ], [ -148.08131166819882, 59.8393343330978 ], [ -147.82482104356981, 59.45171731890513 ], [ -145.34982279688185, 58.52439396084473 ], [ -139.04982725985772, 56.8407386421455 ], [ -138.14982789742575, 55.84318584148108 ], [ -135.44982981012976, 54.03403825672422 ], [ -132.29983204161769, 50.74028189394816 ], [ -127.79983522945767, 47.80541217589291 ], [ -125.09983714216159, 46.5823550820958 ], [ -124.19983777972962, 46.0383951936514 ], [ -123.52483825790569, 45.88198490450073 ], [ -122.98980067585488, 45.52289882456297 ] ], [ [ -146.35343293589426, 61.13035646305128 ], [ -146.55934278482408, 61.1091536349257 ], [ -146.65954271131031, 61.06746482894028 ], [ -146.80104260749584, 60.96589258192077 ], [ -146.82008259352665, 60.91922303467996 ], [ -146.85905256493558, 60.8587653442135 ], [ -147.06984241028502, 60.78766268631922 ], [ -147.32995221944986, 60.77870088536695 ], [ -147.53078207210677, 60.76640117651843 ], [ -147.68332114380976, 60.76501417254222 ], [ -147.7874718837808, 60.76463322432932 ], [ -147.88996180858678, 60.76589815031962 ], [ -148.02824170713478, 60.75652479185255 ], [ -148.2104615734452, 60.78816537105897 ], [ -148.32238149133278, 60.78737961765462 ], [ -148.38688144401104, 60.79100075570164 ], [ -148.47316138070988, 60.78347008600448 ], [ -148.51818134767996, 60.77741693630959 ], [ -148.68473122548716, 60.77302768780248 ] ], [ [ -134.74729145098979, 58.55104926823191 ], [ -134.89544134229641, 58.4981259553756 ], [ -134.98381127746194, 58.4916930701227 ], [ -135.0388912370513, 58.46024329775657 ], [ -135.05266122694871, 58.41357368386748 ], [ -135.02922124414596, 58.365509963814 ], [ -135.0147712547475, 58.30573481193794 ], [ -135.0147712547475, 58.23884255426299 ], [ -135.06389121870961, 58.18680870274748 ], [ -135.17493000487138, 58.1791905533587 ], [ -135.27131106653158, 58.19901015539156 ], [ -135.35237100706019, 58.22272642917157 ], [ -135.44749093727339, 58.28756755123463 ], [ -135.54587086509488, 58.32947954580649 ], [ -135.63186080200646, 58.35789867516085 ], [ -135.76961070094336, 58.36023311803261 ], [ -135.88347061740748, 58.34363161367785 ], [ -135.98699054145791, 58.3271220669816 ], [ -136.11301044900063, 58.30106382103442 ], [ -136.28406032350631, 58.28854000125966 ], [ -136.3920702442625, 58.27450259262437 ], [ -136.47756018154089, 58.24090063696553 ], [ -136.55056012798289, 58.19852006981353 ], [ -136.87126989268734, 58.14519214129456 ], [ -139.04982725985772, 56.8407386421455 ] ] ] } },
{ "type": "Feature", "properties": { "id": "oran-valencia-orval", "name": "Oran-Valencia (ORVAL)", "color": "#2cb56f", "feature_id": "oran-valencia-orval-0", "coordinates": [ 0.71086842801584782, 37.758741536445953 ] }, "geometry": { "type": "MultiLineString", "coordinates": [ [ [ 0.67507375771123, 37.58978657360306 ], [ 2.81257224348731, 37.14273000200076 ], [ 3.03571208541306, 36.76212778211003 ] ], [ [ -0.37697549700703, 39.45964671343673 ], [ 0.45007391710319, 39.17701458492114 ], [ 0.90007359831927, 38.65181171271134 ], [ 0.67507375771123, 37.58978657360306 ], [ 0.0000742358873, 36.51238821239364 ], [ -0.64201530925045, 35.70164113480836 ] ] ] } },
{ "type": "Feature", "properties": { "id": "pacific-caribbean-cable-system-pccs", "name": "Pacific Caribbean Cable System (PCCS)", "color": "#44b97a", "feature_id": "pacific-caribbean-cable-system-pccs-0", "coordinates": [ -64.744869453193274, 20.485860645421145 ] }, "geometry": { "type": "MultiLineString", "coordinates": [ [ [ -66.10666893347558, 18.46610423294742 ], [ -65.69987922164921, 18.57203905256678 ], [ -64.83573983381369, 18.52195291791132 ], [ -64.59715000283296, 18.41441211576626 ] ], [ [ -76.04987188961729, 10.85308969074528 ], [ -75.50573227509088, 10.38680745163333 ] ], [ [ -70.04992614003515, 12.61691790044143 ], [ -69.74987635259325, 13.92930384327183 ] ], [ [ -70.04992614003515, 12.61691790044143 ], [ -69.29987667137726, 12.61539556739339 ], [ -68.9623769104653, 12.39573400002297 ], [ -68.95697691429066, 12.16884906309007 ] ], [ [ -81.65563040282981, 30.33210086746263 ], [ -80.5498687017773, 30.32046542476144 ], [ -79.19986965812936, 30.12604984672283 ], [ -73.3498738023213, 29.54050774539449 ], [ -69.29987667137726, 27.56430948794192 ], [ -66.37487874347323, 23.7112581424843 ], [ -64.79987985921724, 20.79630610510887 ], [ -64.46238009830519, 18.89166158430315 ], [ -64.59715000283296, 18.41441211576626 ], [ -64.34988017800117, 18.30522807897627 ], [ -64.23738025769724, 18.25181631902822 ], [ -64.23738025769724, 17.82393441253792 ], [ -66.14987890286528, 16.10232559580297 ], [ -69.74987635259325, 13.92930384327183 ], [ -71.54987507745727, 13.92930384327183 ], [ -74.24987316475335, 12.61539556739339 ], [ -76.04987188961729, 10.85308969074528 ], [ -78.29987029569729, 10.85308969074528 ], [ -79.31236957843338, 9.96791518697413 ], [ -79.75347926594711, 9.43772198487001 ] ], [ [ -79.56661939832034, 8.95031710880057 ], [ -79.31236957843338, 8.1905434177955 ], [ -78.74986997691337, 7.29876275445952 ], [ -78.74986997691337, 5.06198695441611 ], [ -80.99986838299328, 2.36791255870541 ], [ -81.1215619945354, 0.55386775234541 ], [ -80.88736846268927, -0.33140932966026 ], [ -80.71613109211354, -0.94972724553977 ] ] ] } },
{ "type": "Feature", "properties": { "id": "pacific-crossing-1-pc-1", "name": "Pacific Crossing-1 (PC-1)", "color": "#05a5d7", "feature_id": "pacific-crossing-1-pc-1-0", "coordinates": [ -126.73328748926824, 39.94054027582586 ] }, "geometry": { "type": "MultiLineString", "coordinates": [ [ [ -179.99979825051412, 49.00033438946343 ], [ -151.19981865268991, 49.00033438946343 ], [ -138.59982757864174, 48.40638249553803 ], [ -125.09983714216186, 48.40638249553803 ], [ -124.64983746094561, 48.48100994210292 ], [ -123.74983809851364, 48.25679856894745 ], [ -122.84983873608158, 48.21933401420262 ], [ -122.66605031524853, 48.11006090495571 ], [ -122.63793033587935, 48.03488959703969 ], [ -122.58168037714837, 47.95960846190169 ], [ -122.48324649637513, 47.9219300503356 ], [ -122.44105402626471, 47.90307887010544 ], [ -122.30218058161331, 47.88632320620285 ], [ -122.44105402626471, 47.89364735216821 ], [ -122.49731043904814, 47.9219300503356 ], [ -122.59574141668266, 47.95960846190169 ], [ -122.65198637683804, 48.03488959703969 ], [ -122.6801063569178, 48.11006090495571 ], [ -122.84983873608158, 48.20059144803915 ], [ -123.74983809851364, 48.21933401420262 ], [ -124.64983746094561, 48.40638249553803 ], [ -125.09983714216186, 48.10677570919628 ], [ -127.34983554824169, 42.74371346443669 ], [ -126.44983618580963, 38.65181171271134 ], [ -122.84983873608158, 35.60293032290613 ], [ -120.62152181466479, 35.12094936772415 ], [ -122.84983873608158, 35.41978051708035 ], [ -129.5998339543217, 38.65181171271134 ], [ -138.59982757864191, 42.74371346443669 ], [ -151.19983391146832, 45.32832917028219 ], [ -179.99981350929238, 45.32832917028219 ] ], [ [ 179.99992719256971, 45.3310537658534 ], [ 172.79992073307184, 45.3310537658534 ], [ 160.19996074878455, 42.07923561816413 ], [ 143.09997286257644, 34.12610104005753 ], [ 138.59997605041642, 33.00121852265448 ], [ 137.69997668798445, 33.47169957086474 ], [ 136.87399727311598, 34.33682825203173 ], [ 137.69997668798445, 33.75276987113061 ], [ 138.59997605041642, 33.56549148235204 ], [ 140.84997445649643, 34.31215165223547 ], [ 141.52497397832056, 35.05222991093673 ], [ 141.52497397832056, 35.78566189952622 ], [ 140.61247462474361, 36.38348373531247 ], [ 142.19997350014447, 36.1498667868178 ], [ 149.39996839960057, 39.6983233549332 ], [ 160.19996074878455, 45.96024524125342 ], [ 172.79995182283281, 49.00033438946343 ], [ 179.99995828233068, 49.00033438946343 ] ] ] } },
{ "type": "Feature", "properties": { "id": "palawan-iloilo-cable-system", "name": "Palawan-Iloilo Cable System", "color": "#4db74a", "feature_id": "palawan-iloilo-cable-system-0", "coordinates": [ 120.74805537239742, 10.999877242154085 ] }, "geometry": { "type": "MultiLineString", "coordinates": [ [ [ 119.50037958074992, 10.82000049048942 ], [ 120.14998912056028, 10.85308969074528 ], [ 121.04998848299225, 11.07398278122661 ], [ 121.49998816420832, 10.85308969074528 ], [ 121.94129785158043, 10.74930172178288 ] ] ] } },
{ "type": "Feature", "properties": { "id": "pan-american-crossing-pac", "name": "Pan-American Crossing (PAC)", "color": "#36a9b7", "feature_id": "pan-american-crossing-pac-0", "coordinates": [ -102.91999505692783, 16.305977253929907 ] }, "geometry": { "type": "MultiLineString", "coordinates": [ [ [ -85.04986551393732, 7.74488905255145 ], [ -84.59986583272143, 8.63569941732747 ], [ -84.45220835106019, 9.52585121514428 ] ], [ [ -118.79984160513764, 31.28673881439175 ], [ -117.44984256148977, 32.43331330641721 ], [ -117.03822444362804, 32.5310141805925 ] ], [ [ -106.42187223254336, 23.19971721812728 ], [ -107.54984957473768, 22.05298561667754 ], [ -107.99984925595349, 20.37504125346543 ] ], [ [ -79.54654941253821, 8.93410657376597 ], [ -79.76236925964936, 8.1905434177955 ], [ -79.93571598572393, 7.35569146206416 ], [ -80.19932439760633, 6.93699810056741 ], [ -80.99986838299347, 6.85219109875433 ], [ -85.04986551393732, 7.74488905255145 ], [ -87.29986392001733, 9.52441134501949 ], [ -98.09985626920157, 14.36565375922844 ], [ -102.5998530813615, 16.10232559580297 ], [ -106.64985021230544, 18.67864702215472 ], [ -107.99984925595349, 20.37504125346543 ], [ -111.59984670568154, 22.46944396482952 ], [ -116.09984351784173, 27.76358852605777 ], [ -118.79984160513764, 31.28673881439175 ], [ -120.59984033000175, 32.8123187832876 ], [ -121.04984001121782, 34.31215165223547 ], [ -120.62152181466479, 35.12094936772415 ] ] ] } },
{ "type": "Feature", "properties": { "id": "penbal-5", "name": "Penbal-5", "color": "#a82990", "feature_id": "penbal-5-0", "coordinates": [ 1.868359990621193, 39.833527443176898 ] }, "geometry": { "type": "MultiLineString", "coordinates": [ [ [ 2.00134281816989, 41.30436622489069 ], [ 1.80007296075124, 40.72920412488655 ], [ 1.80007296075124, 40.04369219283004 ], [ 2.02507280135927, 39.35121757117122 ], [ 2.47507248257535, 39.17701458492114 ], [ 2.97097213127542, 39.35484412819336 ] ] ] } },
{ "type": "Feature", "properties": { "id": "pencan-8", "name": "Pencan-8", "color": "#a52d5f", "feature_id": "pencan-8-0", "coordinates": [ -11.862998867675099, 33.223770256451914 ] }, "geometry": { "type": "MultiLineString", "coordinates": [ [ [ -6.08713145187905, 36.27672346192373 ], [ -6.74992098235272, 36.24065523321488 ], [ -8.54991970721675, 35.87687057009283 ], [ -9.44991906964872, 35.41978051708035 ], [ -11.24991779451274, 33.93964008831966 ], [ -14.84991524424079, 29.73606949729215 ], [ -15.18741500515276, 28.95155473219332 ], [ -16.03116440743276, 28.44143635600574 ], [ -16.37174416616289, 28.35553751998696 ] ] ] } },
{ "type": "Feature", "properties": { "id": "persona", "name": "Persona", "color": "#8fac3c", "feature_id": "persona-0", "coordinates": [ -59.266850700800617, 46.764182420836406 ] }, "geometry": { "type": "MultiLineString", "coordinates": [ [ [ -60.13538316359048, 46.2514557753114 ], [ -59.39988368462517, 46.5823550820958 ], [ -58.94988400340918, 47.19740739556967 ], [ -58.68650418998985, 47.61768369957318 ] ], [ [ -58.68650418998985, 47.61768369957318 ], [ -59.17488384401722, 47.19740739556967 ], [ -59.6248835252332, 46.5823550820958 ], [ -60.13538316359048, 46.2514557753114 ] ] ] } },
{ "type": "Feature", "properties": { "id": "picot-1", "name": "Picot-1", "color": "#c83994", "feature_id": "picot-1-0", "coordinates": [ 166.26398838974941, -20.98014509134995 ] }, "geometry": { "type": "MultiLineString", "coordinates": [ [ [ 166.48901629355882, -20.70564805030448 ], [ 166.46636630960435, -20.82718361042262 ], [ 166.16186652531465, -20.97707442993219 ] ], [ [ 165.34155710642966, -20.94561398973891 ], [ 165.85776674074188, -21.02457470420688 ], [ 166.16186652531465, -20.97707442993219 ], [ 166.68042615796216, -20.99266679172066 ], [ 166.98120594488694, -20.84899691126898 ], [ 167.15151582423795, -20.78063053239169 ] ] ] } },
{ "type": "Feature", "properties": { "id": "pipe-pacific-cable-1-ppc-1", "name": "PIPE Pacific Cable-1 (PPC-1)", "color": "#8ac53f", "feature_id": "pipe-pacific-cable-1-ppc-1-0", "coordinates": [ 153.65779191562947, -9.0503109157163522 ] }, "geometry": { "type": "MultiLineString", "coordinates": [ [ [ 145.78474096066179, -5.23368424614946 ], [ 146.02497079048055, -5.16191066211307 ], [ 146.6749703300147, -5.13701158106462 ], [ 146.90776526532372, -4.83894521495616 ] ], [ [ 151.20699711948467, -33.86955173177822 ], [ 152.09996648689665, -33.27363077142247 ], [ 154.02056155078103, -31.85146566557725 ], [ 154.79996457419256, -28.74381028114989 ], [ 154.79996457419256, -25.54089607625931 ], [ 154.34996489297649, -18.88013997510117 ], [ 153.89996521176059, -15.44102365956809 ], [ 154.79996457419256, -11.94394493174681 ], [ 154.79996457419256, -10.17745743036107 ], [ 152.99996584932845, -8.40113904812284 ], [ 149.39996839960057, -7.06344633899106 ], [ 148.04996935595253, -6.22537175384563 ], [ 147.59996967473646, -5.77783969920968 ], [ 147.31871987397665, -5.2739443636413 ], [ 146.90776526532372, -4.83894521495616 ], [ 145.89997087903166, -2.3307666592315 ], [ 146.65530736297208, 1.51927629540135 ], [ 146.24997063108842, 7.74488905255145 ], [ 145.34997126865645, 12.17588718550798 ], [ 145.12497142804841, 12.61539556739339 ], [ 144.78747166713646, 13.27323815754759 ], [ 144.69470173285575, 13.46477296237014 ] ] ] } },
{ "type": "Feature", "properties": { "id": "poseidon", "name": "POSEIDON", "color": "#a66d2c", "feature_id": "poseidon-0", "coordinates": [ 33.054481560251347, 34.49779087043369 ] }, "geometry": { "type": "MultiLineString", "coordinates": [ [ [ 32.46665123625969, 34.76657169708598 ], [ 32.73755104435154, 34.49779087043369 ], [ 33.30005064587154, 34.49779087043369 ], [ 33.61060042587536, 34.82728147271538 ] ] ] } },
{ "type": "Feature", "properties": { "id": "qatar-u-a-e-submarine-cable-system", "name": "Qatar-U.A.E. Submarine Cable System", "color": "#d01c59", "feature_id": "qatar-u-a-e-submarine-cable-system-0", "coordinates": [ 52.885280159010605, 25.142069263822439 ] }, "geometry": { "type": "MultiLineString", "coordinates": [ [ [ 51.51927773920008, 25.29460875802463 ], [ 52.20003725694376, 25.65333661327605 ], [ 52.42024710094511, 25.66892130710525 ], [ 52.65003693815965, 25.45034294692391 ], [ 52.86595678520031, 25.15263291354509 ], [ 54.00003598180769, 24.53265756616073 ], [ 54.41907568495613, 24.44396457262543 ] ] ] } },
{ "type": "Feature", "properties": { "id": "fos-quellon-chacabuco", "name": "FOS Quellon-Chacabuco", "color": "#299bb8", "feature_id": "fos-quellon-chacabuco-0", "coordinates": [ -73.565654340435685, -44.649493139065719 ] }, "geometry": { "type": "MultiLineString", "coordinates": [ [ [ -73.4794637105186, -43.11747634819604 ], [ -73.50998368889793, -44.12161905897486 ], [ -73.57072364586915, -44.69756074503905 ], [ -73.63151360280499, -45.13405788619885 ], [ -73.56061365303121, -45.33926251743922 ], [ -73.42174375140804, -45.35326269275853 ], [ -73.28009385175406, -45.28212252426292 ], [ -73.19831390968776, -45.28184811337712 ], [ -73.04762401643794, -45.41794038695564 ], [ -72.80509418824829, -45.45830094135324 ] ] ] } },
{ "type": "Feature", "properties": { "id": "russia-japan-cable-network-rjcn", "name": "Russia-Japan Cable Network (RJCN)", "color": "#eb8c22", "feature_id": "russia-japan-cable-network-rjcn-0", "coordinates": [ 137.98067090045404, 37.465014366728752 ] }, "geometry": { "type": "MultiLineString", "coordinates": [ [ [ 132.89127009392124, 42.83453574149161 ], [ 133.64997955704033, 42.32923969966554 ], [ 134.77497876008033, 41.40772623743595 ], [ 137.02497716616034, 38.65181171271134 ], [ 138.23607630761057, 37.14784742455242 ], [ 137.24997700676838, 38.65181171271134 ], [ 134.99997860068837, 41.40772623743595 ], [ 133.64997955704033, 42.41235450073586 ], [ 132.89127009392124, 42.83453574149161 ] ] ] } },
{ "type": "Feature", "properties": { "id": "safe", "name": "SAFE", "color": "#a9499b", "feature_id": "safe-0", "coordinates": [ 76.972203400765906, -2.8525966839583687 ] }, "geometry": { "type": "MultiLineString", "coordinates": [ [ [ 31.75796173830183, -28.95055966653801 ], [ 32.62505112404761, -29.52991296614913 ], [ 33.30005064587154, -30.30995334464681 ] ], [ [ 76.26955020587491, 9.93838642489319 ], [ 76.05002036139189, 9.52441134501949 ], [ 76.50002004260797, 4.16491284997694 ], [ 77.40001940503993, 0.56857885252619 ] ], [ [ 54.45003566302377, -20.57441905727613 ], [ 54.90003534423966, -20.78492186899105 ], [ 55.27923507561119, -21.00005158776931 ], [ 55.35003502545574, -20.78492186899105 ], [ 55.80003470667163, -20.57441905727613 ], [ 56.70003406910378, -20.78492186899105 ], [ 57.15003375031967, -20.99513154302578 ], [ 57.82503327214378, -20.99513154302578 ], [ 58.27503295335985, -20.57441905727613 ], [ 60.30003151883183, -18.88013997510117 ], [ 63.00002960612773, -14.57172649133255 ], [ 65.70002769342382, -11.94394493174681 ], [ 72.90002259287992, -8.40113904812284 ], [ 75.15002099895992, -6.61665069347536 ], [ 76.95001972382386, -3.02999596800866 ], [ 77.40001940503993, 0.56857885252619 ], [ 81.00001685476798, 1.46842676733197 ], [ 85.500013666928, -1.68111462680301 ], [ 90.00001047908802, -0.78133230878911 ], [ 92.70000856638391, 3.71597811929807 ], [ 94.27500745064, 4.71326044433305 ], [ 95.45328225426326, 5.81842304368745 ], [ 97.42500521915215, 5.73398911415013 ], [ 99.67500362523216, 5.39808113046365 ], [ 100.40982310408316, 5.36839358148847 ] ], [ [ 18.44586116871883, -33.72721819637743 ], [ 18.00006148452737, -34.11602012163193 ], [ 17.77506164391934, -34.85783936223576 ], [ 18.45006116574345, -36.3215277599179 ], [ 19.80006020939149, -37.40161074814382 ], [ 23.40005765911936, -37.40161074814382 ], [ 26.10005574641544, -36.3215277599179 ], [ 33.30005064587154, -30.30995334464681 ], [ 38.70004682046353, -28.74381028114989 ], [ 41.40004490775961, -28.74381028114989 ], [ 45.4500416666551, -28.74381060735438 ], [ 47.25004076356767, -27.95174728521976 ], [ 52.65003693815965, -23.08058350574764 ], [ 54.00003598180769, -20.99513154302578 ], [ 54.45003566302377, -20.57441905727613 ], [ 54.90003534423966, -20.36362554441106 ], [ 55.80003470667163, -20.36362554441106 ], [ 56.70003406910378, -20.57441905727613 ], [ 57.15003375031967, -20.57441905727613 ], [ 57.48548351268403, -20.47399566094629 ], [ 57.60003343153574, -20.67970695350909 ], [ 57.82503327214378, -20.99513154302578 ] ] ] } },
{ "type": "Feature", "properties": { "id": "sint-maarten-puerto-rico-network-one-smpr-1", "name": "Sint Maarten Puerto Rico Network One (SMPR-1)", "color": "#3fb449", "feature_id": "sint-maarten-puerto-rico-network-one-smpr-1-0", "coordinates": [ -64.495790464408117, 18.772674867159726 ] }, "geometry": { "type": "MultiLineString", "coordinates": [ [ [ -66.01686899709074, 18.44183961864287 ], [ -65.69987922164921, 18.67864702215472 ], [ -65.24987954043323, 18.89166158430315 ], [ -63.89988049678528, 18.67864702215472 ], [ -63.1456810310672, 18.05968349844699 ], [ -63.1155553845504, 18.04770473193906 ], [ -63.07366108208678, 18.03104507514654 ] ] ] } },
{ "type": "Feature", "properties": { "id": "samoa-american-samoa-sas", "name": "Samoa-American Samoa (SAS)", "color": "#924d9e", "feature_id": "samoa-american-samoa-sas-0", "coordinates": [ -171.15046441269976, -13.880916628765299 ] }, "geometry": { "type": "MultiLineString", "coordinates": [ [ [ -171.76669408292247, -13.83348925575777 ], [ -171.44980430741009, -13.80826146481491 ], [ -170.99980462619399, -13.91748446246452 ], [ -170.69570484162125, -14.2765445641588 ] ] ] } },
{ "type": "Feature", "properties": { "id": "sat-3wasc", "name": "SAT-3/WASC", "color": "#04a6c7", "feature_id": "sat-3wasc-0", "coordinates": [ -19.078983202670177, 11.113526682380897 ] }, "geometry": { "type": "MultiLineString", "coordinates": [ [ [ -10.34991843208078, 33.93964008831966 ], [ -8.54991970721675, 35.41978051708035 ], [ -7.19992066356871, 36.33133835588799 ], [ -6.42888120978034, 36.73129423644183 ] ], [ [ 7.65006881655929, 0.34358628488916 ], [ 8.55006817899126, 0.34358628488916 ], [ 9.45426753844821, 0.39446519185548 ] ], [ [ 2.25007264196731, 2.9298088803501 ], [ 2.02507280135927, 3.82823430332105 ], [ 2.02507280135927, 5.06198695441611 ], [ 2.4401125073412, 6.35667333545826 ] ], [ [ -14.84991524424079, 26.9643047345629 ], [ -15.8624645269414, 27.80791180969581 ], [ -15.8624645269414, 27.94275199342137 ], [ -15.69996464205781, 27.99976141196043 ] ], [ [ 13.37242476278877, -8.77666885666339 ], [ 12.60006530993539, -9.01461937576049 ], [ 11.70006594750324, -9.51240182733028 ], [ 9.67506738203127, -10.62006486036324 ] ], [ [ 9.70641735982268, 4.04734551120571 ], [ 9.22506770081537, 3.26681481681567 ], [ 8.10006849777537, 2.81745044265417 ], [ 6.30006977291125, 2.59270146460193 ] ], [ [ -0.20431561932097, 5.55828588990586 ], [ -0.22492560472064, 3.279837005485 ], [ -0.22492560472064, 1.48146591470755 ] ], [ [ -4.02624291183188, 5.32350879182484 ], [ -3.93742297475271, 3.26681481681567 ], [ -3.82492305444869, 2.36791255870541 ], [ -3.69992314299978, 1.46842676733197 ], [ -3.59992321384075, 1.01853421661552 ] ], [ [ -17.44571340535295, 14.68659484199499 ], [ -18.44991269396884, 15.01857857375747 ], [ -19.34991205640081, 15.01857857375747 ] ], [ [ 2.92507216379124, 4.16491284997694 ], [ 5.40007041047929, 2.81745044265417 ], [ 6.30006977291125, 2.59270146460193 ], [ 7.42506897595126, 1.46842676733197 ], [ 7.65006881655929, 0.34358628488916 ], [ 8.10006849777537, -4.82569249921742 ], [ 8.55006817899126, -6.61665069347536 ], [ 9.67506738203127, -10.62006486036324 ], [ 9.45006754142323, -18.02642638371345 ], [ 10.80006658507127, -23.49392244589784 ], [ 14.40006403479932, -30.30995334464681 ], [ 15.9750629190554, -32.61276000573574 ], [ 17.55006180331148, -33.64904537742418 ], [ 18.44586116871883, -33.72721819637743 ] ], [ [ -9.10274931558703, 38.4430794831419 ], [ -9.22491922904077, 38.1227301083922 ], [ -9.56241898995274, 37.23235432155614 ], [ -9.8999187508647, 35.78566189952622 ], [ -10.34991843208078, 33.93964008831966 ], [ -12.82491667876882, 30.12604984672283 ], [ -13.47283186978959, 28.16105226222079 ], [ -14.84991524424079, 26.9643047345629 ], [ -17.99991301275286, 22.88465411388244 ], [ -19.34991205640081, 19.95262290516439 ], [ -19.34991205640081, 15.01857857375747 ], [ -19.34991205640081, 11.73565016140583 ], [ -17.99991301275286, 8.63569941732747 ], [ -13.49991620059275, 3.71597811929807 ], [ -10.79991811329676, 1.01853421661552 ], [ -3.59992321384075, 1.01853421661552 ], [ -0.22492560472064, 1.48146591470755 ], [ 1.5750731201432, 2.59270146460193 ], [ 2.25007264196731, 2.9298088803501 ], [ 2.92507216379124, 4.16491284997694 ], [ 3.42351181069211, 6.43906691148463 ] ] ] } },
{ "type": "Feature", "properties": { "id": "scandinavian-ring-north", "name": "Scandinavian Ring North", "color": "#79c042", "feature_id": "scandinavian-ring-north-0", "coordinates": [ 12.676008213613354, 56.014182783267799 ] }, "geometry": { "type": "MultiLineString", "coordinates": [ [ [ 12.64049528129455, 56.07069401721377 ], [ 12.66813026171742, 56.05730958788612 ], [ 12.69576524214066, 56.04392051150332 ], [ 12.68302025116926, 56.02474048982951 ], [ 12.67027526019804, 56.00555093561895 ], [ 12.64176028039837, 56.01947311565058 ], [ 12.6132453005987, 56.03339027842579 ], [ 12.62687029094653, 56.05204665760568 ], [ 12.64049528129455, 56.07069401721377 ] ] ] } },
{ "type": "Feature", "properties": { "id": "scandinavian-ring-south", "name": "Scandinavian Ring South", "color": "#84489c", "feature_id": "scandinavian-ring-south-0", "coordinates": [ 12.869610233307684, 55.574067478133223 ] }, "geometry": { "type": "MultiLineString", "coordinates": [ [ [ 12.67027526019804, 55.59373617497678 ], [ 12.82511515050813, 55.5896788573804 ], [ 12.91881508412997, 55.55680364719601 ], [ 12.76881519039128, 55.55790652931397 ], [ 12.67027526019804, 55.59373617497678 ] ] ] } },
{ "type": "Feature", "properties": { "id": "seabras-1", "name": "Seabras-1", "color": "#a9812d", "feature_id": "seabras-1-0", "coordinates": [ -39.41007171898076, 7.4926203176150326 ] }, "geometry": { "type": "MultiLineString", "coordinates": [ [ [ -65.55639941646365, 32.63736524178349 ], [ -65.68543019646702, 32.41623974317996 ], [ -65.49999492529111, 31.97713413920651 ], [ -65.09715278445925, 31.89573745395715 ], [ -64.93362657765282, 31.93869578953201 ], [ -64.63356460651755, 32.15865949621865 ] ], [ [ -46.4124928850147, -24.00886839636483 ], [ -44.54989420449707, -25.36030508721561 ], [ -41.39989643598501, -25.54089607625931 ], [ -36.67489978321695, -24.11150273425747 ], [ -31.04972912191171, -18.0252841928967 ], [ -29.24973039704768, -13.6978202886325 ], [ -28.57490552132989, -9.29042430103552 ], [ -30.82490390875298, -4.15276772940575 ], [ -34.199901536529, 0.56857885252619 ], [ -39.59989771112098, 7.74488905255145 ], [ -48.75732182969582, 17.46977842273588 ], [ -61.80549550139919, 29.53533695395528 ], [ -65.04599822690268, 31.43585995806389 ], [ -65.52234028551544, 32.60981461531635 ], [ -68.05679741739422, 34.63654688301146 ], [ -73.13341895565995, 39.63896955471727 ], [ -74.06286329723282, 40.15283384719588 ] ] ] } },
{ "type": "Feature", "properties": { "id": "seychelles-to-east-africa-system-seas", "name": "Seychelles to East Africa System (SEAS)", "color": "#bb5235", "feature_id": "seychelles-to-east-africa-system-seas-0", "coordinates": [ 47.360669430605697, -5.7428471662509226 ] }, "geometry": { "type": "MultiLineString", "coordinates": [ [ [ 39.26967641693273, -6.82313210834924 ], [ 40.50004554532764, -6.84010075761225 ], [ 42.75004395140765, -6.61665069347536 ], [ 52.20003725694376, -4.82569249921742 ], [ 54.00003598180769, -4.60145376483711 ], [ 55.44505495814286, -4.61761132244214 ] ] ] } },
{ "type": "Feature", "properties": { "id": "shefa-2", "name": "SHEFA-2", "color": "#ca2026", "feature_id": "shefa-2-0", "coordinates": [ -2.3828882655566712, 60.192598095402737 ] }, "geometry": { "type": "MultiLineString", "coordinates": [ [ [ -4.33332269429366, 60.33336464881493 ], [ -4.04992289505673, 60.24280652634953 ], [ -3.59992321384075, 60.24280652634953 ], [ -2.92492369201673, 60.35428947498098 ], [ -2.69992385140869, 60.40988845578937 ], [ -2.29492413831432, 60.4410317796407 ] ], [ [ -2.52365397627991, 57.66686302746427 ], [ -2.69992385140869, 57.9320565869514 ], [ -2.69992385140869, 58.52439396084473 ], [ -2.90002370965609, 58.8333702842968 ], [ -2.47492401080074, 58.87506831089772 ], [ -1.6874245692687, 59.3944892668567 ], [ -1.18117492909264, 59.679663707209 ], [ -1.12492496774869, 59.79305890746809 ], [ -1.23854488666327, 59.99607269143399 ], [ -1.26737486623984, 60.00407766752495 ], [ -1.32365482637056, 60.00407766752495 ], [ -1.79992448897663, 60.01869762196877 ], [ -2.92492369201673, 60.35428947498098 ], [ -6.29992130113674, 61.87557078357159 ], [ -6.77184096682444, 62.01764624983284 ] ] ] } },
{ "type": "Feature", "properties": { "id": "silphium", "name": "Silphium", "color": "#ce1e4c", "feature_id": "silphium-0", "coordinates": [ 23.073870143659388, 34.585863499979773 ] }, "geometry": { "type": "MultiLineString", "coordinates": [ [ [ 22.63911819817623, 32.76363502668908 ], [ 22.95005797790347, 33.56549148235204 ], [ 23.1750578185115, 35.41978051708035 ], [ 23.51255757942346, 35.74001826386854 ], [ 23.7375574200315, 35.74001826386854 ], [ 24.01216722549532, 35.51204255863757 ] ] ] } },
{ "type": "Feature", "properties": { "id": "sirius-south", "name": "Sirius South", "color": "#8f4a9c", "feature_id": "sirius-south-0", "coordinates": [ -4.6586027197963089, 53.64527816721521 ] }, "geometry": { "type": "MultiLineString", "coordinates": [ [ [ -3.05075360287764, 53.80897597127547 ], [ -3.59992321384075, 53.80214357457545 ], [ -5.62492177931272, 53.50209788266426 ], [ -6.2483113376977, 53.34812463259513 ] ] ] } },
{ "type": "Feature", "properties": { "id": "sirius-north", "name": "Sirius North", "color": "#208ecb", "feature_id": "sirius-north-0", "coordinates": [ -5.2241929103525679, 55.069519737853099 ] }, "geometry": { "type": "MultiLineString", "coordinates": [ [ [ -5.80812164953214, 54.71395525212919 ], [ -5.59211180255559, 54.71395525212919 ], [ -4.9499222574887, 55.33458061322904 ], [ -4.78346237541043, 55.63788181039325 ] ] ] } },
{ "type": "Feature", "properties": { "id": "south-america-1-sam-1", "name": "South America-1 (SAm-1)", "color": "#35ad49", "feature_id": "south-america-1-sam-1-0", "coordinates": [ -44.93013097473969, 6.774435399548719 ] }, "geometry": { "type": "MultiLineString", "coordinates": [ [ [ -46.32806294482565, -23.96184289759709 ], [ -44.54989420449707, -24.81691653965546 ], [ -42.74989547963305, -24.72611802920699 ], [ -40.94989675476902, -23.28741340348865 ], [ -39.03739810960098, -21.9373831356924 ], [ -37.34989930504097, -18.02642638371345 ], [ -36.44989994260901, -13.69898726961074 ], [ -33.74990185531301, -8.40113904812284 ], [ -33.74990185531301, -6.61665069347536 ], [ -34.64990121774498, -4.82569249921742 ], [ -35.99990026139302, -4.15276774801364 ], [ -38.54296845985959, -3.71873512929109 ], [ -38.47489850808098, -1.23131575021741 ], [ -39.59989771112098, 1.46842676733197 ], [ -46.79989261057708, 8.63569941732747 ], [ -52.19988878516916, 13.92930384327183 ], [ -57.59988495976114, 16.53419619825972 ], [ -59.39988368462517, 17.82393441253792 ], [ -62.09988177192116, 19.10440547593045 ], [ -65.24987954043323, 18.99806752594898 ], [ -65.69987922164921, 18.785187974742 ], [ -65.98107902244469, 18.67864702215472 ], [ -66.10666893347558, 18.46610423294742 ], [ -66.37487874347323, 19.10440547593045 ], [ -66.37487874347323, 20.37504125346543 ], [ -67.49987794651324, 22.05298561667754 ], [ -69.29987667137726, 23.2985980658759 ], [ -76.94987125204935, 27.36466799386026 ], [ -77.84987061448132, 27.46453393782084 ], [ -79.64986933934534, 26.71335144773289 ], [ -80.08893155227202, 26.35058457732 ] ], [ [ -46.32806294482565, -23.96184289759709 ], [ -45.44989356692904, -25.13418654706134 ], [ -43.64989484206502, -27.95174728521976 ], [ -45.89989324814503, -32.61276000573574 ], [ -50.84988974152112, -35.22626671976625 ], [ -53.99988751003309, -36.3215277599179 ], [ -56.69544560047454, -36.47095527632105 ] ], [ [ -44.54989420449707, -24.81691653965546 ], [ -43.42489500145707, -23.90596926179026 ], [ -43.20956515399876, -22.90348655549796 ] ], [ [ -80.91442094663405, -2.27290342973106 ], [ -81.44986806420927, -2.58053670498413 ], [ -84.14986615150535, -3.02999596800866 ] ], [ [ -81.05378084438966, -4.15383493726498 ], [ -81.44986806420927, -3.47926867897006 ], [ -81.44986806420927, -2.58053670498413 ] ], [ [ -66.10666893347558, 18.46610423294742 ], [ -66.48737866377725, 18.67864702215472 ], [ -67.04987826529725, 18.785187974742 ], [ -67.49987794651324, 18.46536439313713 ], [ -67.72487778712127, 17.82393441253792 ], [ -70.19987603380923, 14.5835116451186 ], [ -71.54987507745727, 13.71081773817964 ], [ -74.14709323756358, 12.41690772616661 ], [ -74.81237276627336, 11.73565016140583 ], [ -74.77975278938153, 10.94044561572664 ] ], [ [ -38.50448848711925, -12.96997203534297 ], [ -37.34989930504097, -13.69898726961074 ], [ -36.44989994260901, -13.69898726961074 ] ], [ [ -80.08893155227202, 26.35058457732 ], [ -79.87486917995338, 25.34871742211671 ], [ -80.32486886116926, 24.73717827217609 ], [ -80.99986838299347, 24.12261698700344 ], [ -83.24986678907329, 24.12261698700344 ], [ -84.82486567332928, 23.09178547692239 ], [ -85.72486503576134, 21.63529738485955 ], [ -86.17486471697732, 20.37504125346543 ], [ -86.96236415910536, 18.25181631902822 ], [ -87.86236352153733, 16.53419619825972 ], [ -88.31236320275332, 16.10232559580297 ], [ -88.59713531004529, 15.72723663872104 ] ], [ [ -71.62043502747198, -33.04554123247811 ], [ -71.99987475867334, -31.85146566557725 ], [ -73.79987348353728, -27.15383128539156 ], [ -72.89987412110531, -19.51759387823712 ], [ -70.30675595809456, -18.47354307365121 ], [ -72.89987412110531, -19.09289858196811 ], [ -75.59987220840131, -18.45381377577717 ], [ -77.84987061448132, -15.44102365956809 ], [ -78.07487045508935, -13.69898726961074 ], [ -77.84987061449132, -12.82299562562977 ], [ -76.87428130559793, -12.27842004179962 ], [ -79.19986965812936, -12.38384043318557 ], [ -81.89986774542525, -11.5033338459843 ], [ -84.14986615150535, -6.61665069347536 ], [ -84.14986615150535, -3.02999596800866 ], [ -86.39986455758554, 0.56857885252619 ], [ -90.4498616885295, 3.71597811929807 ], [ -91.79986073217735, 9.52441134501949 ], [ -91.34986105096155, 13.05415069529863 ], [ -90.8222236775613, 13.93479733320886 ] ], [ [ -67.49987794651324, 18.46536439313713 ], [ -68.06237754803324, 18.67864702215472 ], [ -68.43815728182744, 18.62137131610474 ] ] ] } },
{ "type": "Feature", "properties": { "id": "south-american-crossing-sac", "name": "South American Crossing (SAC)", "color": "#276fac", "feature_id": "south-american-crossing-sac-0", "coordinates": [ -36.755966511018485, -3.3926298875741918 ] }, "geometry": { "type": "MultiLineString", "coordinates": [ [ [ -77.04030118798798, 3.88367846626419 ], [ -78.29987029569729, 4.16491284997694 ], [ -79.64986933934534, 5.06198695441611 ] ], [ [ -56.69544560047454, -36.47095527632105 ], [ -53.99988751003309, -36.14003339129543 ], [ -50.84988974152112, -34.85783936223576 ], [ -46.79989261057708, -32.61276000573574 ], [ -44.54989420449707, -27.95174728521976 ], [ -45.67489340753708, -25.13418654706134 ], [ -46.32806294482565, -23.96184289759709 ], [ -44.99989388571306, -24.31670674946918 ], [ -43.64989484206502, -23.70010845220312 ], [ -43.20956515399876, -22.90348655549796 ], [ -42.29989579841706, -23.80311312234924 ], [ -40.94989675476902, -24.11150273425747 ], [ -37.68739906595303, -23.18403842445051 ], [ -33.74990185531301, -18.02642638371345 ], [ -31.9499031304489, -13.69898726961074 ], [ -30.59990408680095, -9.29042430103552 ], [ -31.83740320081692, -5.16191065282295 ], [ -34.199901536529, -3.81608422175021 ], [ -35.99990026139302, -3.25465736479768 ], [ -38.54296845985959, -3.71873512929109 ], [ -38.69989834868901, -1.23131575021741 ], [ -40.04989739233697, 1.46842676733197 ], [ -46.79989261057708, 6.85219109875433 ], [ -51.2998894227371, 8.63569941732747 ], [ -54.89988687246515, 10.85308969074528 ], [ -57.14988527854516, 13.05415069529863 ], [ -60.29988304705723, 16.53419619825972 ], [ -61.64988209070518, 17.39502263470052 ], [ -63.4498808155692, 17.82393441253792 ], [ -64.12488033739322, 18.03800543960875 ], [ -64.57488001860921, 18.03800543960875 ], [ -64.81925984548825, 17.7739092693757 ], [ -64.99142972352155, 17.83127418857191 ], [ -66.14987890286528, 16.96510259943593 ], [ -68.39987730894529, 15.88603571907903 ], [ -70.19987603380923, 15.23578178303578 ], [ -71.54987507745727, 14.5835116451186 ], [ -74.31778083208685, 13.36418146528011 ], [ -78.57866648485653, 11.24195001495652 ], [ -79.87486917995338, 9.96791518697413 ], [ -79.90025916196684, 9.3538031969494 ] ], [ [ -67.0339082766105, 10.60812980699247 ], [ -67.38737802620922, 11.29470931956548 ], [ -67.72487778712127, 12.61539556739339 ], [ -68.84987699016128, 13.92930384327183 ], [ -70.19987603380923, 15.23578178303578 ] ], [ [ -71.62043502747198, -33.04554123247811 ], [ -72.44987443988924, -31.85146566557725 ], [ -74.24987316475335, -27.15383128539156 ], [ -78.29987029569729, -15.44102365956809 ], [ -78.29987029569729, -13.69898726961074 ], [ -78.07487045508935, -12.82299562562977 ], [ -76.87428130559793, -12.27842004179962 ], [ -79.19986965812936, -12.16398368078041 ], [ -80.99986838299328, -11.5033338459843 ], [ -83.24986678907329, -6.61665069347536 ], [ -83.24986678907329, -3.02999596800866 ], [ -82.79986710785731, 0.56857885252619 ], [ -81.89986774542544, 2.36791255870541 ], [ -79.64986933934534, 5.06198695441611 ], [ -79.19986965812936, 7.29876275445952 ], [ -79.53736941904133, 8.1905434177955 ], [ -79.54654941253821, 8.93410657376597 ] ] ] } },
{ "type": "Feature", "properties": { "id": "south-atlantic-cable-system-sacs", "name": "South Atlantic Cable System (SACS)", "color": "#28ab4a", "feature_id": "south-atlantic-cable-system-sacs-0", "coordinates": [ -13.018183576553122, -7.457062047705449 ] }, "geometry": { "type": "MultiLineString", "coordinates": [ [ [ -38.54296845985959, -3.71873512929109 ], [ -35.99990026139302, -2.80528793230792 ], [ -34.199901536529, -2.58053670498413 ], [ -29.81240461668786, -3.14233268364381 ], [ -19.79991173761688, -6.61665069347536 ], [ -5.39992193870468, -8.40113904812284 ], [ 7.20006913534322, -9.06830600387441 ], [ 11.70006594750324, -9.06830600387441 ], [ 12.60006530993539, -9.19851313135841 ], [ 13.20144038206875, -9.49008098880628 ] ] ] } },
{ "type": "Feature", "properties": { "id": "southern-cross-cable-network-sccn", "name": "Southern Cross Cable Network (SCCN)", "color": "#2f85a6", "feature_id": "southern-cross-cable-network-sccn-0", "coordinates": [ -161.28500246534901, 9.8328704199579438 ] }, "geometry": { "type": "MultiLineString", "coordinates": [ [ [ -155.82203598904991, 20.0232931385683 ], [ -156.14981514606572, 20.26954403592959 ], [ -156.89688520046363, 20.45695112375976 ], [ -157.34732486998877, 20.5096446349069 ], [ -157.85851393560765, 20.89386327374593 ], [ -158.13057429534098, 21.35406896575391 ] ], [ [ -122.98980067585488, 45.52289882456297 ], [ -123.52483825790569, 45.82321720633851 ], [ -124.19983777972962, 45.86240257160284 ], [ -125.09983714216159, 45.33107107332486 ], [ -128.69983459188964, 42.74371346443669 ], [ -138.60310458621126, 35.78747880468752 ], [ -147.6030982105313, 31.28865285728309 ], [ -152.99981737755394, 26.56251314923671 ], [ -157.94981387092994, 22.90768438285807 ], [ -158.51231347244993, 22.05298561667754 ], [ -158.51231237260097, 21.73983373091106 ], [ -158.51231346392387, 21.63529738485955 ], [ -158.13057429534098, 21.35406896575391 ], [ -158.73731331305797, 20.79630610510887 ], [ -159.97481243640226, 18.67864702215472 ], [ -162.89981036430603, 14.80115422479158 ], [ -166.499807814034, 10.41081650540272 ], [ -171.89980398862608, 2.36791255870541 ], [ -176.39980080078607, -6.61665069347536 ], [ -179.0997988904665, -15.00681703291881 ], [ -179.54979856929816, -16.95345498980991 ], [ -179.99979825051412, -17.38340200594246 ] ], [ [ -179.99979825051412, -35.59302880961419 ], [ -175.49980143835413, -34.11602012163193 ], [ -172.79980335105813, -25.54089607625931 ], [ -169.19980590133008, -15.44102365956809 ], [ -168.29980653889803, -10.17745743036107 ], [ -163.799809726738, 2.36791255870541 ], [ -160.19981227700995, 13.05415069529863 ], [ -157.49981418971396, 18.67864702215472 ], [ -156.48731490757396, 19.74098736552494 ], [ -155.82203598904991, 20.0232931385683 ], [ -155.92481530545814, 20.26954403592959 ], [ -155.69981546484993, 20.58581909604039 ], [ -152.99981737755394, 23.2985980658759 ], [ -147.6030982105313, 26.56451648916822 ], [ -138.60310458621126, 28.1630268819071 ], [ -127.79983522945767, 31.67051304708713 ], [ -122.39983905486586, 34.49779087043369 ], [ -120.8472016490899, 35.3670782517171 ] ], [ [ 179.9999603175593, -17.38340200594246 ], [ 178.87496111451929, -18.02880365069908 ], [ 178.43744782917764, -18.12381094353719 ], [ 178.08744807652479, -18.88013997510117 ], [ 173.69996478053517, -23.90596926179026 ], [ 166.49996988107907, -27.15383128539156 ], [ 160.64997402527118, -31.08383471876724 ], [ 154.79996457419256, -33.00992295652956 ], [ 152.09206539077991, -34.11735567246567 ], [ 151.59183045712601, -33.96305435950763 ], [ 151.27398707202801, -33.76116106060912 ] ], [ [ 151.19625712709274, -33.91357160557038 ], [ 152.09996648689665, -34.39497520616068 ], [ 155.69996393662453, -35.22626671976625 ], [ 159.29996138635258, -35.77578304431546 ], [ 167.39995564824065, -36.3215277599179 ], [ 172.79995182283281, -36.68325067019043 ], [ 174.62339053109176, -36.78757761230096 ] ], [ [ 174.76792042870525, -36.78780986154051 ], [ 175.04990772894308, -36.59297842795038 ], [ 175.04990772894308, -36.14003339129543 ], [ 175.49990741015898, -35.77578304431546 ], [ 178.64990517867093, -36.14003339129543 ], [ 179.99990422231897, -35.59302880961419 ] ] ] } },
{ "type": "Feature", "properties": { "id": "st-thomas-st-croix-system", "name": "St. Thomas-St. Croix System", "color": "#ba742d", "feature_id": "st-thomas-st-croix-system-0", "coordinates": [ -64.841495986478165, 17.801341998886858 ] }, "geometry": { "type": "MultiLineString", "coordinates": [ [ [ -64.84313982857148, 18.32246825467821 ], [ -64.68454994091798, 17.78227950751879 ], [ -64.70319992770621, 17.74666281144765 ], [ -64.70319992770621, 17.78227950751879 ], [ -64.72174991456521, 17.80134199888686 ], [ -64.90007978823466, 17.80134199888686 ], [ -64.90007978823466, 17.74805332885241 ], [ -64.88146980141806, 17.71242982204199 ], [ -64.91862977509366, 17.74805332885241 ], [ -64.99386972179303, 18.32460417009705 ] ], [ [ -64.99386972179303, 18.32460417009705 ], [ -64.98456972838113, 18.33350353379361 ], [ -64.97526973496932, 18.34240243947231 ], [ -64.96164474462148, 18.33906599678551 ], [ -64.94801975427346, 18.33572948969615 ], [ -64.94592475575756, 18.33197524897088 ], [ -64.94382975724173, 18.32822092673729 ], [ -64.95080975229708, 18.32057438761827 ], [ -64.95778974735234, 18.31292751058447 ], [ -64.92753976878178, 18.3027738725405 ], [ -64.89728979021113, 18.29261963928001 ], [ -64.87021480939131, 18.30754459009005 ], [ -64.84313982857148, 18.32246825467821 ] ] ] } },
{ "type": "Feature", "properties": { "id": "subcan-link-1", "name": "Subcan Link 1", "color": "#92c83d", "feature_id": "subcan-link-1-0", "coordinates": [ -15.492297959982858, 28.386459207827542 ] }, "geometry": { "type": "MultiLineString", "coordinates": [ [ [ -16.36231417284318, 28.37762364282845 ], [ -15.28809493383021, 28.38853301873347 ], [ -15.18009501033834, 28.38853301873347 ], [ -15.18009501033834, 28.06035879952448 ], [ -15.40875484835354, 28.04096958285526 ] ] ] } },
{ "type": "Feature", "properties": { "id": "subcan-link-2", "name": "Subcan Link 2", "color": "#8dc63e", "feature_id": "subcan-link-2-0", "coordinates": [ -15.338729479097349, 28.479089831322458 ] }, "geometry": { "type": "MultiLineString", "coordinates": [ [ [ -16.36231417284318, 28.37762364282845 ], [ -15.28809493383021, 28.48410914662267 ], [ -15.07208508685357, 28.48410914662267 ], [ -15.07208508685357, 28.06035879952448 ], [ -15.40875484835354, 28.04096958285526 ] ] ] } },
{ "type": "Feature", "properties": { "id": "suriname-guyana-submarine-cable-system-sg-scs", "name": "Suriname-Guyana Submarine Cable System (SG-SCS)", "color": "#63bb45", "feature_id": "suriname-guyana-submarine-cable-system-sg-scs-0", "coordinates": [ -58.380112289273406, 9.0296044815282421 ] }, "geometry": { "type": "MultiLineString", "coordinates": [ [ [ -56.37537582721494, 5.88662076735375 ], [ -56.36238583641721, 6.40520079535603 ], [ -56.47488575672114, 7.29876275445952 ], [ -57.37488511915311, 8.1905434177955 ], [ -60.29988304705723, 10.63203320811784 ], [ -60.74988272827321, 10.85308969074528 ], [ -60.97488256888116, 10.96355685778932 ], [ -61.42488225009723, 10.85308969074528 ], [ -61.65081209004632, 10.68626103278632 ] ], [ [ -58.15486456660835, 6.80429329928868 ], [ -57.71238488006516, 7.29876275445952 ], [ -57.37488511915311, 8.1905434177955 ] ] ] } },
{ "type": "Feature", "properties": { "id": "svalbard-undersea-cable-system", "name": "Svalbard Undersea Cable System", "color": "#944c9d", "feature_id": "svalbard-undersea-cable-system-0", "coordinates": [ 16.713776718677188, 69.255761658270799 ] }, "geometry": { "type": "MultiLineString", "coordinates": [ [ [ 15.64298307558301, 78.21811207261818 ], [ 14.42937335472244, 78.13693925913735 ], [ 13.50753200854148, 78.15076892267464 ], [ 12.76375065562616, 78.04851931491818 ], [ 11.70006594750324, 77.07068952519339 ], [ 12.60006530993539, 73.42211510500317 ], [ 16.20006275966344, 69.73724550802271 ], [ 16.87506228148737, 69.10459505606217 ], [ 16.87506228148737, 68.86251864159421 ], [ 16.55318750891059, 68.73431026184308 ], [ 16.98756220179148, 68.86251864159421 ], [ 17.10006212209541, 69.10459505606217 ], [ 16.65006244087933, 69.73724550802271 ], [ 13.05006499115128, 73.42211510500317 ], [ 12.15006562871931, 77.07068952519339 ], [ 13.05006499115128, 78.03993864842269 ], [ 13.52556307164232, 78.12018490851229 ], [ 14.45225992031443, 78.11541206926741 ], [ 15.64298307558301, 78.21811207261818 ] ] ] } },
{ "type": "Feature", "properties": { "id": "sweden-estonia-ee-s-1", "name": "Sweden-Estonia (EE-S 1)", "color": "#e23825", "feature_id": "sweden-estonia-ee-s-1-0", "coordinates": [ 21.772402244209484, 59.133557347737586 ] }, "geometry": { "type": "MultiLineString", "coordinates": [ [ [ 24.75249670103896, 59.43639985926234 ], [ 24.41255694185543, 59.50884868221247 ], [ 23.85005734033543, 59.45171731890513 ], [ 23.1750578185115, 59.22222391484431 ], [ 22.73638812926924, 59.00008283504661 ], [ 22.0500586154715, 59.10689495719073 ], [ 20.25005989060738, 59.27974267096037 ], [ 18.90006084695934, 59.27974267096037 ], [ 18.68836099692981, 59.29276676569157 ] ] ] } },
{ "type": "Feature", "properties": { "id": "taino-carib", "name": "Taino-Carib", "color": "#44bb90", "feature_id": "taino-carib-0", "coordinates": [ -65.509979957448195, 18.442367991692414 ] }, "geometry": { "type": "MultiLineString", "coordinates": [ [ [ -66.08278895039234, 18.4536024087815 ], [ -66.030607739014, 18.44429123321624 ], [ -66.01686899709074, 18.44183961864287 ], [ -65.69987922164921, 18.46536439313713 ], [ -64.93708976201641, 18.3729921940909 ] ] ] } },
{ "type": "Feature", "properties": { "id": "taiwan-strait-express-1-tse-1", "name": "Taiwan Strait Express-1 (TSE-1)", "color": "#63b545", "feature_id": "taiwan-strait-express-1-tse-1-0", "coordinates": [ 120.58041644458821, 25.620763286564546 ] }, "geometry": { "type": "MultiLineString", "coordinates": [ [ [ 119.60781373392035, 25.78077072117707 ], [ 119.92498927876045, 25.80535568586441 ], [ 120.82498864178831, 25.55188275942587 ], [ 121.27498832419637, 25.34871742211671 ], [ 121.46258819070279, 25.18171281892438 ] ] ] } },
{ "type": "Feature", "properties": { "id": "exelera-north", "name": "Exelera North", "color": "#d41577", "feature_id": "exelera-north-0", "coordinates": [ 33.555646127767034, 33.539914733769379 ] }, "geometry": { "type": "MultiLineString", "coordinates": [ [ [ 32.46665123625969, 34.76657169708598 ], [ 32.62505112404761, 34.49779087043369 ], [ 33.52505048647958, 33.56549148235204 ], [ 34.20005000830351, 33.00121852265448 ], [ 34.97190100000024, 32.7617 ] ] ] } },
{ "type": "Feature", "properties": { "id": "tangerine", "name": "Tangerine", "color": "#25ae73", "feature_id": "tangerine-0", "coordinates": [ 2.1668424991066217, 51.235991798271144 ] }, "geometry": { "type": "MultiLineString", "coordinates": [ [ [ 1.44099321512691, 51.35857144425905 ], [ 1.80007296075124, 51.23599179827114 ], [ 2.47507248257535, 51.23599179827114 ], [ 2.91277217250473, 51.2312205646267 ] ] ] } },
{ "type": "Feature", "properties": { "id": "tasman-global-access-tga-cable", "name": "Tasman Global Access (TGA) Cable", "color": "#cc3b95", "feature_id": "tasman-global-access-tga-cable-0", "coordinates": [ 162.80338589227679, -36.736456351919308 ] }, "geometry": { "type": "MultiLineString", "coordinates": [ [ [ 174.87183035509463, -37.8013820822191 ], [ 174.59995054769675, -37.75823576474698 ], [ 172.79995182283281, -37.40161074814382 ], [ 167.39995564824065, -37.04328040742407 ], [ 159.29996138635258, -36.50260046108511 ], [ 155.69996393662453, -35.59302880961419 ], [ 152.09996648689665, -34.48775447869505 ], [ 151.24508709250131, -33.73712305097786 ] ] ] } },
{ "type": "Feature", "properties": { "id": "tata-tgn-atlantic-south", "name": "Tata TGN-Atlantic South", "color": "#b86d35", "feature_id": "tata-tgn-atlantic-south-0", "coordinates": [ -38.539443051092491, 45.904503508726023 ] }, "geometry": { "type": "MultiLineString", "coordinates": [ [ [ -2.97487365663167, 51.22244696599781 ], [ -4.04992289505673, 51.3766517753536 ], [ -5.39992193870468, 51.16550007909214 ], [ -7.19992066356871, 51.02419288763878 ], [ -10.79991811329676, 50.31116725161073 ], [ -16.19991428788883, 49.87814473780419 ], [ -23.39990918734485, 49.58728674004685 ], [ -39.59989771112098, 45.64654149518739 ], [ -50.39989006030513, 42.57825408607285 ], [ -61.19988240948919, 41.0693404382162 ], [ -68.39987730894529, 40.72920412488655 ], [ -71.09987539624129, 40.30157665795881 ], [ -74.06286329723282, 40.15283384719588 ] ] ] } },
{ "type": "Feature", "properties": { "id": "tata-tgn-gulf", "name": "Tata TGN-Gulf", "color": "#63bb45", "feature_id": "tata-tgn-gulf-0", "coordinates": [ 60.376302878680036, 22.884654113882444 ] }, "geometry": { "type": "MultiLineString", "coordinates": [ [ [ 61.87503040308773, 18.67864702215472 ], [ 61.87503040308773, 22.46944396482952 ], [ 60.75003119945182, 22.88465411388244 ], [ 59.62503199581592, 22.88465411388244 ], [ 59.36666217944352, 22.70000399242387 ], [ 59.40003215580378, 22.88465411388244 ], [ 59.17503231400394, 23.60821444135947 ], [ 58.50003279396771, 24.4302719280487 ], [ 56.92503390971164, 25.04332905661218 ], [ 56.33372432860119, 25.12169000495864 ] ], [ [ 55.30853505485483, 25.26935399813018 ], [ 55.14608014072233, 25.49144237031907 ], [ 54.94940481462296, 25.64517180848026 ], [ 53.55003630059162, 26.05828756029904 ], [ 52.42503709755162, 26.56251314923671 ], [ 51.75003757572769, 26.9643047345629 ], [ 51.07503805390375, 27.36466799386026 ], [ 50.51253845238375, 26.9643047345629 ], [ 50.28753861177572, 26.46184379618898 ], [ 50.21419866373056, 26.28537535931817 ] ], [ [ 50.57601840741415, 26.22949483839126 ], [ 51.18753797420769, 26.56251314923671 ], [ 51.75003757572769, 26.9643047345629 ] ], [ [ 51.51927773920008, 25.29460875802463 ], [ 51.97503741633572, 26.05828756029904 ], [ 52.42503709755162, 26.56251314923671 ] ] ] } },
{ "type": "Feature", "properties": { "id": "tata-tgn-pacific", "name": "Tata TGN-Pacific", "color": "#b86637", "feature_id": "tata-tgn-pacific-0", "coordinates": [ -141.98468279027563, 47.360741491386193 ] }, "geometry": { "type": "MultiLineString", "coordinates": [ [ [ -118.24535355799169, 34.05339687939706 ], [ -118.79984160513764, 33.93964008831966 ], [ -119.2498412869497, 33.87739543625145 ], [ -120.59984033000157, 33.93964008831966 ], [ -122.39983905486559, 34.31215165223547 ], [ -123.29983841789374, 35.05222991093673 ], [ -125.54983682337766, 38.65181171271134 ], [ -126.44983618580963, 42.74371346443669 ], [ -125.09983714216159, 45.0138336439531 ], [ -124.19983777972962, 45.74476367411526 ], [ -123.52483825790569, 45.76438740771229 ], [ -122.98980067585488, 45.52289882456297 ], [ -123.52483825790569, 45.8428133389289 ], [ -124.19983777972962, 45.92112887154667 ], [ -125.09983714216159, 46.0383951936514 ], [ -129.5998339543217, 46.27218285381365 ], [ -138.59982757864174, 47.19740739556967 ], [ -151.19981865269, 47.80541217589291 ], [ -179.99979825051412, 47.80541217589291 ] ], [ [ -122.98980067585488, 45.52289882456297 ], [ -123.52483825790569, 45.86240257160284 ], [ -124.19983777972962, 45.97979307748938 ], [ -125.09983714216159, 46.19436398821858 ], [ -129.5998339543217, 46.5823550820958 ], [ -138.59982757864174, 47.80541217589291 ], [ -151.19981865268991, 48.40638249553803 ], [ -179.99979825051412, 48.40638249553803 ] ], [ [ 179.99995828233068, 48.40638249553803 ], [ 172.79995182283281, 48.40638249553803 ], [ 160.19996074878455, 45.33107107332486 ], [ 149.39996839960057, 39.35121757117122 ], [ 141.2999741377125, 35.05222991093673 ], [ 140.34372481512841, 35.05222991093673 ], [ 140.06110501533894, 35.06229841779481 ] ], [ [ 179.99995828233068, 47.80541217589291 ], [ 172.79995182283281, 47.80541217589291 ], [ 160.19996074878455, 44.69482908957816 ], [ 149.39996839960057, 39.00237890905839 ], [ 143.09997286257644, 35.05222991093673 ], [ 138.59997605041642, 34.03292178996404 ], [ 137.69997668798445, 34.31215165223547 ], [ 137.39157690645783, 34.76914289401008 ], [ 137.58747676768036, 34.31215165223547 ], [ 138.59997605041642, 24.12261698700344 ], [ 139.94997509406446, 21.63529738485955 ], [ 142.19997350014447, 16.96510259943593 ], [ 143.32497270318447, 15.23578178303578 ], [ 144.22497206561644, 13.92930384327183 ], [ 144.69470173285575, 13.46477296237014 ] ] ] } },
{ "type": "Feature", "properties": { "id": "tata-tgn-tata-indicom", "name": "Tata TGN-Tata Indicom", "color": "#94a139", "feature_id": "tata-tgn-tata-indicom-0", "coordinates": [ 92.853999115014844, 8.5594948340008408 ] }, "geometry": { "type": "MultiLineString", "coordinates": [ [ [ 80.24298739105474, 13.06385310188338 ], [ 81.45001653598388, 12.17588718550798 ], [ 83.70001494206389, 10.41081650540272 ], [ 89.10001111665605, 9.08033076823294 ], [ 93.1500082476, 8.51842592456948 ], [ 95.40000665368001, 7.52188323740651 ], [ 97.42500521915215, 6.5728695185769 ], [ 99.22500394401609, 5.28606986082101 ], [ 100.01250338614413, 4.61359157886277 ], [ 100.57500298766413, 3.26681481681567 ], [ 101.25000250948806, 2.59270146460193 ], [ 102.15000187192003, 2.08687553927735 ], [ 102.68279723997186, 1.72689467644686 ], [ 103.34065102845322, 1.32779378194501 ], [ 103.50000091556807, 1.24329012421227 ], [ 103.91973061822782, 1.17221597244387 ] ], [ [ 103.91973061822782, 1.17221597244387 ], [ 103.98701057056589, 1.38945139680023 ] ] ] } },
{ "type": "Feature", "properties": { "id": "tata-tgn-western-europe", "name": "Tata TGN-Western Europe", "color": "#613e98", "feature_id": "tata-tgn-western-europe-0", "coordinates": [ -9.1231726308796723, 49.586130053554875 ] }, "geometry": { "type": "MultiLineString", "coordinates": [ [ [ -2.94919367482356, 43.27422025200065 ], [ -4.04992289505673, 44.69482908957816 ], [ -5.84992161992076, 46.27218285381365 ], [ -6.97492082296076, 48.10677570919628 ], [ -6.97492082296076, 50.45463912589396 ], [ -5.39992193870468, 51.02419288763878 ], [ -4.04992289505673, 51.27119721416558 ], [ -2.97487365663167, 51.22244696599781 ], [ -4.04992289505673, 51.30637567738274 ], [ -5.39992193870468, 51.09490046148111 ], [ -7.19992066356871, 50.59767719905356 ], [ -10.79991811329676, 48.70423463096067 ], [ -15.29991492545678, 44.69482908957816 ], [ -15.29991492545678, 39.6983233549332 ], [ -13.94991588180883, 39.00237890905839 ], [ -10.79991811329676, 38.65181171271134 ], [ -9.10743931226466, 38.64265833034634 ] ] ] } },
{ "type": "Feature", "properties": { "id": "te-northtgn-eurasiaseacomalexandrosmedex", "name": "TE North/TGN-Eurasia/SEACOM/Alexandros/Medex", "color": "#3c54a4", "feature_id": "te-northtgn-eurasiaseacomalexandrosmedex-0", "coordinates": [ 15.326417266767319, 33.977401942308276 ] }, "geometry": { "type": "MultiLineString", "coordinates": [ [ [ 8.10006849777537, 37.94551049545967 ], [ 7.98756857747126, 37.23235432155614 ], [ 7.75543874191439, 36.90282046530194 ] ], [ [ 27.90005447127938, 32.24321001626274 ], [ 30.60005255857546, 32.43331330641721 ], [ 32.40005128343957, 33.18971466460047 ], [ 33.41255056617547, 34.49779087043369 ], [ 33.61060042587536, 34.82728147271538 ] ], [ [ 5.37253042998907, 43.29362778902908 ], [ 6.07506993230322, 41.74435878948223 ], [ 7.42506897595126, 38.65181171271134 ], [ 8.10006849777537, 37.94551049545967 ], [ 9.00006785961144, 37.85673997565852 ], [ 10.34861722976928, 37.85673997565852 ], [ 10.91256650537538, 37.50058844605323 ], [ 11.70006594631144, 37.23235432155614 ], [ 11.81256586780735, 36.24065523321488 ], [ 12.26256554902342, 35.78566189952622 ], [ 12.65631527009244, 35.41978051708035 ], [ 14.40006403479932, 34.26567752652429 ], [ 16.65006244087933, 33.56549148235204 ], [ 19.35006052817542, 33.93964008831966 ], [ 22.0500586148756, 33.87739543625145 ], [ 25.20005638398347, 33.14262853088797 ], [ 27.90005447127938, 32.24321001626274 ], [ 29.70093319552029, 31.07227003166031 ] ] ] } },
{ "type": "Feature", "properties": { "id": "telstra-endeavour", "name": "Telstra Endeavour", "color": "#393d98", "feature_id": "telstra-endeavour-0", "coordinates": [ 168.29156866934412, -24.230720295320193 ] }, "geometry": { "type": "MultiLineString", "coordinates": [ [ [ 151.22848710426095, -33.88203865028552 ], [ 152.03321422211539, -33.84895888036507 ], [ 154.80001816943468, -32.42303499442431 ], [ 160.64997402527118, -30.30995334464681 ], [ 166.49996988107907, -25.54089607625931 ], [ 170.99996669323909, -22.25009967909008 ], [ 173.69996478053517, -17.16855309422616 ], [ 179.9999603175593, -8.40113904812284 ] ], [ [ -179.99979825051412, -8.40113904812284 ], [ -176.39980080078607, -3.02999596800866 ], [ -172.79980335105813, 2.36791255870541 ], [ -167.39980717646606, 10.41081650540272 ], [ -163.799809726738, 14.80115422479158 ], [ -160.19981227701049, 18.67864702215472 ], [ -158.849813233362, 20.79630610510887 ], [ -158.3998135521461, 21.4259978723854 ], [ -158.24204999203212, 21.54876173571662 ] ] ] } },
{ "type": "Feature", "properties": { "id": "thailand-indonesia-singapore-tis", "name": "Thailand-Indonesia-Singapore (TIS)", "color": "#79c042", "feature_id": "thailand-indonesia-singapore-tis-0", "coordinates": [ 104.39972285741889, 5.2414360257314403 ] }, "geometry": { "type": "MultiLineString", "coordinates": [ [ [ 104.0166370000003, 1.06679800000035 ], [ 104.03350053763215, 1.2907484829626 ], [ 103.98701057056589, 1.38945139680023 ], [ 104.19209042528557, 1.30265542451702 ], [ 104.28790035741287, 1.35596103499925 ], [ 104.37232529760543, 1.46842676733197 ], [ 104.65208343275526, 2.36791255870541 ], [ 104.38596586214548, 5.39808113046365 ], [ 103.03476681934734, 6.89349213828295 ], [ 101.70000219070414, 7.01970596738534 ], [ 100.5951029728293, 7.19881807126442 ] ] ] } },
{ "type": "Feature", "properties": { "id": "the-east-african-marine-system-teams", "name": "The East African Marine System (TEAMS)", "color": "#73bf43", "feature_id": "the-east-african-marine-system-teams-0", "coordinates": [ 57.174355223971553, 8.258620151746948 ] }, "geometry": { "type": "MultiLineString", "coordinates": [ [ [ 39.67289613128801, -4.05292436476305 ], [ 42.30004427019158, -4.60145376483711 ], [ 46.57504124174374, -2.35574573664619 ], [ 53.10003661937573, 1.46842676733197 ], [ 56.25003438848378, 5.51007171180325 ], [ 57.60003343153574, 9.52441134501949 ], [ 62.10003024369576, 15.66951322515525 ], [ 63.00002960612773, 20.79630610510887 ], [ 63.00002960612773, 22.46944396482952 ], [ 59.85003183761575, 24.32780311165363 ], [ 58.50003279396771, 24.66052224964885 ], [ 56.92503390971164, 24.91585849355883 ], [ 56.33372432860119, 25.12169000495864 ] ] ] } },
{ "type": "Feature", "properties": { "id": "tobrok-emasaed-cable-system", "name": "Tobrok-Emasaed Cable System", "color": "#65ac44", "feature_id": "tobrok-emasaed-cable-system-0", "coordinates": [ 24.606382917057203, 32.156757075710701 ] }, "geometry": { "type": "MultiLineString", "coordinates": [ [ [ 23.9604072621627, 32.07985133144836 ], [ 24.30005702155151, 32.24321001626274 ], [ 24.97505654337544, 32.0527080234862 ], [ 25.08735646382125, 31.76122793771473 ] ] ] } },
{ "type": "Feature", "properties": { "id": "tonga-cable", "name": "Tonga Cable", "color": "#42b549", "feature_id": "tonga-cable-0", "coordinates": [ -177.62282479346842, -20.297109438335415 ] }, "geometry": { "type": "MultiLineString", "coordinates": [ [ [ -179.99979825051412, -19.30538407236131 ], [ -175.94980111957011, -20.99513154302578 ], [ -175.20000165073512, -21.13346565929297 ] ], [ [ 179.9999603175593, -19.30538407236131 ], [ 179.09996095512733, -18.66711083815884 ], [ 178.43744782917764, -18.12381094353719 ] ] ] } },
{ "type": "Feature", "properties": { "id": "trans-pacific-express-tpe-cable-system", "name": "Trans-Pacific Express (TPE) Cable System", "color": "#a2c539", "feature_id": "trans-pacific-express-tpe-cable-system-0", "coordinates": [ -151.72507890815905, 46.582355082095802 ] }, "geometry": { "type": "MultiLineString", "coordinates": [ [ [ 134.99997860068837, 30.70813999354164 ], [ 136.79997732555231, 31.47882267273615 ], [ 138.59997605041642, 32.62301664000789 ], [ 140.39997477528055, 33.37780603565933 ], [ 143.09997286257644, 34.49779087043369 ], [ 149.39996839960057, 37.94551049545967 ], [ 160.19996074878455, 43.40114497315395 ], [ 172.79995182283281, 46.5823550820958 ], [ 179.99995828233068, 46.5823550820958 ] ], [ [ 132.74998019460836, 30.32046542476144 ], [ 132.74998019460836, 30.70813999354164 ], [ 130.49998178852834, 30.70813999354164 ], [ 128.92498290427227, 31.67051304708713 ], [ 127.85028816476637, 33.19758857732108 ], [ 128.36248330275228, 34.31215165223547 ], [ 128.62078311977027, 34.88072781981967 ], [ 127.91248362153638, 34.31215165223547 ], [ 127.12498417940834, 33.18971466460047 ], [ 125.99998497636834, 32.8123187832876 ], [ 124.19998625150441, 33.18971466460047 ], [ 122.84998720785636, 33.93964008831966 ], [ 120.8249886423844, 35.41978051708035 ], [ 120.34246898420574, 36.08731090741939 ], [ 120.59998880177636, 35.41978051708035 ], [ 122.39998752664029, 33.93964008831966 ], [ 123.74998657028833, 33.00121852265448 ], [ 124.19998625150441, 31.86180860227073 ] ], [ [ 139.97546699999984, 35.00543300000017 ], [ 140.1046624838865, 34.89859296336222 ], [ 140.06247501377248, 34.69072647741027 ], [ 139.94997509406446, 34.40502275071594 ], [ 139.04997573163232, 33.93964008831966 ], [ 136.79997732555231, 31.86180860227073 ], [ 134.99997860068837, 31.09426282763951 ], [ 132.74998019460836, 30.70813999354164 ] ], [ [ 121.40818822924032, 31.61896581082966 ], [ 122.17498768603225, 31.19054975154414 ], [ 123.52498672968029, 30.12604984672283 ], [ 123.74998657028833, 28.16105226222079 ], [ 121.94998784542422, 26.56251314923671 ], [ 121.49998816420832, 25.75470426341523 ], [ 121.46258819070279, 25.18171281892438 ], [ 121.61248808451225, 25.75470426341523 ], [ 121.94998784542422, 26.36108632539156 ], [ 125.26189309097956, 27.59034732929116 ], [ 130.49998178852834, 30.70813999354164 ] ], [ [ 134.99997860068837, 30.70813999354164 ], [ 132.74998019460836, 30.32046542476144 ], [ 130.49998178852834, 30.5144959597591 ], [ 124.19998625150441, 31.86180860227073 ], [ 122.84998720785636, 31.95730791100496 ], [ 121.94998784542422, 31.76621025972701 ], [ 121.39529823837174, 31.61980032886775 ] ], [ [ -123.94016937986751, 45.64401775142813 ], [ -125.09983714216159, 44.85455225626708 ], [ -129.5998339543217, 44.05151922873524 ], [ -138.59982757864174, 45.64654149518739 ], [ -151.19981865268991, 46.5823550820958 ], [ -179.99979825051412, 46.5823550820958 ] ] ] } },
{ "type": "Feature", "properties": { "id": "transworld-tw1", "name": "Transworld (TW1)", "color": "#61bb46", "feature_id": "transworld-tw1-0", "coordinates": [ 61.672002136450018, 24.665565595204001 ] }, "geometry": { "type": "MultiLineString", "coordinates": [ [ [ 58.1762030233719, 23.68487753168473 ], [ 58.27508295332456, 23.91710129093513 ], [ 58.72503263457575, 24.22525137740191 ], [ 59.85003265596724, 24.94135911314286 ] ], [ [ 56.33372432860119, 25.12169000495864 ], [ 56.92503390971164, 25.06880730109889 ], [ 58.72503263457575, 25.14521022740135 ], [ 59.85003265596724, 24.94135911314286 ], [ 62.55002992491184, 24.53265756616073 ], [ 67.02854675228855, 24.88973170123582 ] ] ] } },
{ "type": "Feature", "properties": { "id": "tt1", "name": "TT1", "color": "#4abb84", "feature_id": "tt1-0", "coordinates": [ -60.970520635231445, 11.021638590788555 ] }, "geometry": { "type": "MultiLineString", "coordinates": [ [ [ -60.94959258679683, 10.83151190051162 ], [ -60.97488256888116, 11.01681186527212 ], [ -60.84026266424723, 11.16577637984136 ] ] ] } },
{ "type": "Feature", "properties": { "id": "turcyos-1", "name": "Turcyos-1", "color": "#97b93c", "feature_id": "turcyos-1-0", "coordinates": [ 33.033476586141241, 35.676931641711754 ] }, "geometry": { "type": "MultiLineString", "coordinates": [ [ [ 32.96670088142377, 36.09999736401564 ], [ 32.96255088436367, 35.90725015614043 ], [ 33.0750508046676, 35.54192681258013 ], [ 33.23628069104678, 35.29912186607703 ] ] ] } },
{ "type": "Feature", "properties": { "id": "turcyos-2", "name": "Turcyos-2", "color": "#81c341", "feature_id": "turcyos-2-0", "coordinates": [ 35.016392666816941, 35.496395122837981 ] }, "geometry": { "type": "MultiLineString", "coordinates": [ [ [ 35.9993687336493, 36.0823408136736 ], [ 35.55004905195155, 35.78566189952622 ], [ 34.87504953012762, 35.41978051708035 ], [ 34.20005000830351, 35.23621340052824 ], [ 33.91945020708308, 35.28438909238445 ] ] ] } },
{ "type": "Feature", "properties": { "id": "uae-iran", "name": "UAE-Iran", "color": "#d41f26", "feature_id": "uae-iran-0", "coordinates": [ 57.212944337494406, 25.153681018757986 ] }, "geometry": { "type": "MultiLineString", "coordinates": [ [ [ 56.33372432860119, 25.12169000495864 ], [ 56.92503390971164, 25.09428024701315 ], [ 57.60364342897847, 25.23428882352868 ], [ 57.79730329178807, 25.6813227078825 ] ] ] } },
{ "type": "Feature", "properties": { "id": "ugarit", "name": "UGARIT", "color": "#267cb5", "feature_id": "ugarit-0", "coordinates": [ 34.752742948076701, 34.82107849658103 ] }, "geometry": { "type": "MultiLineString", "coordinates": [ [ [ 35.89779880560243, 34.89170328553848 ], [ 35.55004905195155, 34.86783100527335 ], [ 33.97505016769547, 34.77547607575666 ], [ 33.61060042587536, 34.82728147271538 ] ] ] } },
{ "type": "Feature", "properties": { "id": "uk-channel-islands-8", "name": "UK-Channel Islands-8", "color": "#8fc73e", "feature_id": "uk-channel-islands-8-0", "coordinates": [ -3.7568240359353537, 49.466671013889979 ] }, "geometry": { "type": "MultiLineString", "coordinates": [ [ [ -2.22599418714485, 49.21570868235566 ], [ -2.42067404923185, 49.2186480515311 ], [ -3.59992321384075, 49.44120372312804 ], [ -4.49992257627272, 49.58728674004685 ], [ -5.1729720994781, 50.02254139117193 ] ] ] } },
{ "type": "Feature", "properties": { "id": "unity", "name": "Unity", "color": "#77459a", "feature_id": "unity-0", "coordinates": [ -148.18220341164763, 44.066300667566537 ] }, "geometry": { "type": "MultiLineString", "coordinates": [ [ [ -118.38802345391501, 33.84447040216643 ], [ -120.59984033000157, 33.79952573458142 ], [ -122.39983905486559, 34.12610104005753 ], [ -129.5998339543217, 37.94551049545967 ], [ -138.59982757864191, 42.07923561816413 ], [ -151.19983391146832, 44.69205655553234 ], [ -179.99981350929238, 44.69205655553234 ] ], [ [ 139.95485509060742, 34.97657002902234 ], [ 140.06247501377248, 34.96776525378359 ], [ 140.34372481512841, 34.96008232454835 ], [ 141.2999741377125, 34.86783100527335 ], [ 143.09997286257644, 34.86783100527335 ], [ 149.39996839960057, 36.1498667868178 ], [ 160.19996074878455, 41.40772623743595 ], [ 172.79992073307184, 44.69481158875259 ], [ 179.99992719256971, 44.69481158875259 ] ] ] } },
{ "type": "Feature", "properties": { "id": "west-africa-cable-system-wacs", "name": "West Africa Cable System (WACS)", "color": "#394da1", "feature_id": "west-africa-cable-system-wacs-0", "coordinates": [ -6.0667781322171503, -0.78138663622558746 ] }, "geometry": { "type": "MultiLineString", "coordinates": [ [ [ 14.53346394029765, -22.68542973223072 ], [ 13.05006499115128, -22.87343495354633 ], [ 9.9000672226393, -23.49392244589784 ] ], [ [ 12.34996548710851, -5.93337373147133 ], [ 10.80006658507127, -5.94570715507064 ], [ 8.10006849777537, -6.61665069347536 ] ], [ [ 9.00006786020734, -10.62006486036324 ], [ 11.70006594750324, -9.29042430103552 ], [ 12.60006530993539, -9.29042430103552 ], [ 13.20144038206875, -9.49008098880628 ] ], [ [ 10.80006658507127, -5.94570715507064 ], [ 11.25006626569144, -5.23660202194046 ], [ 11.86363583162902, -4.77878776891936 ] ], [ [ 4.50007104804732, 0.11858841888831 ], [ 6.30006977291125, 1.69334082279173 ], [ 8.10006849777537, 2.36791255870541 ], [ 9.00006786020734, 3.26681481681567 ], [ 9.2086577124405, 4.01470647978415 ] ], [ [ 3.42351181069211, 6.43906691148463 ], [ 3.37507184500731, 4.16491284997694 ], [ 2.25007264196731, 2.03066189047467 ] ], [ [ 1.22780336615254, 6.12630729721873 ], [ 1.46257319924337, 5.06198695441611 ], [ 3.37507184500731, 4.16491284997694 ] ], [ [ -9.10743931226466, 38.64265833034634 ], [ -9.44991906964872, 38.29952060596925 ], [ -11.0249179539048, 36.51238821239364 ], [ -11.92491731633676, 35.41978051708035 ], [ -13.49991620059275, 32.0527080234862 ], [ -14.62491540363276, 30.5144959597591 ], [ -15.29991492545678, 28.95155473219332 ], [ -16.19991428788883, 27.76358852605777 ], [ -17.99991301275286, 24.94136317175375 ], [ -18.89991237518483, 22.88465411388244 ], [ -20.24991141883287, 19.95262290516439 ], [ -20.24991141883287, 15.23578178303578 ], [ -20.24991141883287, 11.73565016140583 ], [ -18.89991237518483, 8.63569941732747 ], [ -14.39991556302481, 2.81745044265417 ], [ -10.79991811329676, -0.78138663622559 ], [ -3.59992321384075, -0.78138663622559 ], [ 0.22507407649534, 0.13163185678509 ], [ 1.5750731201432, 1.35596103499925 ], [ 2.25007264196731, 2.03066189047467 ], [ 4.50007104804732, 0.11858841888831 ], [ 6.30006977291125, -1.23131575021741 ], [ 7.65006881655929, -4.82569249921742 ], [ 8.10006849777537, -6.61665069347536 ], [ 9.00006786020734, -10.62006486036324 ], [ 8.55006817899126, -18.02642638371345 ], [ 9.9000672226393, -23.49392244589784 ], [ 13.95006435358343, -30.30995334464681 ], [ 15.75006307844736, -32.61276000573574 ], [ 16.65006244087933, -33.27363077142247 ], [ 18.15553137439108, -33.34805845646768 ] ], [ [ -0.20431561932097, 5.55828588990586 ], [ 0.22507407649534, 3.279837005485 ], [ 0.22507407649534, 0.13163185678509 ] ], [ [ -4.02624291183188, 5.32350879182484 ], [ -4.16242281536075, 3.26681481681567 ], [ -4.27492273566468, 2.36791255870541 ], [ -4.14992282421577, 1.46842676733197 ], [ -3.59992321384075, -0.78138663622559 ] ], [ [ -23.52120910141486, 14.92303556017167 ], [ -22.49990982491288, 15.01857857375747 ], [ -20.24991141883287, 15.01857857375747 ] ], [ [ -16.19991428788883, 27.76358852605777 ], [ -15.74991460667276, 27.56430948794192 ], [ -15.46866480591276, 27.56430948794192 ], [ -15.29991492545678, 27.663994423747 ], [ -15.29991492545678, 27.81335144651435 ], [ -15.39874485544474, 27.95939426104602 ] ] ] } },
{ "type": "Feature", "properties": { "id": "cross-straits-cable-network-cscn", "name": "Cross-Straits Cable Network (CSCN)", "color": "#1e92d1", "feature_id": "cross-straits-cable-network-cscn-0", "coordinates": [ 118.23949047409472, 24.47471752631132 ] }, "geometry": { "type": "MultiLineString", "coordinates": [ [ [ 118.30692042620751, 24.47605087956017 ], [ 118.30389542835046, 24.5163951946322 ], [ 118.3008704304934, 24.55672655773242 ] ], [ [ 118.18905050970763, 24.49391553948059 ], [ 118.23949047397549, 24.4747175263567 ], [ 118.28993043824354, 24.45551658468583 ] ] ] } },
{ "type": "Feature", "properties": { "id": "yellow", "name": "Yellow", "color": "#b99633", "feature_id": "yellow-0", "coordinates": [ -38.707972146705828, 44.596065923271588 ] }, "geometry": { "type": "MultiLineString", "coordinates": [ [ [ -72.93786409419282, 40.75584308487114 ], [ -71.09987539624129, 40.12976255393115 ], [ -68.39987730894529, 40.38732029077508 ], [ -61.19988240948919, 40.38732029077508 ], [ -50.39989006030513, 41.57626183009815 ], [ -39.59989771112098, 44.37405751055857 ], [ -23.39990918734485, 48.40638249553803 ], [ -16.19991428788883, 49.29468421942562 ], [ -10.79991811329676, 50.02292045625494 ], [ -8.09992002600077, 50.31116725161073 ], [ -5.39992193870468, 50.81142185928294 ], [ -4.54440254476274, 50.82820142743812 ] ] ] } },
{ "type": "Feature", "properties": { "id": "baltic-sea-submarine-cable", "name": "Baltic Sea Submarine Cable", "color": "#2fbfcc", "feature_id": "baltic-sea-submarine-cable-0", "coordinates": [ 20.749830524880952, 59.559480186594953 ] }, "geometry": { "type": "MultiLineString", "coordinates": [ [ [ 21.37505909364739, 59.5373781389088 ], [ 20.25005989060738, 59.45171731890513 ], [ 18.90006084695934, 59.33716441962142 ], [ 18.06276144011021, 59.33230901818709 ], [ 18.90006084695934, 59.3944892668567 ], [ 20.25005989060738, 59.50884868221247 ], [ 21.37505909364739, 59.62282176941042 ], [ 23.85005734033543, 59.679663707209 ], [ 24.41255694185543, 59.79305890746809 ], [ 24.93247657353962, 60.17116318894055 ], [ 24.91880658322347, 60.07486799642317 ], [ 24.86255662307151, 59.9624316341522 ], [ 24.7500567027674, 59.679663707209 ], [ 24.75249670103896, 59.43639985926234 ], [ 24.41255694185543, 59.56588346342965 ], [ 23.85005734033543, 59.56588346342965 ], [ 21.37505909364739, 59.5373781389088 ] ] ] } },
{ "type": "Feature", "properties": { "id": "solas", "name": "Solas", "color": "#af3143", "feature_id": "solas-0", "coordinates": [ -5.4830095346171817, 51.472672197493537 ] }, "geometry": { "type": "MultiLineString", "coordinates": [ [ [ -4.16950281034524, 51.55809471609609 ], [ -5.39992193870468, 51.44682015166956 ], [ -5.84992162051666, 51.5868339800541 ], [ -6.58503109916229, 52.17164795778553 ] ] ] } },
{ "type": "Feature", "properties": { "id": "pan-european-crossing-uk-ireland", "name": "Pan European Crossing (UK-Ireland)", "color": "#59b947", "feature_id": "pan-european-crossing-uk-ireland-0", "coordinates": [ -5.4463519116258272, 51.644175937316227 ] }, "geometry": { "type": "MultiLineString", "coordinates": [ [ [ -6.55881111773672, 52.1842555683688 ], [ -6.0749214611247, 51.5868339800541 ], [ -5.73742170021273, 50.74028189394816 ], [ -5.69846172721636, 50.07870033214287 ] ], [ [ -4.54440254476274, 50.82820142743812 ], [ -5.39992193870468, 51.5868339800541 ], [ -5.84992161992076, 52.14259270367212 ], [ -6.36486125513267, 52.40176042819693 ] ] ] } },
{ "type": "Feature", "properties": { "id": "alaska-united-southeast-au-se", "name": "Alaska United Southeast (AU-SE)", "color": "#7e439a", "feature_id": "alaska-united-southeast-au-se-0", "coordinates": [ -133.68772704901258, 57.532965301974784 ] }, "geometry": { "type": "MultiLineString", "coordinates": [ [ [ -135.3344010202442, 57.05301929960622 ], [ -135.47615091624638, 57.14285437334868 ], [ -135.56560085061952, 57.25632706167504 ], [ -135.62014081060508, 57.29294273759133 ], [ -135.68474076320985, 57.32790795452416 ], [ -135.70291074987912, 57.35154490127678 ], [ -135.65237078695884, 57.37664384009415 ], [ -135.61692081296755, 57.39764169906029 ], [ -135.5723408456746, 57.43153840198825 ], [ -135.52976087691425, 57.4657963369845 ], [ -135.53240087497736, 57.50700103750678 ], [ -135.53240087497736, 57.54920559971693 ], [ -135.50540089478653, 57.5685386210609 ], [ -135.41858095848386, 57.58377679148179 ], [ -135.32532102690601, 57.56374387311736 ], [ -135.16311114591471, 57.4973463454386 ], [ -135.05979122171766, 57.44987929314743 ], [ -134.96975128777734, 57.43046177296257 ], [ -134.8572513703154, 57.41589725419255 ], [ -134.77170143308095, 57.4255734788795 ], [ -134.58225157207488, 57.50194029871808 ], [ -134.69651534438088, 57.59460906161564 ], [ -134.76067779892762, 57.73464947940234 ], [ -134.81067776350719, 58.01297892893805 ], [ -134.81292411835489, 58.07747851820177 ], [ -134.74172145507632, 58.12820451017112 ], [ -134.63616153252264, 58.21297738638939 ], [ -134.71174147707188, 58.29167268564768 ], [ -134.70139148466529, 58.30999281015943 ], [ -134.60315155674115, 58.32691728968435 ], [ -134.54221160145104, 58.31889328642504 ], [ -134.40686170075341, 58.29957675077537 ], [ -134.29583062763373, 58.23709493249001 ], [ -134.13655189907203, 58.16513091439575 ], [ -134.1248307487715, 58.10124945897577 ], [ -133.99143084327335, 57.98640326883048 ], [ -133.82473096136496, 57.82371236991844 ], [ -133.80256214411085, 57.70789417107802 ], [ -133.69143105579607, 57.55877147097961 ], [ -133.66477224520332, 57.37303699157905 ], [ -133.63049227035361, 57.31396150003885 ], [ -133.65813107938601, 57.22966820564022 ], [ -133.62948227169065, 57.13766184463267 ], [ -133.51633117983843, 57.09442219161841 ], [ -133.23294256202445, 57.05115924380715 ], [ -133.00823153978092, 57.02097743143672 ], [ -132.97024275475985, 56.98329605125804 ], [ -132.90110280548589, 56.91336556277725 ], [ -132.96985275504599, 56.80779122608303 ], [ -132.8874491482218, 56.72276371639821 ], [ -132.84510784787435, 56.66104033500309 ], [ -132.76073290764631, 56.59916066233438 ], [ -132.70438295040975, 56.53717947317273 ], [ -132.53558307425331, 56.47504144368907 ], [ -132.38381318500649, 56.47078849707886 ], [ -132.45901312983446, 56.3862218123596 ], [ -132.51975308527136, 56.36805414595545 ], [ -132.59182303239558, 56.35047071868664 ], [ -132.59719302845576, 56.31317190855833 ], [ -132.62600300731879, 56.25964372839669 ], [ -132.7297129312297, 56.23289599183153 ], [ -132.84104284955015, 56.19050811225174 ], [ -132.85501283930074, 56.12703903462036 ], [ -132.74182292234497, 56.06679221717022 ], [ -132.61350301648966, 56.00634486676592 ], [ -132.45149313535165, 55.89266381393939 ], [ -132.34348321459547, 55.79765291550112 ], [ -132.27600326410357, 55.63377825521405 ], [ -132.13362336856369, 55.52674243817184 ], [ -131.97551348456435, 55.45213247504737 ], [ -131.91331353019876, 55.46619957207761 ], [ -131.82532359475439, 55.4342706379767 ], [ -131.64788372493697, 55.34196841314809 ] ] ] } },
{ "type": "Feature", "properties": { "id": "america-movil-submarine-cable-system-1-amx-1", "name": "America Movil Submarine Cable System-1 (AMX-1)", "color": "#3e60ac", "feature_id": "america-movil-submarine-cable-system-1-amx-1-0", "coordinates": [ -45.682834902323272, 8.3480706855351148 ] }, "geometry": { "type": "MultiLineString", "coordinates": [ [ [ -83.03765938887449, 9.98859751741015 ], [ -83.02486694906135, 10.41081650540272 ], [ -82.12486758662938, 11.66220822386434 ], [ -82.2373675069334, 12.9810781878927 ], [ -82.12486758662938, 13.41918696131003 ], [ -81.89986774602134, 14.07484674063026 ], [ -80.5498687017773, 16.10232559580297 ] ], [ [ -81.73000034886279, 12.55112730403864 ], [ -81.89986774602134, 12.87142916954481 ], [ -82.2373675069334, 12.9810781878927 ] ], [ [ -70.68356569115905, 19.8033880171594 ], [ -70.19987603380923, 20.05833455139623 ], [ -69.29987667137726, 19.95262290516439 ], [ -67.04987826529725, 19.21067511164285 ], [ -66.48737866377725, 18.89166158430315 ], [ -66.10666893347558, 18.46610423294742 ] ], [ [ -70.6911856857609, 19.79943635579718 ], [ -70.6498757150253, 20.37504125346543 ], [ -70.6498757150253, 21.216397899942 ] ], [ [ -69.29987667137726, 22.26136967834061 ], [ -70.6498757150253, 21.216397899942 ], [ -73.3498738023213, 20.58581909604039 ], [ -73.9123734038413, 19.95262290516439 ], [ -74.4748730053613, 19.31687611162871 ], [ -74.92487268657729, 18.25181631902822 ], [ -75.26237244748934, 17.39502263470052 ], [ -75.26237244748934, 11.73565016140583 ], [ -74.77975278938153, 10.94044561572664 ] ], [ [ -75.50573227509088, 10.38680745163333 ], [ -76.04987188961729, 11.51526615803877 ], [ -79.19986965872535, 14.94612821851286 ], [ -80.5498687017773, 16.10232559580297 ], [ -81.89986774542525, 17.39502263470052 ], [ -84.59986583272125, 19.10440547593045 ], [ -85.27486535454535, 20.37504125346543 ], [ -85.04986551393732, 21.63529738485955 ], [ -84.82486567332928, 22.46944396482952 ], [ -83.24986678907329, 23.50508968095737 ], [ -80.99986838299347, 23.50508968095737 ], [ -79.64986933934534, 24.73717827217609 ], [ -79.53736941904133, 25.34871742211671 ], [ -80.16016897784432, 26.0105486680108 ] ], [ [ -88.59713531004529, 15.72723663872104 ], [ -88.19986328244948, 16.10232559580297 ], [ -87.6373636809293, 16.53419619825972 ], [ -86.73736431849733, 18.25181631902822 ], [ -85.27486535454535, 20.37504125346543 ] ], [ [ -38.50448848711925, -12.96997203534297 ], [ -37.34989930504097, -13.45597430905453 ], [ -35.99990026139302, -13.50459678234402 ], [ -35.54990058017695, -13.69898726961074 ] ], [ [ -43.20956515399876, -22.90348655549796 ], [ -42.29989579841706, -23.49405668871537 ], [ -40.94989675476902, -23.49392244589784 ], [ -38.69989834868901, -22.25009967909008 ], [ -36.44989994260901, -18.02642638371345 ], [ -35.54990058017695, -13.69898726961074 ], [ -33.29990217409694, -8.40113904812284 ], [ -33.29990217409694, -6.61665069347536 ], [ -34.199901536529, -4.82569249921742 ], [ -35.99990026139302, -3.92832730414264 ], [ -38.54296845985959, -3.71873512929109 ], [ -38.24989866747303, -1.23131575021741 ], [ -39.149898029905, 1.46842676733197 ], [ -46.79989261057708, 9.52441134501949 ], [ -52.19988878516916, 14.80115422479158 ], [ -57.59988495976114, 17.39502263470052 ], [ -59.39988368462517, 18.25181631902822 ], [ -62.09988177192116, 19.31687611162871 ], [ -63.89988049678528, 19.31687611162871 ], [ -65.69987922164921, 19.52907092435091 ], [ -67.49987794651324, 21.216397899942 ], [ -69.29987667137726, 22.26136967834061 ], [ -73.3498738023213, 24.32780311165181 ], [ -76.94987125204935, 26.9643047345629 ], [ -79.19986965812936, 29.1482487910328 ], [ -80.5498687017773, 30.12604984672283 ], [ -81.65563040282981, 30.33210086746263 ] ], [ [ -65.69987922164921, 19.52907092435091 ], [ -66.03737898256126, 19.10440547593045 ], [ -66.10666893347558, 18.46610423294742 ] ] ] } },
{ "type": "Feature", "properties": { "id": "america-movil-submarine-cable-system-1-amx-1", "name": "America Movil Submarine Cable System-1 (AMX-1)", "color": "#939597", "feature_id": "america-movil-submarine-cable-system-1-amx-1-1", "coordinates": [ -70.802405226286254, 17.168040128281959 ] }, "geometry": { "type": "MultiLineString", "coordinates": [ [ [ -69.86237627289727, 17.39502263470052 ], [ -69.74987635318924, 17.82393441253792 ], [ -69.8061263133412, 18.14494356429621 ], [ -69.94053621812404, 18.48680896806168 ] ], [ [ -66.62663637762577, 17.98265426367754 ], [ -66.82487842647718, 17.609605913225 ], [ -67.49987794651324, 17.28763629959112 ], [ -69.86237627289727, 17.39502263470052 ], [ -70.6498757150253, 17.18018728748132 ], [ -71.99987475867334, 17.07267593989621 ], [ -74.69987284596934, 17.18018728748132 ], [ -75.26237244748934, 17.39502263470052 ] ] ] } },
{ "type": "Feature", "properties": { "id": "avassa", "name": "Avassa", "color": "#bf6b28", "feature_id": "avassa-0", "coordinates": [ 44.855318309604527, -12.13911156845713 ] }, "geometry": { "type": "MultiLineString", "coordinates": [ [ [ 44.40004278253289, -12.1662747986749 ], [ 44.40004278253289, -11.92173051164155 ], [ 44.65004260543071, -11.92173051164155 ], [ 45.23329414537483, -12.53937708921723 ], [ 45.23329414537483, -12.78329738173255 ] ], [ [ 43.48920358402997, -11.92311598029356 ], [ 43.48920358402997, -12.0453795179984 ], [ 43.31254355292765, -12.05398686257157 ], [ 43.20004363262354, -11.94394493174681 ], [ 43.24330532072668, -11.70058652821621 ] ] ] } },
{ "type": "Feature", "properties": { "id": "indigo-central", "name": "INDIGO-Central", "color": "#a4bb39", "feature_id": "indigo-central-0", "coordinates": [ 132.59494981581025, -36.484584665178161 ] }, "geometry": { "type": "MultiLineString", "coordinates": [ [ [ 151.19625712709274, -33.91357160557038 ], [ 151.34879326843867, -34.82698199055459 ], [ 150.27496777914686, -37.94245352569686 ], [ 149.39996839960057, -38.6423012504367 ], [ 147.59996967473646, -39.16757423638764 ], [ 146.24997063108842, -39.51559387611211 ], [ 144.44997190562859, -39.34180065396819 ], [ 143.99997222500841, -39.16757423638764 ], [ 142.19997350014447, -39.16757423638764 ], [ 140.39997477528055, -38.81782397325074 ], [ 134.85085761257704, -36.67635860580845 ], [ 127.09256232737636, -36.01682861014616 ], [ 119.55018485796727, -36.07920493188053 ], [ 115.44676979611502, -35.91724009700999 ], [ 114.05321609582157, -34.61129978545114 ], [ 114.05321609582157, -33.06182889373477 ], [ 115.85731638027985, -31.95343894398052 ] ] ] } },
{ "type": "Feature", "properties": { "id": "eastern-africa-submarine-system-eassy", "name": "Eastern Africa Submarine System (EASSy)", "color": "#28a27f", "feature_id": "eastern-africa-submarine-system-eassy-0", "coordinates": [ 55.417410106305859, 10.449991164659412 ] }, "geometry": { "type": "MultiLineString", "coordinates": [ [ [ 51.30003789451161, 1.46842676733197 ], [ 46.80004108235159, 2.2555042119238 ], [ 45.34418211369599, 2.04120522322878 ] ], [ [ 43.24330360197787, -11.70058928227253 ], [ 42.75004395140765, -11.94394493174681 ], [ 42.07504442958354, -11.94394493174681 ] ], [ [ 43.66314330455965, -23.35472480405978 ], [ 42.75004395140765, -23.59705596407509 ], [ 41.40004490775961, -23.49392244589784 ] ], [ [ 32.58062115552212, -25.96826815540796 ], [ 33.75005032708761, -26.45094189931753 ], [ 35.55004905195155, -26.75271339610012 ] ], [ [ 39.67289613128801, -4.05292436476305 ], [ 42.30004427019158, -4.15276774801364 ] ], [ [ 40.50004554532764, -6.1694505295745 ], [ 41.62504474836765, -9.29042430103552 ], [ 42.07504442958354, -11.94394493174681 ], [ 42.52504411020372, -14.86188391766195 ], [ 42.52504411079961, -15.22403228464737 ], [ 42.52504411079961, -20.57441905727613 ], [ 41.40004490775961, -23.49392244589784 ], [ 35.55004905195155, -26.75271339610012 ], [ 33.75005032708761, -28.54634921047574 ], [ 32.85005096465547, -28.94089880645015 ], [ 31.75796173830183, -28.95055966653801 ] ], [ [ 37.21967786917097, 19.61556659454616 ], [ 37.80004745803156, 19.52907092435091 ], [ 39.15004650227569, 18.25181631902822 ], [ 40.16254578501358, 16.53419619825972 ], [ 41.62504474896373, 14.80115422479158 ], [ 42.13129439033177, 13.92930384327183 ], [ 42.8062939121557, 13.05415069529863 ], [ 43.1297311836258, 12.83486881784652 ], [ 43.21410612385384, 12.61539556739339 ], [ 43.45316845330765, 12.39573400002297 ], [ 44.55004267627159, 11.46014302945667 ], [ 45.45004203870374, 11.40500914753295 ], [ 48.60003980781179, 12.17588718550798 ], [ 52.65003693815965, 13.16371891791359 ], [ 54.00003598419185, 13.49212817646408 ], [ 55.57503486606377, 12.61539556739339 ], [ 55.35003502545574, 9.52441134501949 ], [ 54.45003566361985, 5.51007171180325 ], [ 51.30003789451161, 1.46842676733197 ], [ 46.12504156052766, -1.90605839438477 ], [ 42.30004427019158, -4.15276774801364 ], [ 40.95004522654354, -5.49795068831488 ], [ 40.50004554532764, -6.1694505295745 ], [ 39.82504602290763, -6.52351645965195 ], [ 39.26967641693273, -6.82313210834924 ] ], [ [ 43.16164365982675, 11.57366038769423 ], [ 43.65004331383962, 11.56544739308108 ], [ 44.55004267627159, 11.46014302945667 ] ] ] } },
{ "type": "Feature", "properties": { "id": "dumai-melaka-cable-system-dmcs", "name": "Dumai-Melaka Cable System (DMCS)", "color": "#6bbd44", "feature_id": "dumai-melaka-cable-system-dmcs-0", "coordinates": [ 101.58210930555742, 2.1897261952501026 ] }, "geometry": { "type": "MultiLineString", "coordinates": [ [ [ 101.44766236946417, 1.66552279727706 ], [ 101.41875238994413, 2.14308717847186 ], [ 101.81250211100806, 2.2555042119238 ], [ 102.220901821694, 2.27326032356654 ] ] ] } },
{ "type": "Feature", "properties": { "id": "aden-djibouti", "name": "Aden-Djibouti", "color": "#08acdb", "feature_id": "aden-djibouti-0", "coordinates": [ 44.077753018426698, 12.217167550728814 ] }, "geometry": { "type": "MultiLineString", "coordinates": [ [ [ 43.1479928882468, 11.59488132936423 ], [ 43.65004331383962, 11.95595603777681 ], [ 45.03353842750859, 12.8008862507867 ] ] ] } },
{ "type": "Feature", "properties": { "id": "chuuk-pohnpei-cable", "name": "Chuuk-Pohnpei Cable", "color": "#5abb5d", "feature_id": "chuuk-pohnpei-cable-0", "coordinates": [ 155.44471102712171, 7.7448890525514473 ] }, "geometry": { "type": "MultiLineString", "coordinates": [ [ [ 151.85848716577576, 7.43999353979982 ], [ 152.99996584932845, 7.74488905255145 ], [ 157.94996234270454, 7.74488905255145 ], [ 159.0702615490743, 7.78640475872378 ] ] ] } },
{ "type": "Feature", "properties": { "id": "pacific-light-cable-network-plcn", "name": "Pacific Light Cable Network (PLCN)", "color": "#bc3e96", "feature_id": "pacific-light-cable-network-plcn-0", "coordinates": [ -148.39382924040027, 42.803904611812975 ] }, "geometry": { "type": "MultiLineString", "coordinates": [ [ [ -118.41596126184768, 33.873229987687 ], [ -120.59984033000157, 33.61234928506835 ], [ -122.39983905486559, 33.75276987113061 ], [ -129.5998339543217, 37.23235432155614 ], [ -138.59982757864191, 40.72920412488655 ], [ -151.19983391146832, 43.39831121479671 ], [ -179.99981350929238, 43.39831121479671 ] ], [ [ 125.99998497636834, 21.00649984517674 ], [ 130.94998146974444, 22.46944396482952 ], [ 132.74998019460836, 23.2985980658759 ], [ 138.59997605041642, 25.75470426341523 ], [ 160.19996074878455, 40.04369219283004 ], [ 172.79992073307184, 43.4011270858577 ], [ 179.99992719256971, 43.4011270858577 ] ], [ [ 125.99998497636834, 21.00649984517674 ], [ 124.14876558466459, 23.55170502223485 ], [ 122.84998720785636, 24.53265756616073 ], [ 122.17498768603225, 24.78825605886338 ], [ 121.80145279439779, 24.8635042542552 ] ], [ [ 125.99998497636834, 21.00649984517674 ], [ 124.64998593212439, 19.24608308700458 ], [ 123.29998688907226, 17.82393441253792 ], [ 122.39998752664029, 16.10232559580297 ], [ 122.17498768603225, 15.88603571907903 ], [ 121.94998784542422, 15.77780337181737 ], [ 121.56018812156209, 15.76153946584214 ] ] ] } },
{ "type": "Feature", "properties": { "id": "colombia-florida-express-cfx-1", "name": "Colombia-Florida Express (CFX-1)", "color": "#ca2e32", "feature_id": "colombia-florida-express-cfx-1-0", "coordinates": [ -74.149182744099022, 19.812126245383148 ] }, "geometry": { "type": "MultiLineString", "coordinates": [ [ [ -80.08893152830949, 26.35058569743786 ], [ -79.42486949873729, 25.95717997876434 ], [ -79.31236957843338, 25.34871742211671 ], [ -78.97486981752132, 24.73717827217609 ], [ -78.97486981752132, 23.7112581424843 ], [ -78.29987029569729, 22.88465411388244 ], [ -76.04987188961729, 21.63529738485955 ], [ -74.69987284596934, 21.00649984517674 ], [ -73.96862336399336, 20.37504125346543 ], [ -73.9123734038413, 20.16397503197587 ], [ -74.02487332414532, 19.95262290516439 ], [ -74.58737292566532, 19.31687611162871 ], [ -75.03737260688131, 18.25181631902822 ], [ -75.59987220840131, 17.39502263470052 ], [ -75.59987220840131, 11.07398278122661 ], [ -75.50573165009133, 10.38679144872171 ] ], [ [ -76.68936118269113, 17.94295278588299 ], [ -76.49987157083336, 17.82393441253792 ], [ -76.27487173022533, 17.82393441253792 ], [ -76.18434445060568, 17.91836568333879 ], [ -76.04987188961729, 17.82393441253792 ], [ -75.59987220840131, 17.39502263470052 ] ] ] } },
{ "type": "Feature", "properties": { "id": "imewe", "name": "IMEWE", "color": "#2966b1", "feature_id": "imewe-0", "coordinates": [ 48.422816505409443, 12.901288725928946 ] }, "geometry": { "type": "MultiLineString", "coordinates": [ [ [ 32.52993119143143, 29.97254543605036 ], [ 32.28755136313546, 30.46602450389064 ], [ 31.9500516022235, 30.87723888397535 ], [ 31.3875520007035, 31.09422001172019 ], [ 30.82505239918349, 31.19054975154414 ], [ 29.8935130590948, 31.19146507763845 ] ], [ [ 56.33372432860119, 25.12169000495864 ], [ 56.92503390971164, 24.86483331650873 ], [ 58.50003279396771, 24.50706896879127 ], [ 59.85003183761575, 23.91710129093604 ], [ 62.10003024369576, 22.46944396482952 ], [ 62.10003024369576, 19.10440547593045 ] ], [ [ 35.85922883292591, 34.43974246013246 ], [ 35.55004905195155, 34.40502275071594 ], [ 32.40005128343957, 33.28381101905092 ], [ 30.57465671568515, 32.55671109167817 ], [ 28.80005383371152, 32.41438660250263 ] ], [ [ 15.06744356202158, 37.51344748573393 ], [ 15.75006307844736, 37.41128363492324 ], [ 16.2563127198154, 36.87321951208928 ], [ 16.42506260027147, 35.78566189952622 ], [ 16.65006244028343, 34.35479262780249 ] ], [ [ 5.37253042998907, 43.29362778902908 ], [ 5.96257001199929, 41.74435878948223 ], [ 7.20006913534322, 38.65181171271134 ], [ 7.87506865716733, 37.94551049545967 ], [ 9.00006785961144, 37.76786242517874 ], [ 10.34861722976928, 37.76786242517874 ], [ 10.91256650537538, 37.41128363492324 ], [ 11.58756602600751, 37.23235432155614 ], [ 12.70381792030414, 35.89351931492192 ], [ 14.43779204469255, 34.87439333360583 ], [ 16.65006244028343, 34.35479262780249 ], [ 19.26530940166092, 34.74032582202073 ], [ 22.0500586148756, 34.5163959336716 ], [ 25.28984215557834, 33.80029687462985 ], [ 28.80005383371152, 32.41438660250263 ], [ 29.8935130590948, 31.19146507763845 ], [ 30.82505239918349, 31.11834372367026 ], [ 31.3875520007035, 30.99783535602406 ], [ 31.9500516022235, 30.78063508898954 ], [ 32.28755136313546, 30.41752891425909 ], [ 32.52993119143143, 29.97254543605036 ] ], [ [ 32.52993119143143, 29.97254543605036 ], [ 32.56877616391329, 29.63833609362628 ], [ 32.73755104435154, 29.34456698948981 ], [ 33.01880084511154, 28.95155473219332 ], [ 33.51126299624772, 28.16105226222079 ], [ 34.31254992860762, 27.36466799386026 ], [ 35.18442431096351, 26.56251314923671 ], [ 35.88754881286351, 25.75470426341523 ], [ 36.90004809559868, 24.12261698700344 ], [ 38.13754721894352, 22.05298561667754 ], [ 38.92504666107156, 20.37504125346543 ], [ 40.2750457047196, 18.25181631902822 ], [ 41.28754498745659, 16.53419619825972 ], [ 42.24379431003961, 14.80115422479158 ], [ 42.75004395140765, 13.92930384327183 ], [ 43.11566869239569, 13.05415069529863 ], [ 43.27035608281363, 12.83486881784652 ], [ 43.35473102304167, 12.61539556739339 ], [ 43.73441825406766, 12.39573400002297 ], [ 44.55004267627159, 12.01088236045877 ], [ 45.45004203870374, 12.17588718550798 ], [ 48.60003980721571, 12.94453386866297 ], [ 55.35003502545574, 15.23578178303578 ], [ 58.95003247518379, 16.96510259943593 ], [ 62.10003024369576, 19.10440547593045 ], [ 66.60002705585578, 19.52907092435091 ], [ 70.20002450558383, 19.31687611162871 ], [ 72.87590260996693, 19.07607425728523 ] ], [ [ 67.02854675228855, 24.88973170123582 ], [ 66.48752713555186, 23.2985980658759 ], [ 66.15002737463989, 20.37504125346543 ], [ 66.60002705585578, 19.52907092435091 ] ], [ [ 38.13754721894352, 22.05298561667754 ], [ 39.18275647850768, 21.481533475503 ] ] ] } },
{ "type": "Feature", "properties": { "id": "seacomtata-tgn-eurasia", "name": "SEACOM/Tata TGN-Eurasia", "color": "#2f95b3", "feature_id": "seacomtata-tgn-eurasia-0", "coordinates": [ 48.786506248119146, 12.898570276481991 ] }, "geometry": { "type": "MultiLineString", "coordinates": [ [ [ 72.90833590939474, 19.08952099458581 ], [ 70.232457805012, 19.22411088408781 ], [ 66.63246035528395, 19.33030318039743 ], [ 61.90746370251589, 18.69212570145388 ], [ 58.98246577461195, 16.76339578471735 ], [ 55.3824683248839, 15.03232074969035 ], [ 48.63247310664369, 12.84874156541786 ], [ 45.48247533813172, 12.07980921311095 ], [ 44.58247597569975, 11.9697778362716 ], [ 43.73872657341975, 12.40963057743953 ], [ 43.37310183243171, 12.6292803267221 ], [ 43.28872689220368, 12.84874156541786 ], [ 43.11997701174779, 13.06801123831509 ], [ 42.72622729068367, 13.94311365796037 ], [ 42.21997764931582, 14.81491029925734 ], [ 41.20747836658065, 16.54783600485381 ], [ 40.19497908384366, 18.26532858133193 ], [ 38.8449800401958, 20.38837908615011 ], [ 38.05748059806758, 22.06617263437405 ], [ 36.81998147472256, 24.13560242446459 ], [ 35.80748219198757, 25.76751877740814 ], [ 35.13248267016364, 26.57523920894304 ], [ 34.28873326788364, 27.3773037156237 ], [ 33.47345884543558, 28.1735958463088 ], [ 32.64989110585475, 29.1166619999997 ] ], [ [ 32.6130544549501, -25.95547538850312 ], [ 33.7824836265156, -26.53889211948715 ], [ 35.80748219198757, -26.94076706404409 ] ], [ [ 42.33247756961974, -4.362957099929 ], [ 39.70532943071599, -4.03873118116185 ] ], [ [ 55.3824683248839, 15.03232074969035 ], [ 55.83246800609979, 12.6292803267221 ], [ 55.83246800609979, 9.53844355978677 ], [ 55.38246832547981, 5.5242344393216 ], [ 52.23247055637174, 1.48265069152839 ], [ 46.38247470056368, -2.11669961261672 ], [ 42.33247756961974, -4.362957099929 ], [ 40.9824785259717, -5.70771482343976 ], [ 40.64497876505974, -6.15530410514036 ], [ 39.85747932233561, -6.56526395944505 ], [ 39.30210971636071, -6.80900403036261 ] ], [ [ 31.79039503772981, -28.93810831951333 ], [ 32.88248426408364, -29.02686219017826 ], [ 33.7824836265156, -28.73133416560624 ], [ 35.80748219198757, -26.94076706404409 ], [ 41.65747804779581, -23.68707917734726 ], [ 42.78247725083582, -20.56109738597335 ], [ 42.78247725083582, -15.21030252856431 ], [ 42.78247725023955, -14.84813082933909 ], [ 42.33247756961974, -11.93002397423628 ], [ 41.88247788840367, -9.27638201859015 ], [ 40.64497876505974, -6.15530410514036 ] ], [ [ 43.18042696892437, 11.60880730545231 ], [ 43.68247661326779, 11.80459791962087 ], [ 44.58247597569975, 11.9697778362716 ] ], [ [ 38.05748059806758, 22.06617263437405 ], [ 39.21518977793548, 21.49477313219444 ] ] ] } },
{ "type": "Feature", "properties": { "id": "middle-east-north-africa-mena-cable-systemgulf-bridge-international", "name": "Middle East North Africa (MENA) Cable System/Gulf Bridge International", "color": "#51b847", "feature_id": "middle-east-north-africa-mena-cable-systemgulf-bridge-international-0", "coordinates": [ 45.405295722056806, 12.593544017219301 ] }, "geometry": { "type": "MultiLineString", "coordinates": [ [ [ 58.50003279396771, 24.12261698700344 ], [ 58.33128291351164, 23.91710129093513 ], [ 58.1762030233719, 23.68487753168473 ] ], [ [ 32.65318110412008, 29.11361416298006 ], [ 33.42698805595291, 28.16105226222079 ], [ 34.03130012784762, 27.36466799386026 ], [ 34.84692455005155, 26.56251314923671 ], [ 35.43754913164762, 25.75470426341523 ], [ 36.45004841438352, 24.12261698700344 ], [ 37.68754753772763, 22.05298561667754 ], [ 38.47504697985549, 20.37504125346543 ], [ 39.82504602350353, 18.25181631902822 ], [ 40.83754530624179, 16.53419619825972 ], [ 41.96254450927961, 14.80115422479158 ], [ 42.46879415064765, 13.92930384327183 ], [ 42.97504379201551, 13.05415069529863 ], [ 43.20004363262354, 12.83486881784652 ], [ 43.28441857285158, 12.61539556739339 ], [ 43.59379335368765, 12.39573400002297 ], [ 44.55004267627159, 12.17588718550798 ], [ 45.45004203870374, 12.61539556739339 ], [ 48.60003980721571, 13.3827080361257 ], [ 55.35003502545574, 16.10232559580297 ], [ 58.95003247518379, 17.82393441253792 ], [ 60.07503167822379, 19.10440547593045 ], [ 60.18753159793182, 22.46944396482952 ], [ 59.85003183761575, 22.98825950389306 ], [ 58.50003279396771, 24.12261698700344 ] ], [ [ 29.70093319552029, 31.07227003166031 ], [ 29.98130299690349, 30.61136637963382 ], [ 30.3750527179676, 30.29618450441956 ], [ 31.05005223979153, 29.93125070442692 ], [ 31.72505176161546, 29.68721467555692 ], [ 32.17505144283154, 29.39341337127848 ], [ 32.65318110412008, 29.11361416298006 ] ], [ [ 29.70093319552029, 31.07227003166031 ], [ 29.98130299690349, 30.65976529855482 ], [ 30.3750527179676, 30.39327207638628 ], [ 31.05005223979153, 30.02869812787728 ], [ 31.72505176161546, 29.7849005348786 ], [ 32.17505144283154, 29.4423669335806 ], [ 32.65318110412008, 29.11361416298006 ] ], [ [ 12.59137531609161, 37.65058617278613 ], [ 12.17301561246149, 37.27875778048947 ], [ 12.03756570841539, 36.87321951208928 ], [ 12.15006562871931, 35.78566189952622 ], [ 12.48756538963637, 35.41978051708035 ], [ 14.40006403479932, 34.12610104005753 ], [ 16.65006244087933, 33.37780603565933 ], [ 19.35006052817542, 33.75276987113061 ], [ 22.0500586148756, 33.73717891339029 ], [ 25.20005638398347, 33.00121852265448 ], [ 27.90005447127938, 32.14800877854061 ], [ 29.70093319552029, 31.07227003166031 ] ], [ [ 37.68754753772763, 22.05298561667754 ], [ 39.18275647850768, 21.481533475503 ] ] ] } },
{ "type": "Feature", "properties": { "id": "saudi-arabia-sudan-2-sas-2", "name": "Saudi Arabia-Sudan-2 (SAS-2)", "color": "#3c67b1", "feature_id": "saudi-arabia-sudan-2-sas-2-0", "coordinates": [ 38.033152129884272, 20.722932282700629 ] }, "geometry": { "type": "MultiLineString", "coordinates": [ [ [ 37.21967786917097, 19.61556659454616 ], [ 37.58923757400337, 20.23602516723349 ], [ 38.10004724550894, 20.79630610510887 ], [ 39.18275647850768, 21.481533475503 ] ] ] } },
{ "type": "Feature", "properties": { "id": "eac-c2c", "name": "EAC-C2C", "color": "#3a56a6", "feature_id": "eac-c2c-0", "coordinates": [ 124.22374543987213, 20.728817443467044 ] }, "geometry": { "type": "MultiLineString", "coordinates": [ [ [ 120.12788799225589, 21.45755161472219 ], [ 118.79999007691224, 21.53068533396254 ], [ 117.4499910332642, 21.84429407917369 ], [ 115.64999230840026, 22.05298561667754 ], [ 114.97499278657615, 22.36544568641872 ], [ 114.25868329401681, 22.31829267897149 ] ], [ [ 114.20292333351767, 22.22205041973683 ], [ 114.63749302566418, 20.79630610510887 ], [ 115.42499246779222, 18.23846081095272 ], [ 116.99999135204831, 16.10232559580297 ], [ 119.24998975812831, 14.36565375922844 ], [ 120.14998912056028, 13.82008640969806 ], [ 121.06600847164388, 13.76241833790443 ] ], [ [ 121.46258819070279, 25.16898612270157 ], [ 121.3874882439044, 25.74203802975764 ], [ 121.94998784542422, 26.75102986960829 ], [ 123.52498672968029, 28.14865370888129 ], [ 123.29998688907226, 30.11388612210924 ], [ 122.17498768603225, 30.74440510438189 ], [ 121.92508786246776, 30.85267853771478 ], [ 122.17498768603225, 31.03403388178977 ], [ 122.84998720785636, 31.46682894547825 ], [ 128.0249835418403, 32.80049917601868 ], [ 128.69998306366443, 34.30053553069045 ], [ 128.99949285148878, 35.15888266807168 ], [ 129.5999824260964, 34.30053553069045 ], [ 129.5999824260964, 32.80049917601868 ], [ 129.5999824260964, 31.6585439519066 ], [ 130.49998178852834, 30.88932897488944 ], [ 132.74998019460836, 30.88932897488944 ], [ 134.99997860068837, 31.2747205391818 ], [ 136.79997732555231, 32.04078843974209 ], [ 137.02497716616034, 32.80049917601868 ], [ 136.87399727311598, 34.32521554537484 ], [ 137.69997668798445, 33.92797267869356 ], [ 138.59997605041642, 33.92797267869356 ], [ 139.27497557224055, 34.11445924119484 ], [ 139.89372513391251, 34.39341949240337 ], [ 140.0343500336966, 34.67916298190681 ], [ 140.02028754365847, 34.84090484813936 ], [ 139.95485509060742, 34.96504660358369 ], [ 140.09059999384857, 34.84090484813936 ], [ 140.31559983445661, 34.67916298190681 ], [ 140.4562247354325, 34.39341949240337 ], [ 140.73747453619251, 33.92797267869356 ], [ 140.62497461588839, 32.42144355535071 ], [ 140.17497493467252, 30.88932897488944 ], [ 138.82497589102445, 28.54469307114424 ], [ 137.24997700676838, 26.95177029188127 ], [ 132.74998019460836, 23.69838212198973 ], [ 130.94998146974444, 22.87169786996185 ], [ 125.99998497636834, 21.20328797962548 ], [ 122.84998720785636, 20.36185803765268 ], [ 121.11255349138571, 19.18943026293286 ], [ 120.24308317969574, 18.60184389382578 ], [ 119.11906339140688, 17.54936342856118 ], [ 119.02498991752027, 15.22221311598086 ], [ 119.58748951904028, 14.56990180462297 ], [ 120.14998912056028, 13.9156544788958 ], [ 121.06600847164388, 13.74875917585587 ], [ 120.14998912056028, 13.2595509442811 ], [ 118.79999007691224, 12.60167220474654 ], [ 116.09999198961616, 9.06644423990714 ], [ 114.07499342414418, 7.73095461133 ], [ 110.69999581502417, 5.94383197044643 ], [ 110.02499629320025, 5.49607403502186 ], [ 107.99999772772827, 4.59957451552148 ], [ 107.09999836529612, 4.03867464946625 ], [ 105.74999932164808, 3.25277508042674 ], [ 105.24374968028005, 2.80340486658845 ], [ 104.62500011860807, 1.45436885137335 ], [ 104.28790035741287, 1.21559652093209 ], [ 104.16377044534778, 1.21000527772822 ], [ 103.98701057056589, 1.37539299984993 ], [ 104.17793043531677, 1.24934618687743 ], [ 104.28790035741287, 1.29980116277893 ], [ 104.42847525782817, 1.45436885137335 ], [ 104.79374999906415, 2.80340486658845 ], [ 105.74999932164808, 4.15088737213765 ], [ 107.09999836529612, 4.93590597527717 ], [ 107.99999772772827, 5.6080461663058 ], [ 110.47499597441613, 7.73095461133 ], [ 111.71249509776025, 9.95406467840884 ], [ 112.72499438049614, 12.60167220474654 ], [ 114.29999326415633, 17.09507926096489 ], [ 114.52499310536027, 18.23846081095272 ], [ 114.1874933444483, 20.783159233733 ], [ 114.25868329401681, 22.3052830246684 ] ], [ [ 124.6499859327203, 35.41978051708035 ], [ 121.49998816420832, 35.78566189952622 ], [ 120.34246898420574, 36.08731090741939 ] ], [ [ 103.98701057056589, 1.38945139680023 ], [ 104.18740042860793, 1.2895687829384 ], [ 104.28790035741287, 1.3419274352701 ], [ 104.4004002777168, 1.46842676733197 ], [ 104.73750003891219, 2.81745044265417 ], [ 105.74999932164808, 4.2771076021903 ], [ 107.09999836529612, 5.06198695441611 ], [ 107.99999772772827, 5.73398911415013 ], [ 110.24999613380828, 7.74488905255145 ], [ 111.4874952571522, 9.96791518697413 ], [ 112.49999453988829, 12.61539556739339 ], [ 114.07499342354828, 17.10851996079568 ], [ 114.29999326475222, 18.25181631902822 ], [ 114.07499342414418, 20.79630610510887 ], [ 114.20292333351767, 22.22205041973683 ] ], [ [ 121.3832882468796, 25.14998071289398 ], [ 121.72498800481618, 25.75470426341523 ], [ 121.94998784542422, 26.05828756029904 ], [ 122.84998720785636, 26.26024097157782 ], [ 128.69998306366443, 25.75470426341523 ], [ 131.39998115096031, 26.1593079707739 ], [ 132.74998019460836, 26.1593079707739 ] ], [ [ 114.25868329401681, 22.31829267897149 ], [ 114.97499278657615, 22.26136967834061 ], [ 115.64999230840026, 21.94867813792716 ], [ 117.4499910332642, 21.63529738485955 ], [ 118.79999007691224, 21.00649984517674 ], [ 121.02775554672928, 20.82799411905906 ], [ 122.84998720785636, 20.79630610510887 ], [ 125.99998497636834, 22.05298561667754 ], [ 128.69998306366443, 23.2985980658759 ], [ 132.74998019460836, 26.1593079707739 ] ], [ [ 114.25868329401681, 22.31829267897149 ], [ 114.97499278657615, 22.31341738076934 ], [ 115.64999230840026, 22.00084146791067 ], [ 117.4499910332642, 21.73983373091106 ], [ 118.79999007691224, 21.216397899942 ], [ 121.02775554672928, 21.0381434633382 ], [ 122.84998720785636, 21.216397899942 ], [ 124.19998625150441, 22.05298561667754 ], [ 125.09998561393637, 24.12261698700344 ], [ 125.38123541469638, 25.55188275942587 ], [ 125.66248521545637, 26.1593079707739 ], [ 126.67498449819227, 28.55704546571133 ], [ 126.89998433880031, 29.54050774539449 ], [ 127.34998402001638, 30.70813999354164 ], [ 125.09998561393637, 33.18971466460047 ], [ 124.6499859327203, 34.31215165223547 ], [ 124.6499859327203, 35.41978051708035 ], [ 125.54998529515227, 36.1498667868178 ], [ 126.39158469895561, 36.57633045558579 ], [ 125.54998529515227, 35.96797434759339 ], [ 125.09998561393637, 35.41978051708035 ], [ 125.09998561393637, 34.31215165223547 ], [ 125.32498545454442, 33.18971466460047 ], [ 128.24998338244836, 30.70813999354164 ], [ 130.49998178852834, 29.54050774539449 ], [ 132.74998019460836, 29.34456698948981 ], [ 134.99997860068837, 29.34456698948981 ], [ 137.69997668798445, 30.12604984672283 ], [ 139.27497557224055, 30.90139608851551 ], [ 141.2999741377125, 32.0527080234862 ], [ 142.19997350014447, 34.40502275071594 ], [ 142.19997350014447, 35.05222991093673 ], [ 141.97497365953643, 35.78566189952622 ], [ 140.61247462474361, 36.38348373531247 ], [ 141.7499738189284, 35.78566189952622 ], [ 141.7499738189284, 35.05222991093673 ], [ 140.84997445649643, 34.12610104005753 ], [ 138.59997605041642, 33.37780603565933 ], [ 137.69997668798445, 33.65918162905049 ], [ 136.87399727311598, 34.33682825203173 ], [ 137.47497684737641, 32.8123187832876 ], [ 137.69997668798445, 31.28673881439175 ], [ 137.24997700676838, 29.34456698948981 ], [ 132.74998019460836, 26.1593079707739 ] ], [ [ 125.09998561393637, 24.1097818895267 ], [ 123.74998657028833, 25.2342865621001 ], [ 122.84998720785636, 25.5391949786871 ], [ 121.94998784542422, 25.43764443864878 ], [ 121.3832882468796, 25.13725070541773 ], [ 121.94998784542422, 25.33600821718872 ], [ 122.39998752664029, 24.92861149226346 ], [ 122.84998720785636, 24.00705482536305 ], [ 122.39998752664029, 22.45644844059945 ], [ 121.04998848299225, 19.72775079133148 ], [ 119.76865992030457, 18.51611723174745 ], [ 118.93597086667044, 17.74187890740027 ], [ 118.79999007691224, 15.22221311598086 ], [ 119.36248967843224, 14.56990180462297 ], [ 120.14998912056028, 14.35203055954749 ], [ 120.82019864577752, 14.27302148482128 ], [ 120.14998912056028, 14.02482677355454 ], [ 118.79999007691224, 13.04045124222016 ], [ 115.64999230840026, 9.06644423990714 ], [ 113.84999358353615, 7.73095461133 ], [ 110.47499597441613, 5.94383197044643 ], [ 109.79999645259221, 5.49607403502186 ], [ 107.99999772772827, 4.71170322744719 ], [ 107.09999836529612, 4.15088737213765 ], [ 105.74999932164808, 3.3650874262963 ], [ 105.18749972012807, 2.80340486658845 ], [ 104.5969251384969, 1.45436885137335 ], [ 104.28790035741287, 1.22963081517744 ], [ 104.17314043870989, 1.23626927314036 ], [ 103.98701057056589, 1.37539299984993 ] ], [ [ 120.12788799225589, 21.45755161472219 ], [ 120.37498896116831, 21.63529738485955 ], [ 120.54373884162439, 22.05298561667754 ], [ 120.66219875770618, 22.24925482135663 ] ] ] } },
{ "type": "Feature", "properties": { "id": "asia-submarine-cable-express-asecahaya-malaysia", "name": "Asia Submarine-cable Express (ASE)/Cahaya Malaysia", "color": "#1ab4dd", "feature_id": "asia-submarine-cable-express-asecahaya-malaysia-0", "coordinates": [ 115.69140756853142, 11.342080245282922 ] }, "geometry": { "type": "MultiLineString", "coordinates": [ [ [ 130.90187508980648, 23.8657599633907 ], [ 128.69998306366443, 25.55188275942587 ], [ 128.0249835418403, 25.95717997876434 ], [ 127.70078377150666, 26.08774963546209 ] ], [ [ 105.07499979982416, 2.80340486658845 ], [ 104.79751925424193, 2.51340691774082 ], [ 104.40000027800004, 2.42411333960119 ], [ 103.85068066714335, 2.29570245694968 ] ], [ [ 126.85721436909918, 19.46647635972658 ], [ 125.54998529515227, 19.30360475110577 ], [ 120.96988207969743, 19.75148716830613 ], [ 120.32093903559283, 19.44697378734996 ], [ 119.44922323177441, 18.71281651627724 ], [ 118.55016876097611, 17.89128877075432 ], [ 117.56329095300164, 15.43967869552006 ], [ 116.21249190992026, 12.60167220474654 ], [ 114.7499929459683, 9.06644423990714 ], [ 112.94999422110418, 7.73095461133 ], [ 110.02499629320025, 5.94383197044643 ], [ 109.34999677137613, 5.49607403502186 ], [ 107.99999772772827, 4.93590597527717 ], [ 107.09999836529612, 4.37526454861023 ], [ 105.74999932164808, 3.58967285732065 ], [ 105.07499979982416, 2.80340486658845 ], [ 104.54077517827399, 1.45436885137335 ], [ 104.28790035741287, 1.27173325182927 ], [ 104.19932042016363, 1.30832144939624 ], [ 103.98594057132397, 1.3712841833568 ] ], [ [ 139.97546699999984, 35.00543300000017 ], [ 140.13278746396259, 34.89859296336222 ], [ 140.11872497392463, 34.69072647741027 ], [ 140.0624750143684, 34.40502275071594 ], [ 139.72497525345642, 33.93964008831966 ], [ 139.94997509406446, 32.43331330641721 ], [ 139.49997541284839, 30.90139608851551 ], [ 138.82497589102445, 29.73606949729215 ], [ 137.24997700676838, 28.55704546571133 ], [ 132.74998019460836, 25.34871742211671 ], [ 130.94998146974444, 23.91710129093513 ], [ 126.85721436909918, 19.47973444824014 ], [ 124.19998625150441, 15.23578178303578 ], [ 123.52498672968029, 14.36565375922844 ], [ 122.95008713694455, 14.11652289884896 ] ], [ [ 119.44922323177441, 18.71281651627724 ], [ 118.34999039569617, 20.16397503197587 ], [ 116.99999135204831, 21.11148598348881 ], [ 115.64999230840026, 21.79207342302722 ], [ 114.97499278657615, 22.15721622616018 ], [ 114.25868329401681, 22.31829267897149 ] ] ] } },
{ "type": "Feature", "properties": { "id": "pldt-domestic-fiber-optic-network-dfon", "name": "PLDT Domestic Fiber Optic Network (DFON)", "color": "#57b947", "feature_id": "pldt-domestic-fiber-optic-network-dfon-0", "coordinates": [ 122.75657360976507, 11.591340541816004 ] }, "geometry": { "type": "MultiLineString", "coordinates": [ [ [ 124.61277595908027, 11.00688802067621 ], [ 124.6499859327203, 10.74258167547641 ], [ 124.6499859327203, 10.41081650540272 ], [ 124.76248585302442, 9.96791518697413 ], [ 125.04373565318851, 9.74623697375997 ], [ 125.38123541410047, 9.30244152988315 ], [ 125.54061530179015, 8.94761046393611 ], [ 125.32498545454442, 9.30244152988315 ], [ 125.09998561393637, 9.52441134501949 ], [ 124.6499859327203, 9.41344425850756 ], [ 124.53748601241637, 9.08033076823294 ], [ 124.70623589287226, 8.63569941732747 ], [ 124.63191594552143, 8.45414753535847 ], [ 124.42498609211226, 8.63569941732747 ], [ 124.19998625150441, 8.63569941732747 ], [ 124.0576568198609, 8.32564912394048 ], [ 123.84998649944745, 8.14993979321236 ], [ 123.97498641089636, 8.41318535956018 ], [ 123.74998657028833, 8.8024990629144 ], [ 123.41248680937636, 9.08033076823294 ], [ 123.28143690221334, 9.295503918748 ] ], [ [ 124.61277595908027, 11.00688802067621 ], [ 124.53748601241637, 10.74258167547641 ], [ 124.42498609211226, 10.52144468555213 ], [ 124.19998625150441, 10.41081650540272 ], [ 123.89461646783124, 10.30994839708667 ], [ 124.0874863312003, 10.41081650540272 ], [ 124.190416258284, 10.93201162513164 ], [ 124.0874863312003, 11.29470931956548 ], [ 123.74998657028833, 11.29470931956548 ], [ 123.29998688907226, 10.95003788376316 ] ], [ [ 120.62298878548306, 14.08823204742435 ], [ 120.48748888147225, 13.92930384327183 ], [ 120.59998880177636, 13.71081773817964 ], [ 121.04998848299225, 13.54681947716878 ], [ 121.45623819460526, 13.49212817646408 ], [ 121.56873811490937, 13.27323815754759 ], [ 121.46453818932153, 13.04578255071093 ], [ 121.66873804406832, 12.83486881784652 ], [ 121.78123796437242, 12.61539556739339 ], [ 121.94998784542422, 12.17588718550798 ], [ 122.06248776572832, 12.06589527357033 ], [ 122.39998752664029, 11.95585820711473 ], [ 122.74998727869705, 11.58320218044505 ], [ 122.96248712816029, 11.84577637362577 ], [ 123.29998688907226, 11.84577637362577 ], [ 123.41248680937636, 11.95585820711473 ], [ 123.64617664382837, 12.36673453439202 ], [ 123.5813366897615, 12.50558813178065 ], [ 123.52498672968029, 12.61539556739339 ], [ 123.52498672968029, 12.83486881784652 ], [ 123.63748664998441, 13.05415069529863 ], [ 123.74373657471575, 13.13899485395125 ], [ 123.97498641089636, 13.16371891791359 ], [ 124.19998625150441, 13.05415069529863 ], [ 124.19871625240401, 12.61797181801735 ], [ 124.19998625150441, 12.28583355626838 ], [ 124.42498609092046, 12.12089689803939 ], [ 124.60027596793546, 12.06990466287078 ] ] ] } },
{ "type": "Feature", "properties": { "id": "tata-tgn-intra-asia-tgn-ia", "name": "Tata TGN-Intra Asia (TGN-IA)", "color": "#3eb65c", "feature_id": "tata-tgn-intra-asia-tgn-ia-0", "coordinates": [ 118.52909995594474, 16.566185059272218 ] }, "geometry": { "type": "MultiLineString", "coordinates": [ [ [ 120.22031319972999, 18.785187974742 ], [ 120.59998880058437, 18.785187974742 ], [ 121.04998848299225, 18.785187974742 ], [ 121.5130781549352, 18.41830213503414 ] ], [ [ 114.18397334694201, 22.24961578335278 ], [ 114.7499929459683, 21.89649566292359 ], [ 115.64999230840026, 21.63525090740871 ], [ 116.99999135204831, 21.32123529551186 ], [ 118.34999039569617, 20.58581909604039 ], [ 120.14998912056028, 19.74098736552494 ], [ 121.04998848299225, 19.52907092435091 ] ], [ [ 103.98701057056589, 1.37539299984993 ], [ 104.18262043199422, 1.26233305743215 ], [ 104.28790035741287, 1.24366503563679 ], [ 104.56885015838535, 1.45436885137335 ], [ 105.13124975997611, 2.80340486658845 ], [ 105.74999932164808, 3.47738682854903 ], [ 107.09999836529612, 4.26308414781787 ], [ 107.99999772772827, 4.82381385611519 ], [ 109.57499661198416, 5.49607403502186 ], [ 110.24999613380828, 5.94383197044643 ], [ 113.17499406171221, 7.73095461133 ], [ 114.97499278657615, 9.06644423990714 ], [ 116.54999167083223, 12.60167220474654 ], [ 118.01327063423176, 15.43967869552006 ], [ 119.02751712903803, 17.65466548033173 ], [ 120.01268452973224, 18.60184389382578 ], [ 121.04998848299225, 19.51581687762151 ], [ 122.84998720785636, 19.72775079133148 ], [ 125.99998497636834, 20.36185803765268 ], [ 130.94998146974444, 21.20328797962548 ], [ 138.59997605041642, 24.1097818895267 ] ], [ [ 107.07919838003114, 10.342138429683 ], [ 107.77499788712005, 9.63534238476456 ], [ 108.67499724955221, 9.30244152988315 ], [ 111.59999517745614, 9.30244152988315 ], [ 113.39999390232026, 9.08033076823294 ], [ 114.97499278657615, 9.08033076823294 ] ] ] } },
{ "type": "Feature", "properties": { "id": "asia-pacific-gateway-apg", "name": "Asia Pacific Gateway (APG)", "color": "#b63894", "feature_id": "asia-pacific-gateway-apg-0", "coordinates": [ 121.38809141134671, 20.664837703787502 ] }, "geometry": { "type": "MultiLineString", "coordinates": [ [ [ 125.54998529515227, 24.12261698700344 ], [ 122.84998720785636, 24.83931282559271 ], [ 122.17498768603225, 24.89034854048814 ], [ 121.80144795065142, 24.86350411248779 ] ], [ [ 121.92508786246776, 30.86475026744717 ], [ 122.17498768603225, 30.80481662242606 ], [ 124.19998625150441, 30.12604984672283 ], [ 125.54998529515227, 29.54050774539449 ], [ 127.57498386062441, 28.55704546571133 ] ], [ [ 127.79998370123228, 29.54050774539449 ], [ 125.99998497636834, 30.70813999354164 ], [ 124.19998625150441, 31.47882267273615 ], [ 122.84998720785636, 31.76621025972701 ], [ 121.94998784542422, 31.67051304708713 ], [ 121.39529823837174, 31.61980032886775 ] ], [ [ 136.79997732555231, 31.28673881439175 ], [ 137.24997700676838, 32.8123187832876 ], [ 136.87399727311598, 34.33682825203173 ] ], [ [ 112.04999485867221, 12.61539556739339 ], [ 111.59999517745614, 13.05415069529863 ], [ 110.69999581502417, 14.80115422479158 ], [ 109.79999645259221, 15.56116563526334 ], [ 108.89999709016024, 15.88603571907903 ], [ 108.19247759137373, 16.04339300520835 ] ], [ [ 107.99999772772827, 6.85219109875433 ], [ 105.29999964043219, 7.0755309300046 ], [ 103.04883123518101, 7.22843178328632 ], [ 101.70000219070414, 7.18716055169546 ], [ 100.5951029728293, 7.19881807126442 ] ], [ [ 113.84999358353615, 18.25181631902822 ], [ 113.84999358353615, 20.79630610510887 ], [ 114.25868329401681, 22.31829267897149 ] ], [ [ 128.69998306366443, 30.5144959597591 ], [ 128.69998306366443, 31.67051304708713 ], [ 128.92498290427227, 32.8123187832876 ], [ 129.1499827448803, 34.31215165223547 ], [ 128.99949285148878, 35.17037876180022 ] ], [ [ 103.38789161939158, 4.12819284239884 ], [ 103.95000059678415, 3.94047577222881 ], [ 106.19999900286416, 5.51007171180325 ], [ 107.99999772772827, 6.85219109875433 ], [ 111.03749557593613, 9.96791518697413 ], [ 112.04999485867221, 12.61539556739339 ], [ 113.84999358353615, 18.25181631902822 ], [ 116.99999135204831, 19.74098736552494 ], [ 120.14998912056028, 20.37504125346543 ], [ 121.04998848299225, 20.58581909604039 ], [ 122.84998720785636, 21.00649984517674 ], [ 124.6499859327203, 22.05298561667754 ], [ 125.54998529515227, 24.12261698700344 ], [ 125.94373501621619, 25.55188275942587 ], [ 126.33748473728031, 26.1593079707739 ], [ 127.57498386062441, 28.55704546571133 ], [ 127.79998370123228, 29.54050774539449 ], [ 128.69998306366443, 30.5144959597591 ], [ 130.49998178852834, 30.32046542476144 ], [ 132.74998019460836, 30.12604984672283 ], [ 134.99997860068837, 30.5144959597591 ], [ 136.79997732555231, 31.28673881439175 ], [ 138.59997605041642, 32.43331330641721 ], [ 139.49997541284839, 33.93964008831966 ], [ 140.00622505421643, 34.40502275071594 ], [ 140.09059999384857, 34.69072647741027 ], [ 140.11872497392463, 34.89859296336222 ], [ 139.97546699999984, 35.00543300000017 ] ], [ [ 103.98701057056589, 1.38945139680023 ], [ 104.18740042860793, 1.30265542451702 ], [ 104.48462521805108, 1.46842676733197 ], [ 105.29999964043219, 2.36791255870541 ], [ 106.19999900286416, 4.61359157886277 ], [ 106.19999900286416, 5.51007171180325 ] ] ] } },
{ "type": "Feature", "properties": { "id": "seamewe-4", "name": "SeaMeWe-4", "color": "#187bb6", "feature_id": "seamewe-4-0", "coordinates": [ 80.338041178945048, 12.907150413979325 ] }, "geometry": { "type": "MultiLineString", "coordinates": [ [ [ 12.15006562871931, 38.38775473578444 ], [ 12.26256554902342, 38.21117903702318 ], [ 12.26256554902342, 36.87321951208928 ], [ 12.27360069686005, 36.38940442728025 ], [ 12.64225277945351, 35.84291709297635 ], [ 14.41559136695491, 34.776285033077 ], [ 16.62411073475599, 34.25341409729844 ], [ 19.27960267394563, 34.61921094546477 ], [ 22.04997693001051, 34.39634721320805 ], [ 25.23814603454857, 33.68338622479619 ], [ 28.64965789048854, 32.36444613424394 ], [ 29.8935130590948, 31.19146507763845 ], [ 30.82505239918349, 30.8289706048765 ], [ 31.3875520007035, 30.61132334760356 ], [ 31.9500516022235, 30.393250512072 ], [ 32.28755136313546, 30.22330567418164 ], [ 32.54282118230001, 29.95909144105574 ], [ 32.59687614400701, 29.63833609362628 ], [ 32.76567602442743, 29.34456698948981 ], [ 33.04692582518743, 28.95155473219332 ], [ 33.52527548632113, 28.16105226222079 ], [ 34.48129980906351, 27.36466799386026 ], [ 35.43754913164762, 26.56251314923671 ], [ 36.22504857377548, 25.75470426341523 ], [ 37.23754785650974, 24.12261698700344 ], [ 38.47504697985549, 22.05298561667754 ], [ 39.18275647850768, 21.481533475503 ] ], [ [ 29.8935130590948, 31.19146507763845 ], [ 30.82505239918349, 30.90139608851551 ], [ 31.3875520007035, 30.70809700457594 ], [ 31.9500516022235, 30.49024170709155 ], [ 32.28755136313546, 30.27189757062417 ], [ 32.52993119143143, 29.97254543605036 ] ], [ [ 100.06611334816643, 6.61351886085411 ], [ 100.05791335397529, 6.3544471039011 ], [ 99.99248340032653, 6.20553622987134 ], [ 99.67350362629472, 5.95636656627015 ], [ 99.00000410340806, 5.84591508846027 ], [ 97.42500521915215, 6.40520079535603 ] ], [ [ 62.55002992491184, 19.95262290516439 ], [ 62.55002992491184, 22.46944396482952 ], [ 59.85003183761575, 24.12261698700435 ], [ 58.50003279396771, 24.58381911232336 ], [ 56.92503390971164, 24.89034854048814 ], [ 56.33372432860119, 25.12169000495864 ] ], [ [ 39.18275647850768, 21.481533475503 ], [ 39.26254642198353, 20.37504125346543 ], [ 40.61254546563157, 18.25181631902822 ], [ 41.62504474836765, 16.53419619825972 ], [ 42.4125441904955, 14.80115422479158 ], [ 42.91879383186355, 13.92930384327183 ], [ 43.20004363262354, 13.05415069529863 ], [ 43.31254355292765, 12.83486881784652 ], [ 43.39691849315569, 12.61539556739339 ], [ 43.81879319429551, 12.39573400002297 ], [ 44.55004267627159, 12.12089689803939 ], [ 45.45004203870374, 12.39573400002297 ], [ 48.60003980721571, 13.16371891791359 ], [ 55.35003502545574, 15.66951322515525 ], [ 58.95003247518379, 17.39502263470052 ], [ 62.55002992491184, 19.95262290516439 ], [ 66.60002705585578, 19.95262290516439 ], [ 70.20002450558383, 19.52907092435091 ], [ 72.87590260996693, 19.07607425728523 ] ], [ [ 13.35865477254357, 38.11612161658339 ], [ 13.05006499115128, 38.38775473578444 ], [ 12.60006530993539, 38.51986519151931 ], [ 12.15006562871931, 38.38775473578444 ], [ 10.34861722976928, 38.38775473578444 ], [ 9.00006785961144, 38.38775473578444 ], [ 8.10006849777537, 38.38775473578444 ], [ 7.65006881655929, 38.65181171271134 ], [ 6.18756985260733, 41.74435878948223 ], [ 5.37253042998907, 43.29362778902908 ] ], [ [ 9.86735724581159, 37.27681625347515 ], [ 9.67506738203127, 37.58978657360306 ], [ 9.00006785961144, 38.38775473578444 ] ], [ [ 7.75543874191439, 36.90282046530194 ], [ 7.87506865716733, 37.23235432155614 ], [ 7.98756857747126, 37.94551049545967 ], [ 8.10006849777537, 38.38775473578444 ] ], [ [ 103.64609081207688, 1.3385858520715 ], [ 103.50000091556807, 1.22928089599967 ], [ 103.34065102845322, 1.29970118857893 ], [ 102.68279723997186, 1.6987822632429 ], [ 102.15000187192003, 2.03066189047467 ], [ 101.25000250948806, 2.48031178685874 ], [ 100.46250306736002, 3.26681481681567 ], [ 99.7875035455361, 4.61359157886277 ], [ 99.00000410340806, 5.28606986082101 ], [ 97.42500521915215, 6.40520079535603 ], [ 95.1507392515425, 8.76624492275654 ], [ 93.14492825119876, 9.52441134501949 ], [ 91.80000920395213, 10.41081650540272 ], [ 90.00001047908802, 12.39573400002297 ], [ 88.20001175422391, 13.49207993623872 ], [ 83.70001494206389, 13.92925569276444 ], [ 81.45001653598388, 13.27323815754759 ], [ 80.24298739105474, 13.06385310188338 ], [ 81.45001653598388, 11.07398278122661 ], [ 82.1250160560201, 9.52441134501949 ], [ 82.575015737236, 7.74485276554295 ], [ 82.35001589841602, 5.51002310933014 ], [ 81.00001685476798, 4.61359157886277 ], [ 78.69513048465001, 4.61359157886277 ], [ 76.39024411453221, 6.85219109875433 ], [ 74.19513367248999, 9.52441134501949 ], [ 72.84513462884213, 13.49212817646408 ], [ 72.2250230710558, 16.96510259943593 ], [ 72.87590260996693, 19.07607425728523 ] ], [ [ 79.87208765380376, 6.92703665683635 ], [ 79.4250179705119, 5.95781868108853 ], [ 78.46194979910258, 4.80725241027758 ] ], [ [ 91.99482906593992, 21.42927456664916 ], [ 91.80000920395213, 19.95262290516439 ], [ 88.20001175422391, 13.49207993623872 ] ], [ [ 66.60002705585578, 19.95262290516439 ], [ 66.37502721524774, 20.37504125346543 ], [ 66.60002705585578, 23.2985980658759 ], [ 67.02854675228855, 24.88973170123582 ] ], [ [ 101.25000250948806, 2.48031178685874 ], [ 101.70000219070414, 2.36791255870541 ], [ 102.220901821694, 2.27326032356654 ] ] ] } },
{ "type": "Feature", "properties": { "id": "batam-rengit-cable-system-brcs", "name": "Batam-Rengit Cable System (BRCS)", "color": "#9f2f87", "feature_id": "batam-rengit-cable-system-brcs-0", "coordinates": [ 103.52451154276334, 1.2427621972838077 ] }, "geometry": { "type": "MultiLineString", "coordinates": [ [ [ 103.14775116510523, 1.67742772118393 ], [ 103.34065102845322, 1.38397800415487 ], [ 103.50000091556807, 1.27130835678112 ], [ 103.66875079602414, 1.07477478935055 ], [ 103.78125071632807, 1.01853421661552 ], [ 104.01375700144472, 1.06554821729606 ] ] ] } },
{ "type": "Feature", "properties": { "id": "southeast-asia-japan-cable-sjc", "name": "Southeast Asia-Japan Cable (SJC)", "color": "#6bbd44", "feature_id": "southeast-asia-japan-cable-sjc-0", "coordinates": [ 120.61553906063712, 20.150773874415268 ] }, "geometry": { "type": "MultiLineString", "coordinates": [ [ [ 116.67753158048176, 23.35500681127355 ], [ 117.1687412325042, 22.88465411388244 ], [ 118.34999039569617, 22.10511054810828 ], [ 120.14998912056028, 20.16397503197587 ] ], [ [ 115.19999262718419, 14.80115422479158 ], [ 116.99999135204831, 14.14758350694873 ], [ 118.79999007691224, 13.92930384327183 ], [ 120.14998912056028, 14.14758350694873 ], [ 120.62298878548306, 14.08823204742435 ] ], [ [ 116.09999198961616, 18.25181631902822 ], [ 115.19999262718419, 19.52907092435091 ], [ 114.7499929459683, 20.79630610510887 ], [ 114.29999326475222, 21.63529738485955 ], [ 114.20292333351767, 22.22205041973683 ] ], [ [ 103.64609081207688, 1.32452715947134 ], [ 104.16846044202524, 1.22318229727985 ], [ 104.28790035741287, 1.25769918146722 ], [ 104.51270019816243, 1.45436885137335 ], [ 105.01874983967218, 2.80340486658845 ], [ 105.74999932164808, 3.70194508300353 ], [ 107.09999836529612, 4.48742814693199 ], [ 107.99999772772827, 5.04797915903878 ], [ 108.67499724955221, 5.49607403502186 ], [ 109.34999677137613, 5.94383197044643 ], [ 111.82499501806417, 7.73095461133 ], [ 113.73750165524976, 9.95406467840884 ], [ 114.7499929459683, 13.04045124222016 ], [ 115.19999262718419, 14.78755792677292 ], [ 116.09999198961616, 18.23846081095272 ], [ 120.14998912056028, 20.15077387441527 ], [ 121.04998848299225, 20.15077387441527 ], [ 122.84998720785636, 20.57265397601946 ], [ 125.99998497636834, 21.41290665207303 ], [ 130.94998146974444, 23.28568165987353 ], [ 132.74998019460836, 24.1097818895267 ], [ 137.24997700676838, 27.35217840607952 ], [ 138.82497589102445, 28.93924891025529 ], [ 139.94997509406446, 30.88932897488944 ], [ 140.39997477528055, 32.42144355535071 ], [ 139.94997509406446, 33.92797267869356 ], [ 140.34372481512841, 34.39341949240337 ], [ 140.25934987430446, 34.67916298190681 ], [ 140.06247501377248, 34.84090484813936 ], [ 139.95485509060742, 34.96504660358369 ] ], [ [ 114.57069307298597, 4.70362308448713 ], [ 114.29999326475222, 5.06198695441611 ], [ 111.82499501806417, 7.74488905255145 ] ] ] } },
{ "type": "Feature", "properties": { "id": "europe-india-gateway-eig", "name": "Europe India Gateway (EIG)", "color": "#a35e29", "feature_id": "europe-india-gateway-eig-0", "coordinates": [ 2.5644083518901257, 37.803274382052692 ] }, "geometry": { "type": "MultiLineString", "coordinates": [ [ [ 29.70093319552029, 31.07227003166031 ], [ 29.98130299690349, 30.56294325920113 ], [ 30.3750527179676, 30.19900071730051 ], [ 31.05005223979153, 29.83370776444406 ], [ 31.72505176161546, 29.58943377553397 ], [ 32.17505144283154, 29.34443623624663 ], [ 32.65318110412008, 29.11361416298006 ] ], [ [ -5.62492177931272, 35.92243557734424 ], [ -5.34758197578279, 36.15601951413446 ] ], [ [ 32.65318110412008, 29.11361416298006 ], [ 33.45506303606336, 28.16105226222079 ], [ 34.36879988875958, 27.36466799386026 ], [ 35.26879925119155, 26.56251314923671 ], [ 36.00004873316762, 25.75470426341523 ], [ 37.01254801590261, 24.12261698700344 ], [ 38.25004713924763, 22.05298561667754 ], [ 39.03754658137549, 20.37504125346543 ], [ 40.38754562502353, 18.25181631902822 ], [ 41.4000449077607, 16.53419619825972 ], [ 42.30004427019158, 14.80115422479158 ], [ 42.80629391155961, 13.92930384327183 ], [ 43.14379367247158, 13.05415069529863 ], [ 43.28441857285158, 12.83486881784652 ], [ 43.36879351307962, 12.61539556739339 ], [ 43.76254323414373, 12.39573400002297 ], [ 44.55004267627159, 12.06589527357033 ], [ 45.45004203870374, 12.28583355626838 ], [ 48.60003980721571, 13.05415069529863 ], [ 55.35003502545574, 15.45276095932206 ], [ 58.95003247518379, 17.18018728748132 ], [ 62.3250300843038, 19.52907092435091 ], [ 66.60002705585578, 19.74098736552494 ], [ 70.20002450558383, 19.42300815558179 ], [ 72.87590260996693, 19.07607425728523 ] ], [ [ 32.65318110412008, 29.11361416298006 ], [ 32.17505144283154, 29.29543555293898 ], [ 31.72505176161546, 29.4915580274035 ], [ 31.05005223979153, 29.73606949729215 ], [ 30.3750527179676, 30.10172089955478 ], [ 29.98130299690349, 30.5144959597591 ], [ 29.70093319552029, 31.07227003166031 ], [ 27.90005447127938, 32.0527080234862 ], [ 25.20005638398347, 32.85958149046064 ], [ 22.0500586148756, 33.59673284538102 ], [ 19.35006052817542, 33.56549148235204 ], [ 16.65006244087933, 33.18971466460047 ], [ 14.40006403479932, 33.98629373718467 ], [ 12.31881550918157, 35.41978051708035 ], [ 12.03756570841539, 35.78566189952622 ], [ 11.92506578811128, 36.24065523321488 ], [ 11.92506578691947, 37.23235432155614 ], [ 10.91256650537538, 37.67887792909206 ], [ 10.34861722976928, 38.03417390064187 ], [ 9.00006785961144, 38.03417390064187 ], [ 5.40007041047929, 38.1227301083922 ], [ 2.25007264196731, 37.76786242517874 ], [ -2.24992417019271, 36.05897312258681 ], [ -4.49992257627272, 35.96797434759339 ], [ -5.62492177931272, 35.92243557734424 ], [ -6.29992130113674, 35.87687057009283 ], [ -8.99991938843273, 36.05897312258681 ], [ -9.8999187508647, 36.42191605012598 ], [ -11.24991779451274, 37.94551049545967 ], [ -13.49991620059275, 39.6983233549332 ], [ -13.49991620059275, 44.05151922873524 ], [ -9.44991906964872, 48.70423463096067 ], [ -7.64992034478469, 49.58728674004685 ], [ -6.07488146055706, 50.31116725161073 ], [ -4.54440254476274, 50.82820142743812 ] ], [ [ -11.24991779451274, 37.94551049545967 ], [ -10.34991843208078, 37.94551049545967 ], [ -9.3374191493447, 38.1227301083922 ], [ -9.10274931558703, 38.4430794831419 ] ], [ [ 14.40006403479932, 33.98629373718467 ], [ 13.50006467236735, 33.09551711711581 ], [ 13.18736489388688, 32.87762290319534 ] ], [ [ 7.42672897477544, 43.7382556879356 ], [ 7.31256905564733, 43.40114497315395 ], [ 7.42506897595126, 41.74435878948223 ], [ 7.96910859054861, 39.42351982330401 ], [ 8.32506833838323, 38.65181171271134 ], [ 8.43756825868734, 38.38775473578444 ], [ 9.00006785961144, 38.03417390064187 ] ], [ [ 44.55004267627159, 12.06589527357033 ], [ 43.65004331383962, 11.81822449585186 ], [ 43.16164365982675, 11.57366038769423 ] ], [ [ 38.25004713924763, 22.05298561667754 ], [ 39.18275647850768, 21.481533475503 ] ], [ [ 56.33372432860119, 25.12169000495864 ], [ 56.92503390971164, 24.66052224964885 ], [ 57.88604869707389, 23.67872371194431 ], [ 58.16253303305574, 23.96851099673464 ], [ 58.72503263457575, 24.32780311165181 ], [ 59.85003183761575, 24.01990020343357 ], [ 62.3250300843038, 22.46944396482952 ], [ 62.3250300843038, 19.52907092435091 ] ] ] } },
{ "type": "Feature", "properties": { "id": "asia-africa-europe-1-aae-1", "name": "Asia Africa Europe-1 (AAE-1)", "color": "#a1489b", "feature_id": "asia-africa-europe-1-aae-1-0", "coordinates": [ 50.247389430550903, 13.095718171129844 ] }, "geometry": { "type": "MultiLineString", "coordinates": [ [ [ 29.70093319552029, 31.07227003166031 ], [ 29.98130299690349, 30.75649044225256 ], [ 30.3750527179676, 30.58715784320206 ], [ 31.05005223979153, 30.22330567418164 ], [ 31.72505176161546, 29.9799863675035 ], [ 32.17505144283154, 29.49129689877981 ], [ 32.65318110412008, 29.11361416298006 ] ], [ [ 107.07919838003114, 10.342138429683 ], [ 107.77499788712005, 9.85709470870232 ], [ 108.67499724955221, 9.74623697375997 ], [ 110.24999613380828, 9.96791518697413 ] ], [ [ 94.39121736831608, 16.85803225570866 ], [ 93.60000792881607, 16.7497713156447 ], [ 92.25000888516803, 14.80115422479158 ], [ 90.90000984151999, 9.52441134501949 ], [ 90.4500101603039, 6.18156133987024 ], [ 90.00001047908802, 4.61359157886277 ] ], [ [ 100.06611334816643, 6.61351886085411 ], [ 100.3500531470208, 6.90803599952722 ], [ 100.5951029728293, 7.19881807126442 ] ], [ [ 19.35006052817542, 34.12610104005753 ], [ 19.35006052817542, 37.67887792909206 ], [ 18.9577708060772, 39.48474996079946 ], [ 18.78756092665541, 40.04369219283004 ], [ 18.67506100635148, 40.38732029077508 ], [ 18.00006148452737, 40.89949091487166 ], [ 16.86881228591497, 41.12570905852263 ] ], [ [ 45.0335423337561, 12.80087754685362 ], [ 45.45004203870374, 11.84577637362577 ] ], [ [ 22.57920153405357, 33.89459266962982 ], [ 22.95005797790347, 35.41978051708035 ], [ 23.42456935990921, 35.78566189952622 ], [ 23.7375574200315, 35.78566189952622 ], [ 24.01216722549532, 35.51204255863757 ] ], [ [ 103.50674091079348, 10.63040170321047 ], [ 103.72500075617612, 9.52441134501949 ], [ 103.72500075617612, 8.1905434177955 ], [ 103.04883123518101, 7.34002374161063 ] ], [ [ 97.42500521915215, 5.95781868108853 ], [ 99.00000410340806, 6.06969946973601 ], [ 100.06611334816643, 6.61351886085411 ], [ 100.23765322664612, 6.90803599952722 ], [ 100.5951029728293, 7.19881807126442 ], [ 101.70000219070414, 7.24296510649207 ], [ 103.04883123518101, 7.34002374161063 ], [ 105.29999964043219, 7.29876275445952 ], [ 107.99999772772827, 8.07917551824101 ], [ 110.24999613380828, 9.96791518697413 ], [ 111.59999517745614, 12.61539556739339 ], [ 113.6249937429283, 18.25181631902822 ], [ 113.73749366323221, 20.79630610510887 ], [ 114.26024329291157, 22.20803425139447 ] ], [ [ 58.60608271884114, 23.57608486453735 ], [ 58.95003247518379, 23.60821444135838 ], [ 59.85003183761575, 23.50508968095737 ] ], [ [ 61.20003088126379, 17.39502263470052 ], [ 61.20003088126379, 22.46944396482952 ], [ 59.85003183761575, 23.50508968095737 ], [ 59.04197976437238, 23.91203783447042 ], [ 58.50003279396771, 24.19960051856542 ], [ 56.92503390971164, 24.78825605886338 ], [ 56.33372432860119, 25.12169000495864 ], [ 56.92503390971164, 25.34871742211671 ], [ 56.98128386986378, 26.1593079707739 ], [ 56.8125339894077, 26.56251314923671 ], [ 56.2500343878877, 26.66309415109522 ], [ 55.80003470667163, 26.31067461914043 ], [ 55.35003502545574, 26.1593079707739 ], [ 53.55003630059162, 26.1593079707739 ], [ 52.20003725694376, 25.95717997876434 ], [ 51.51927773920008, 25.29460875802463 ] ], [ [ 72.87590260996693, 19.07607425728523 ], [ 71.77502338983992, 16.96510259943593 ] ], [ [ 5.37253042998907, 43.29362778902908 ], [ 6.30006977291125, 41.74435878948223 ], [ 7.87506865716733, 38.65181171271134 ], [ 8.2125684180793, 38.38775473578444 ], [ 9.00006785961144, 38.1227301083922 ], [ 10.34861722976928, 38.1227301083922 ], [ 10.91256650537538, 37.76786242517874 ], [ 12.03756570722358, 37.23235432155614 ], [ 12.03756570841539, 36.24065523321488 ], [ 12.37506546932735, 35.78566189952622 ], [ 12.82506515054743, 35.41978051708035 ], [ 14.40006403479932, 34.40502275071594 ], [ 16.65006244087933, 33.75276987113061 ], [ 19.35006052817542, 34.12610104005753 ], [ 22.0500586148756, 34.0173819507536 ], [ 25.20005638398347, 33.28381101905092 ], [ 27.90005447127938, 32.33831157801293 ], [ 29.70093319552029, 31.07227003166031 ], [ 29.98130299690349, 30.70813999354164 ], [ 30.3750527179676, 30.49026324996359 ], [ 31.05005223979153, 30.12604984672283 ], [ 31.72505176161546, 29.88249116219725 ], [ 32.17505144283154, 29.49129689877981 ], [ 32.65318110412008, 29.11361416298006 ], [ 33.39891307584246, 28.16105226222079 ], [ 33.97505016769547, 27.36466799386026 ], [ 34.76254960982351, 26.56251314923671 ], [ 35.32504921134351, 25.75470426341523 ], [ 36.33754849407959, 24.12261698700344 ], [ 37.57504761742352, 22.05298561667754 ], [ 38.36254705955156, 20.37504125346543 ], [ 39.7125461031996, 18.25181631902822 ], [ 40.72504538593768, 16.53419619825972 ], [ 41.90629454912765, 14.80115422479158 ], [ 42.4125441904955, 13.92930384327183 ], [ 42.94691881193962, 13.05415069529863 ], [ 43.1859811425856, 12.83486881784652 ], [ 43.27035608281363, 12.61539556739339 ], [ 43.56566837361158, 12.39573400002297 ], [ 44.55004267627159, 11.79071879055644 ], [ 45.45004203870374, 11.84577637362577 ], [ 48.60003980781179, 12.61539556739339 ], [ 55.35003502545574, 14.5835116451186 ], [ 58.95003247518379, 16.10232559580297 ], [ 61.20003088126379, 17.39502263470052 ], [ 66.60002705585578, 18.46536439313713 ], [ 71.77502338983992, 16.96510259943593 ], [ 71.94513526640998, 13.49212817646408 ], [ 73.29513431005802, 9.52441134501949 ], [ 75.49024475210024, 6.85219109875433 ], [ 78.69513048465001, 4.16491284997694 ], [ 79.65001781052403, 3.64113270007654 ], [ 81.00001685476798, 3.26681481681567 ], [ 85.500013666928, 3.71597811929807 ], [ 90.00001047908802, 4.61359157886277 ], [ 92.70000856638391, 5.06198695441611 ], [ 94.27500745064, 6.05726941024067 ], [ 95.38036761595671, 6.38692357069373 ], [ 95.38114147367385, 6.38715004556041 ], [ 95.3819171164044, 6.38736858185107 ], [ 95.38269448296793, 6.38757917717314 ], [ 95.38347351218404, 6.38778182913406 ], [ 95.38425414287228, 6.38797653534128 ], [ 95.38503631385225, 6.38816329340221 ], [ 95.3858199639435, 6.3883421009243 ], [ 95.38660503196563, 6.38851295551499 ], [ 95.38739145673821, 6.38867585478172 ], [ 95.3881791770808, 6.38883079633191 ], [ 95.388968131813, 6.388977777773 ], [ 95.38975825975437, 6.38911679671244 ], [ 95.3905494997245, 6.38924785075766 ], [ 95.39134179054295, 6.38937093751608 ], [ 95.3921350710293, 6.38948605459516 ], [ 95.39292928000313, 6.38959319960233 ], [ 95.39372435628403, 6.38969237014501 ], [ 95.39452023869154, 6.38978356383065 ], [ 95.39531686604526, 6.38986677826669 ], [ 95.39611417716478, 6.38994201106056 ], [ 95.39691211086965, 6.3900092598197 ], [ 95.39771060597947, 6.39006852215154 ], [ 95.39850960131379, 6.39011979566352 ], [ 95.3993090356922, 6.39016307796308 ], [ 95.40010884793428, 6.39019836665765 ], [ 95.4009089768596, 6.39022565935466 ], [ 95.40170936128773, 6.39024495366156 ], [ 95.40250994003826, 6.39025624718578 ], [ 95.40331065193077, 6.39025953753476 ], [ 95.40411143578481, 6.39025482231593 ], [ 95.40491223041998, 6.39024209913673 ], [ 95.40571297465584, 6.3902213656046 ], [ 95.40651360731198, 6.39019261932697 ], [ 95.40731406720798, 6.39015585791128 ], [ 95.40811429316339, 6.39011107896496 ], [ 95.40891422399781, 6.39005828009545 ], [ 95.40971379853082, 6.38999745891019 ], [ 95.41051295558196, 6.38992861301661 ], [ 95.41131163397085, 6.38985174002215 ], [ 95.41210977251704, 6.38976683753424 ], [ 95.41290731004013, 6.38967390316033 ], [ 95.41370418535966, 6.38957293450785 ], [ 95.41450033729524, 6.38946392918423 ], [ 95.41529570466642, 6.38934688479691 ], [ 95.41609022629279, 6.38922179895332 ], [ 95.41688384099393, 6.38908866926091 ], [ 95.41767648758942, 6.38894749332711 ], [ 95.41846810489881, 6.38879826875936 ], [ 95.42004800693766, 6.38847566415173 ], [ 95.42004800693766, 6.38847566415173 ], [ 97.42500521915215, 5.95781868108853 ], [ 99.67500362523216, 5.73398911415013 ], [ 100.40982310408316, 5.36839358148847 ] ], [ [ 43.14799366949638, 11.59486937144782 ], [ 43.65004331383962, 11.73555225181329 ], [ 44.55004267627159, 11.79071879055644 ] ], [ [ 39.18275647850768, 21.481533475503 ], [ 37.57504761742352, 22.05298561667754 ] ], [ [ 67.02854675228855, 24.88973170123582 ], [ 65.25002801161183, 24.1568376182792 ], [ 61.20003088126379, 22.46944396482952 ] ] ] } },
{ "type": "Feature", "properties": { "id": "pishgaman-oman-iran-poi-network", "name": "Pishgaman Oman Iran (POI) Network", "color": "#90499c", "feature_id": "pishgaman-oman-iran-poi-network-0", "coordinates": [ 59.01149514547928, 24.853239702978335 ] }, "geometry": { "type": "MultiLineString", "coordinates": [ [ [ 57.79730329178807, 25.6813227078825 ], [ 57.95931317701873, 25.19081639918332 ], [ 57.93753319244771, 24.12261698700344 ], [ 57.88604869707389, 23.67872371194431 ] ], [ [ 60.63284128306634, 25.2959287691298 ], [ 60.30003151883183, 25.14521022740135 ], [ 58.95003247518379, 24.83931282559271 ], [ 58.05003311275163, 24.12261698700344 ], [ 57.88604869707389, 23.67960260149291 ] ] ] } },
{ "type": "Feature", "properties": { "id": "omranepeg", "name": "OMRAN/EPEG", "color": "#3e67b1", "feature_id": "omranepeg-0", "coordinates": [ 59.068706172960347, 24.768569858738083 ] }, "geometry": { "type": "MultiLineString", "coordinates": [ [ [ 56.25794453853413, 25.61697460194935 ], [ 56.58753414879967, 25.34871742211671 ], [ 57.32386175217833, 24.42084684447328 ], [ 57.88605322832058, 23.67872342575357 ] ], [ [ 56.24681173392072, 26.18130690519112 ], [ 56.36253430819163, 26.41147606086852 ], [ 56.58753414879967, 26.41147606086852 ], [ 56.70003406910378, 26.1593079707739 ], [ 56.57083494187965, 25.7908483743166 ], [ 56.25794453853413, 25.61697460194935 ] ], [ [ 57.79729891679104, 25.6813269323404 ], [ 57.79729891679104, 25.19081696474251 ], [ 57.32386175217833, 24.42084684447328 ] ], [ [ 57.88605322832058, 23.67872342575357 ], [ 58.10628307290379, 24.12261698700344 ], [ 58.95003247518379, 24.73717827217609 ], [ 60.30003151883183, 25.09428024701315 ], [ 60.63284378306454, 25.29593018180523 ] ] ] } },
{ "type": "Feature", "properties": { "id": "bay-of-bengal-gateway-bbg", "name": "Bay of Bengal Gateway (BBG)", "color": "#a4332b", "feature_id": "bay-of-bengal-gateway-bbg-0", "coordinates": [ 73.99739965125022, 9.217315450838143 ] }, "geometry": { "type": "MultiLineString", "coordinates": [ [ [ 79.88937764155526, 6.82077608459704 ], [ 79.53751789081602, 5.95781868108853 ], [ 78.45083428096896, 4.58064508977505 ] ], [ [ 80.24298739105474, 13.06385310188338 ], [ 81.45001653598388, 12.61539556739339 ], [ 83.70001494206389, 12.17588718550798 ], [ 89.10001111665605, 10.85308969074528 ], [ 93.36890941715851, 9.58607797521918 ], [ 95.42739921180394, 9.10748567862839 ], [ 97.42500521915215, 7.13129952898361 ], [ 99.67500362523216, 5.62204118088323 ], [ 100.40982310408316, 5.36839358148847 ] ], [ [ 72.00002323044777, 16.96510259943593 ], [ 72.87590260996693, 19.07607425728523 ] ], [ [ 97.42500521915215, 7.13129952898361 ], [ 95.40000665368001, 6.50456678087744 ], [ 94.27500745064, 6.38035626413996 ], [ 92.70000856638391, 5.51007171180325 ], [ 90.00001047908802, 5.51007171180325 ], [ 85.500013666928, 4.61359157886277 ], [ 81.00001685476798, 3.49142332232059 ], [ 79.65001781052403, 3.86564978248203 ], [ 78.69513048465001, 4.38928592605099 ], [ 75.94024443331631, 6.85219109875433 ], [ 73.74513399127409, 9.52441134501949 ], [ 72.39513494762605, 13.49212817646408 ], [ 72.00002323044777, 16.96510259943593 ], [ 66.82502689646383, 20.58581909604039 ], [ 62.66252984521577, 23.91710129093513 ], [ 59.85003265596724, 24.83930876362633 ], [ 58.72503263457575, 24.94136317175375 ], [ 56.92503390971164, 25.01784551748985 ], [ 56.33372432860119, 25.12169000495864 ] ], [ [ 58.72503263457575, 24.94136317175375 ], [ 58.16253303305574, 24.01990020343248 ], [ 57.88605322832058, 23.67872342575357 ] ] ] } },
{ "type": "Feature", "properties": { "id": "jasuka", "name": "JaSuKa", "color": "#32499f", "feature_id": "jasuka-0", "coordinates": [ 108.86108464351302, 0.12453318129583016 ] }, "geometry": { "type": "MultiLineString", "coordinates": [ [ [ 107.12099835041957, -5.98115426026328 ], [ 107.21249828560005, -5.2739443636413 ], [ 107.66249796681612, -4.60145376483711 ], [ 107.32599820519597, -3.02999596800866 ], [ 107.30493637508928, -2.78371363397909 ], [ 107.41104629497711, -2.62823853632246 ], [ 107.66288796654008, -2.76744275587463 ], [ 107.66288796654008, -2.51770898500566 ], [ 107.76054789735689, -2.23797053831399 ], [ 108.22499756833612, -1.23131575021741 ], [ 108.89999709016024, -0.21891072474735 ], [ 109.33554678161278, -0.02702139228827 ], [ 108.89999709016024, 0.11858841888831 ], [ 104.84999995921611, 0.73731771424384 ], [ 104.40000027800004, 0.7935626526072 ], [ 104.2875003576961, 0.90605018086909 ], [ 104.17500043739219, 0.96229266239685 ], [ 104.0166370000003, 1.06679800000035 ], [ 103.88438064327008, 1.15912869070207 ], [ 103.50000091556807, 1.15908369994202 ], [ 103.34065102845322, 1.13113930198723 ], [ 102.68279723997186, 1.47391878176825 ], [ 102.15000187192003, 1.637114620371 ], [ 101.72812717078021, 1.69334082279173 ], [ 101.44766236946417, 1.66552279727706 ] ], [ [ 105.25409967294819, -5.409293894312 ], [ 105.35624960058415, -5.72187274783412 ], [ 105.88026922936372, -5.86819099761681 ], [ 106.4249988434722, -5.72187274783412 ], [ 106.83339855415794, -6.17158807182412 ] ] ] } },
{ "type": "Feature", "properties": { "id": "indonesia-global-gateway-igg-system", "name": "Indonesia Global Gateway (IGG) System", "color": "#5a9f43", "feature_id": "indonesia-global-gateway-igg-system-0", "coordinates": [ 113.43510331475238, -5.5626661189980968 ] }, "geometry": { "type": "MultiLineString", "coordinates": [ [ [ 116.83129147155694, -1.26538966758801 ], [ 117.08124129449006, -1.40287022722225 ], [ 117.85190631946367, -1.51533365197483 ] ], [ [ 120.59998880177636, 1.9182287802156 ], [ 118.79999007691224, 2.81745044265417 ], [ 117.89999071448027, 3.15449149809985 ], [ 117.67499087387223, 3.15449149809985 ], [ 117.57851094221976, 3.32735439639234 ] ], [ [ 117.4499910332642, -4.37714437553184 ], [ 118.79999007691224, -4.93778430455949 ], [ 119.41238964308275, -5.1521802173347 ] ], [ [ 116.58310164737706, -5.74911565992342 ], [ 116.54999167083223, -6.61665069347536 ], [ 115.87499214900831, -8.17849027894493 ], [ 115.84442576381582, -8.37131145074428 ], [ 115.6924, -8.40588811096584 ] ], [ [ 114.46970572643436, -5.94570715507064 ], [ 113.39999390232026, -6.61665069347536 ], [ 113.28349007860268, -6.90224876883571 ] ], [ [ 104.0166370000003, 1.06679800000035 ], [ 103.89883584657089, 1.19146896881691 ] ], [ [ 103.64609081207688, 1.3385858520715 ], [ 103.89883584657089, 1.19146896881691 ] ], [ [ 107.21249828560005, -4.60145376483711 ], [ 106.76249860438416, -5.2739443636413 ], [ 106.83339855415794, -6.1289648492105 ] ], [ [ 101.44766236946417, 1.66552279727706 ], [ 101.72812717078021, 1.74946544076139 ], [ 102.15000187192003, 1.74956539407541 ], [ 102.68279723997186, 1.53014941189393 ], [ 103.34065102845322, 1.2154215604338 ], [ 103.50000091556807, 1.1872527736941 ], [ 103.89883584657089, 1.19146896881691 ], [ 104.13781046373811, 1.23839127672642 ], [ 104.28790035741287, 1.17351819863402 ], [ 104.62500011860807, 1.13101432643172 ], [ 104.84999995921611, 1.01853421661552 ], [ 105.29999964043219, 1.01853421661552 ], [ 106.64999868408005, -0.33140932966026 ], [ 107.0366484101739, -2.13091848096033 ], [ 107.15309832767961, -3.02999596800866 ], [ 107.21249828560005, -4.60145376483711 ], [ 112.04999485867221, -5.04985716736676 ], [ 114.46970572643436, -5.94570715507064 ], [ 116.58310164737706, -5.74911565992342 ], [ 117.4499910332642, -4.37714437553184 ], [ 117.59999092700289, -2.73037548526785 ], [ 117.85190631946367, -1.51533365197483 ], [ 118.54128832686715, -0.81055532474076 ], [ 119.24998975693651, 0.56857885252619 ], [ 119.47498959814027, 1.01853421661552 ], [ 120.59998880177636, 1.9182287802156 ], [ 124.19998625150441, 1.9182287802156 ], [ 124.83963579837059, 1.49077929609472 ] ] ] } },
{ "type": "Feature", "properties": { "id": "global-caribbean-network-gcn", "name": "Global Caribbean Network (GCN)", "color": "#5dba46", "feature_id": "global-caribbean-network-gcn-0", "coordinates": [ -62.596553703089398, 16.77751655453056 ] }, "geometry": { "type": "MultiLineString", "coordinates": [ [ [ -64.81925984548825, 17.7739092693757 ], [ -64.57488001860921, 18.14494356429621 ], [ -64.12488033739322, 18.25181631902822 ], [ -63.4498808155692, 18.14494356429621 ], [ -63.08246600000027, 18.06751899999977 ], [ -62.99988113435322, 17.9864142359069 ], [ -62.85055124073587, 17.897908 ] ], [ [ -63.08246600000027, 18.06751899999977 ], [ -63.46419080602784, 17.71178205639041 ], [ -63.46419080602784, 17.6164969787067 ], [ -63.28321093423575, 17.4228532632948 ], [ -62.94358117423663, 17.18018728748132 ], [ -61.87488193131321, 15.94013010690926 ], [ -61.74619202307429, 16.02084470000021 ], [ -61.60779212052211, 15.89279711133072 ], [ -61.5263921781866, 15.98876894276915 ], [ -61.57168214610275, 16.24447966793286 ] ], [ [ -64.57488001860921, 18.14494356429621 ], [ -64.83573983381369, 18.41524705414277 ], [ -65.36237946073724, 18.57203905256678 ], [ -65.53112934119322, 18.57203905256678 ], [ -65.69987922164921, 18.67864702215472 ], [ -65.86862910210529, 18.67864702215472 ], [ -66.10666893347558, 18.46610423294742 ] ] ] } },
{ "type": "Feature", "properties": { "id": "jakarta-bangka-bintan-batam-singapore-b3js", "name": "Jakarta-Bangka-Bintan-Batam-Singapore (B3JS)", "color": "#1ebab0", "feature_id": "jakarta-bangka-bintan-batam-singapore-b3js-0", "coordinates": [ 105.62504582957571, -1.6430063460614153 ] }, "geometry": { "type": "MultiLineString", "coordinates": [ [ [ 106.82782855810404, -6.17187639081632 ], [ 106.31249892316808, -5.2739443636413 ], [ 106.53749876377611, -4.60145376483711 ], [ 106.53749876377611, -3.47926867897006 ], [ 106.54745875672049, -3.07992487467799 ], [ 106.19999900286416, -2.58053670498413 ], [ 105.74999932164808, -1.90605839438477 ], [ 105.5827094401579, -1.55387979369163 ], [ 105.4124995613322, -1.23131575021741 ], [ 105.07499980042023, 0.11858841888831 ], [ 104.84999995921611, 0.29033713933902 ], [ 104.17500043739219, 0.39883508404119 ], [ 103.66875079602414, 0.7935626526072 ], [ 103.66875079602414, 1.01853421661552 ], [ 103.87813064769749, 1.19095197427298 ], [ 104.0166370000003, 1.06679800000035 ], [ 103.97815057624668, 1.18537817691577 ], [ 103.94648059927786, 1.327258925921 ], [ 104.01133055333753, 1.23372736555239 ], [ 104.14960045538582, 1.18452336036332 ], [ 104.34415031696894, 1.20158714822704 ], [ 104.42580025912726, 1.13671320628188 ] ] ] } },
{ "type": "Feature", "properties": { "id": "seamewe-5", "name": "SeaMeWe-5", "color": "#939597", "feature_id": "seamewe-5-0", "coordinates": [ 42.657607079044567, 14.759532617748523 ] }, "geometry": { "type": "MultiLineString", "coordinates": [ [ [ 42.95452380595619, 14.79780901024102 ], [ 42.75004395140765, 14.74676392502806 ], [ 42.35629423034354, 14.80115422479158 ] ] ] } },
{ "type": "Feature", "properties": { "id": "seamewe-5", "name": "SeaMeWe-5", "color": "#c71f8e", "feature_id": "seamewe-5-1", "coordinates": [ 41.378311449720933, 16.761911867249623 ] }, "geometry": { "type": "MultiLineString", "coordinates": [ [ [ 38.10697724059967, 24.07064801041784 ], [ 37.80004745803156, 24.01990020343248 ], [ 37.34051417738748, 24.03538146018735 ], [ 37.12504793620581, 24.12261698700344 ] ], [ [ 101.25000250948806, 2.36791255870541 ], [ 101.36255242975687, 2.14308717847186 ], [ 101.44766236946417, 1.66552279727706 ] ], [ [ 99.56250370492806, 4.61359157886277 ], [ 98.67598433294692, 3.75203139433153 ] ], [ [ 27.90005447127938, 32.43331330641721 ], [ 28.80005383371152, 34.31215165223547 ], [ 28.57505399310349, 36.1498667868178 ], [ 28.46255407279938, 36.51238821239364 ], [ 28.25357422084297, 36.85525019317097 ] ], [ [ 16.65006244087933, 33.93964008831966 ], [ 16.42505039265306, 34.64903518505162 ], [ 16.26090586794052, 35.80106673434774 ], [ 16.08756283935933, 36.87321951208928 ], [ 15.75006307844736, 37.32187222983504 ], [ 15.06744356202158, 37.51344748573393 ] ], [ [ 94.39121736831608, 16.85803225570866 ], [ 93.60000792881607, 16.96510259943593 ], [ 91.80000920395213, 17.82393441253792 ] ], [ [ 102.220901821694, 2.27326032356654 ], [ 102.15000187192003, 1.97444628610416 ] ], [ [ 90.11661039648769, 21.8208180298204 ], [ 90.90000984151999, 20.37504125346543 ], [ 91.80000920395213, 17.82393441253792 ], [ 91.80000920395213, 14.80115422479158 ], [ 90.4500101603039, 9.52441134501949 ], [ 90.22501031969605, 7.9677768822597 ], [ 90.00001047908802, 7.29876275445952 ] ], [ [ 67.02854675228855, 24.88973170123582 ], [ 65.25002801161183, 24.05414826980111 ], [ 63.22502944673577, 22.46944396482952 ] ], [ [ 65.75491565746178, 16.88633703423319 ], [ 63.45836261477361, 20.88077116880577 ], [ 63.22502944673577, 22.46944396482952 ], [ 59.85003183761575, 24.43027192805052 ], [ 58.50003279396771, 24.73717827217609 ], [ 56.92503390971164, 24.94136317175375 ], [ 56.33372432860119, 25.12169000495864 ] ], [ [ 29.70093319552029, 31.07227003166031 ], [ 29.98130299690349, 30.41748579633928 ], [ 30.3750527179676, 29.90687391673132 ], [ 31.05005223979153, 29.54050774539449 ], [ 31.72505176161546, 29.2955227636655 ], [ 32.17505144283154, 29.19736363971567 ], [ 32.65318110412008, 29.11361416298006 ] ], [ [ 5.93034003483125, 43.12529158701498 ], [ 6.30006977291125, 42.74371346443669 ], [ 6.52506961351929, 41.74435878948223 ], [ 8.10006849777537, 38.65181171271134 ], [ 8.32506833838323, 38.38775473578444 ], [ 9.00006785961144, 38.21117903702318 ], [ 10.34861722976928, 38.21117903702318 ], [ 10.91256650537538, 37.85673997565852 ], [ 12.15006562752751, 37.23235432155614 ], [ 12.15006562871931, 36.24065523321488 ], [ 12.48756538963128, 35.78566189952622 ], [ 12.99381503100241, 35.41978051708035 ], [ 14.40006403479932, 34.54413627297858 ], [ 16.65006244087933, 33.93964008831966 ], [ 19.35006052817542, 34.31215165223547 ], [ 22.0500586148756, 34.15713799994263 ], [ 25.20005638398347, 33.42476549736121 ], [ 27.90005447127938, 32.43331330641721 ], [ 29.70093319552029, 31.07227003166031 ], [ 29.98130299690349, 30.46602450389064 ], [ 30.3750527179676, 30.00434523699696 ], [ 31.05005223979153, 29.63833609362628 ], [ 31.72505176161546, 29.39358762505352 ], [ 32.17505144283154, 29.24641134589023 ], [ 32.65318110412008, 29.11361416298006 ], [ 33.46910052611805, 28.16105226222079 ], [ 34.42504984891155, 27.36466799386026 ], [ 35.35317419141958, 26.56251314923671 ], [ 36.11254865347155, 25.75470426341523 ], [ 37.12504793620581, 24.12261698700344 ], [ 38.36254705955156, 22.05298561667754 ], [ 39.1500465016796, 20.37504125346543 ], [ 40.50004554532764, 18.25181631902822 ], [ 41.51254482806354, 16.53419619825972 ], [ 42.35629423034354, 14.80115422479158 ], [ 42.86254387171158, 13.92930384327183 ], [ 43.17191865254765, 13.05415069529863 ], [ 43.29848106288953, 12.83486881784652 ], [ 43.38285600311756, 12.61539556739339 ], [ 43.53754339353551, 12.39573400002297 ], [ 44.55004267627159, 11.73565016140583 ], [ 45.45004203870374, 11.73565016140583 ], [ 48.60003980781179, 12.50558813178065 ], [ 55.35003502545574, 14.36565375922844 ], [ 58.95003247518379, 15.88603571907903 ], [ 60.97503103827179, 15.99420991178597 ], [ 65.75491565746178, 16.88633703423319 ], [ 70.65002418679991, 13.41205503289061 ], [ 72.10979915852461, 9.28073413242784 ], [ 74.30490960056683, 6.60689716624352 ], [ 76.95001972382386, 5.51007171180325 ], [ 79.65001781111994, 5.51007171180325 ], [ 80.53985718074962, 5.94082074052015 ] ], [ [ 80.53985718074962, 5.94082074052015 ], [ 81.00001685476798, 5.51007171180325 ], [ 82.80001557963192, 5.51007171180325 ], [ 85.500013666928, 6.40520079535603 ], [ 90.00001047908802, 7.29876275445952 ], [ 92.70000856638391, 6.85219109875433 ], [ 94.27500745064, 6.85219109875433 ], [ 95.40000665368001, 6.74048172492119 ], [ 97.42500521915215, 6.23747697253314 ], [ 98.77500426280001, 5.28606986082101 ], [ 99.56250370492806, 4.61359157886277 ], [ 100.3500031470561, 3.26681481681567 ], [ 101.25000250948806, 2.36791255870541 ], [ 102.15000187192003, 1.97444628610416 ], [ 102.68279723997186, 1.67061946223495 ], [ 103.34065102845322, 1.27160828270479 ], [ 103.50000091556807, 1.21527159428428 ], [ 103.64609081207688, 1.3385858520715 ] ], [ [ 43.16164365982675, 11.57366038769423 ], [ 43.65004331383962, 11.70798932055409 ], [ 44.55004267627159, 11.73565016140583 ] ], [ [ 59.36666217944352, 22.70000399242387 ], [ 59.51253207610789, 22.88465411388244 ], [ 59.85003183761575, 24.43027192805052 ] ] ] } },
{ "type": "Feature", "properties": { "id": "italy-malta", "name": "Italy-Malta", "color": "#a7732a", "feature_id": "italy-malta-0", "coordinates": [ 15.733540232516354, 36.532857286083392 ] }, "geometry": { "type": "MultiLineString", "coordinates": [ [ [ 15.06744356202158, 37.51344748573393 ], [ 15.75006307844736, 37.23235432155614 ], [ 15.91881295890344, 36.87321951208928 ], [ 15.52506323783933, 36.1498667868178 ], [ 15.07506355662343, 35.92243557734424 ], [ 14.49254443743946, 35.92096569276682 ] ] ] } },
{ "type": "Feature", "properties": { "id": "epic-malta-sicily-cable-system-emscs", "name": "Epic Malta-Sicily Cable System (EMSCS)", "color": "#48b648", "feature_id": "epic-malta-sicily-cable-system-emscs-0", "coordinates": [ 15.538157320636477, 36.532591254311278 ] }, "geometry": { "type": "MultiLineString", "coordinates": [ [ [ 15.06744356202158, 37.51344748573393 ], [ 15.63756315814344, 37.23235432155614 ], [ 15.75006307844736, 36.87321951208928 ], [ 15.30006339723147, 36.1498667868178 ], [ 15.07506355662343, 36.01348686719717 ], [ 14.38004404898172, 35.93406361398958 ] ] ] } },
{ "type": "Feature", "properties": { "id": "hannibal-system", "name": "HANNIBAL System", "color": "#5ab946", "feature_id": "hannibal-system-0", "coordinates": [ 11.869247045735086, 37.15682288531832 ] }, "geometry": { "type": "MultiLineString", "coordinates": [ [ [ 11.09088637905204, 36.84993699396254 ], [ 11.4273661406866, 36.84931057824871 ], [ 12.17301561246149, 37.36822050784973 ], [ 12.59137531609161, 37.65058617278613 ] ] ] } },
{ "type": "Feature", "properties": { "id": "didon", "name": "Didon", "color": "#37b44d", "feature_id": "didon-0", "coordinates": [ 11.846552497834175, 37.230660817970858 ] }, "geometry": { "type": "MultiLineString", "coordinates": [ [ [ 11.09088637905204, 36.84993699396254 ], [ 11.4273661406866, 36.93929548035904 ], [ 12.17301561246149, 37.45757668483838 ], [ 12.59137531609161, 37.65058617278613 ] ] ] } },
{ "type": "Feature", "properties": { "id": "mednautilus-submarine-system", "name": "MedNautilus Submarine System", "color": "#53b847", "feature_id": "mednautilus-submarine-system-0", "coordinates": [ 25.334243624117097, 34.449405887240452 ] }, "geometry": { "type": "MultiLineString", "coordinates": [ [ [ 28.98823370040312, 41.04061756347715 ], [ 28.28355419960476, 40.7445175271339 ], [ 27.67066463378159, 40.571463184888 ], [ 27.2043549641197, 40.51728976261815 ], [ 26.75542528214555, 40.45564648003217 ], [ 26.64400536107653, 40.37549034333631 ], [ 26.59292539726206, 40.31736166816431 ], [ 26.51655545136326, 40.27677072796649 ], [ 26.44780550006632, 40.22370340243229 ], [ 26.37222555360806, 40.19439284484717 ], [ 26.3762255507742, 40.14678775490784 ], [ 26.34419557346464, 40.1045953658932 ], [ 26.2460556429878, 40.05564908987763 ], [ 25.3125563042874, 39.52498733351167 ], [ 25.3125563042874, 38.65181171271134 ], [ 25.65005606519937, 37.41128363492324 ], [ 25.20005638398347, 37.23235432155614 ], [ 24.63755678246347, 37.27712658287675 ], [ 24.16630697323532, 37.23961921748803 ], [ 23.96255726063936, 37.58978657360306 ], [ 23.73618742100205, 37.97607797573181 ] ], [ [ 25.8750559058074, 36.60275474032976 ], [ 25.42505622459151, 36.60275474032976 ], [ 24.97505654337544, 36.33133835588799 ], [ 24.52505686215936, 36.33133835588799 ], [ 24.18755710184348, 36.51238821239364 ], [ 23.85005734033543, 37.58978657360306 ], [ 23.73618742100205, 37.97607797573181 ] ], [ [ 28.98823370040312, 41.04061756347715 ], [ 28.30581418383545, 40.72743084616859 ], [ 27.67886462797254, 40.55231865816978 ], [ 27.18003498134806, 40.49568113006453 ], [ 26.75493528249272, 40.43735937424689 ], [ 26.67710533762821, 40.3798096956335 ], [ 26.60562538826515, 40.30783009842792 ], [ 26.53169544063791, 40.26268557434711 ], [ 26.48169547605835, 40.22138987189183 ], [ 26.38862554198995, 40.19170400909338 ], [ 26.39077554046697, 40.13245384394122 ], [ 26.34819557063097, 40.08674097664053 ], [ 26.2600156330985, 40.04234480534568 ], [ 26.09819574773315, 39.97772318814789 ], [ 25.42505622459151, 39.52498733351167 ], [ 25.42505622459151, 38.65181171271134 ], [ 25.8750559058074, 37.41128363492324 ], [ 26.21255566671937, 37.23235432155614 ], [ 26.32505558702348, 36.87321951208928 ], [ 25.8750559058074, 36.60275474032976 ], [ 25.93362449116802, 35.83658635443769 ] ], [ [ 34.20005000830351, 33.09551711711581 ], [ 33.75005032708761, 33.56549148235204 ], [ 33.75005032708761, 34.49779087043369 ], [ 33.61060042587536, 34.82728147271538 ] ], [ [ 24.01216722549532, 35.51204255863757 ], [ 23.96255726063936, 35.78566189952622 ], [ 23.85005733914363, 36.51238821239364 ], [ 23.7375574200315, 37.58978657360306 ], [ 23.73618742100205, 37.97607797573181 ] ], [ [ 15.06744356202158, 37.51344748573393 ], [ 15.75006307844736, 37.50058844605323 ], [ 18.00006148452737, 36.51238821239364 ], [ 19.34234569167881, 36.33070897538892 ], [ 22.0500586148756, 35.54192681258013 ], [ 23.30303624287948, 34.96583678559484 ], [ 24.43521317520969, 34.66235689918265 ], [ 31.05005223979153, 33.09551711711581 ], [ 33.75005032708761, 32.33831157801293 ], [ 34.76967960477271, 32.04501185826483 ], [ 34.53754976861957, 32.24321001626274 ], [ 34.65004968892368, 32.62301664000789 ], [ 34.97190100000024, 32.7617 ] ], [ [ 34.97190100000024, 32.7617 ], [ 34.20005000830351, 33.09551711711581 ], [ 31.05005223979153, 33.56549148235204 ], [ 28.80005383371152, 34.31215165223547 ], [ 26.57479615024593, 35.45534130626091 ], [ 25.93362449116802, 35.83658635443769 ], [ 25.3862828309802, 35.78585878108591 ], [ 24.01216722549532, 35.51204255863757 ], [ 23.7375574200315, 35.83127933955618 ], [ 22.95005797790347, 35.96797434759339 ], [ 18.00006148452737, 36.87321951208928 ], [ 15.75006307844736, 37.58978657360306 ], [ 15.06744356202158, 37.51344748573393 ] ] ] } },
{ "type": "Feature", "properties": { "id": "channel-islands-9-liberty-submarine-cable", "name": "Channel Islands-9 Liberty Submarine Cable", "color": "#3a499e", "feature_id": "channel-islands-9-liberty-submarine-cable-0", "coordinates": [ -2.86354726673046, 50.116976552718967 ] }, "geometry": { "type": "MultiLineString", "coordinates": [ [ [ -3.59845960299954, 50.32426129232395 ], [ -3.14992353262467, 50.23926850952171 ], [ -2.81242377171271, 50.09514516168246 ], [ -2.47492401080074, 49.58728674004685 ], [ -2.53337396939416, 49.50339102348325 ] ] ] } },
{ "type": "Feature", "properties": { "id": "circe-south", "name": "Circe South", "color": "#cb218e", "feature_id": "circe-south-0", "coordinates": [ 0.9178745154388831, 50.479865752790559 ] }, "geometry": { "type": "MultiLineString", "coordinates": [ [ [ 0.36667397618461, 50.81931962098235 ], [ 0.45007391710319, 50.74028189394816 ], [ 1.35007327953534, 50.23926850952171 ], [ 1.49343317797785, 50.17917387330185 ] ] ] } },
{ "type": "Feature", "properties": { "id": "uk-channel-islands-7", "name": "UK-Channel Islands-7", "color": "#923e97", "feature_id": "uk-channel-islands-7-0", "coordinates": [ -2.7645302674141687, 50.19480860949745 ] }, "geometry": { "type": "MultiLineString", "coordinates": [ [ [ -2.53337396939416, 49.50339102348325 ], [ -2.41867405064869, 49.58728674004685 ], [ -2.69992385140869, 50.16726116292715 ], [ -3.03742361232075, 50.31116725161073 ], [ -3.59845960299954, 50.32426129232395 ] ] ] } },
{ "type": "Feature", "properties": { "id": "pan-european-crossing-uk-belgium", "name": "Pan European Crossing (UK-Belgium)", "color": "#60b446", "feature_id": "pan-european-crossing-uk-belgium-0", "coordinates": [ 2.2013985551099151, 51.306375677382739 ] }, "geometry": { "type": "MultiLineString", "coordinates": [ [ [ 1.44099321512691, 51.35857144425905 ], [ 1.80007296075124, 51.30637567738274 ], [ 2.47507248257535, 51.30637567738274 ], [ 2.96189213770768, 51.24665953842644 ] ] ] } },
{ "type": "Feature", "properties": { "id": "concerto", "name": "Concerto", "color": "#33c0cc", "feature_id": "concerto-0", "coordinates": [ 3.0774214030658826, 52.217550300511036 ] }, "geometry": { "type": "MultiLineString", "coordinates": [ [ [ 4.52419103096048, 52.36366638180829 ], [ 4.52074759406914, 52.36330677716338 ], [ 4.51601367311062, 52.36282489532795 ], [ 4.51004303825438, 52.36222583101928 ], [ 4.50288945966989, 52.36151467895468 ], [ 4.49460670752661, 52.36069653385145 ], [ 4.48524855199402, 52.3597764904269 ], [ 4.47486876324157, 52.35875964339831 ], [ 4.46352111143874, 52.357651087483 ], [ 4.45125936675499, 52.35645591739826 ], [ 4.43813729935978, 52.35517922786138 ], [ 4.42420867942258, 52.35382611358969 ], [ 4.40952727711286, 52.35240166930047 ], [ 4.39414686260008, 52.35091098971102 ], [ 4.37812120605371, 52.34935916953866 ], [ 4.36150407764322, 52.34775130350067 ], [ 4.34434924753806, 52.34609248631435 ], [ 4.32671048590772, 52.34438781269701 ], [ 4.30864156292164, 52.34264237736595 ], [ 4.29019624874931, 52.34086127503847 ], [ 4.27142831356018, 52.33904960043186 ], [ 4.25239152752372, 52.33721244826344 ], [ 4.23313966080939, 52.33535491325051 ], [ 4.21372648358667, 52.33348209011034 ], [ 4.19420576602502, 52.33159907356026 ], [ 4.1746312782939, 52.32971095831757 ], [ 4.15505679056277, 52.32782283909956 ], [ 4.13553607300112, 52.32593981062353 ], [ 4.1161228957784, 52.32406696760679 ], [ 4.09687102906407, 52.32220940476663 ], [ 4.07783424302761, 52.32037221682035 ], [ 4.05906630783848, 52.31856049848527 ], [ 4.04062099366614, 52.31677934447867 ], [ 4.02255207068007, 52.31503384951786 ], [ 4.00491330904972, 52.31332910832014 ], [ 3.98775847894457, 52.3116702156028 ], [ 3.97114135053408, 52.31006226608316 ], [ 3.95511569398771, 52.30851035447851 ], [ 3.93973527947493, 52.30701957550614 ], [ 3.92505387716521, 52.30559502388337 ], [ 3.91112525722801, 52.30424179432749 ], [ 3.8980031898328, 52.3029649815558 ], [ 3.88574144514905, 52.30176968028561 ], [ 3.87439379334622, 52.30066098523421 ], [ 3.86401400459377, 52.29964399111891 ], [ 3.85465584906118, 52.29872379265699 ], [ 3.8463730969179, 52.29790548456578 ], [ 3.83921951833341, 52.29719416156257 ], [ 3.83324888347717, 52.29659491836465 ], [ 3.82507152562731, 52.2957530502539 ], [ 3.82507152562731, 52.2957530502539 ], [ 3.81607153200299, 52.29422355935958 ], [ 3.80707153837866, 52.29269404187573 ], [ 3.79807154475434, 52.29116449744355 ], [ 3.78907155113002, 52.2896349257042 ], [ 3.78007155750571, 52.28810532629885 ], [ 3.77107156388139, 52.2865756988687 ], [ 3.76207157025707, 52.28504604305491 ], [ 3.75307157663275, 52.28351635849867 ], [ 3.74407158300843, 52.28198664484115 ], [ 3.73507158938411, 52.28045690172353 ], [ 3.72607159575979, 52.27892712878699 ], [ 3.71707160213548, 52.27739732567269 ], [ 3.70807160851116, 52.27586749202184 ], [ 3.69907161488684, 52.2743376274756 ], [ 3.69007162126252, 52.27280773167514 ], [ 3.68107162763821, 52.27127780426164 ], [ 3.67207163401389, 52.2697478448763 ], [ 3.66307164038957, 52.26821785316027 ], [ 3.65407164676526, 52.26668782875474 ], [ 3.64507165314094, 52.26515777130088 ], [ 3.63607165951663, 52.26362768043989 ], [ 3.62707166589231, 52.26209755581292 ], [ 3.61807167226799, 52.26056739706116 ], [ 3.60907167864368, 52.25903720382579 ], [ 3.60007168501936, 52.25750697574799 ], [ 3.59107169139504, 52.25597671246892 ], [ 3.58207169777073, 52.25444641362978 ], [ 3.57307170414641, 52.25291607887173 ], [ 3.5640717105221, 52.25138570783596 ], [ 3.55507171689778, 52.24985530016365 ], [ 3.54607172327346, 52.24832485549595 ], [ 3.53707172964915, 52.24679437347407 ], [ 3.52807173602483, 52.24526385373918 ], [ 3.51907174240051, 52.24373329593245 ], [ 3.5100717487762, 52.24220269969506 ], [ 3.50107175515188, 52.2406720646682 ], [ 3.49207176152756, 52.23914139049302 ], [ 3.48307176790325, 52.23761067681072 ], [ 3.47407177427893, 52.23607992326248 ], [ 3.46507178065461, 52.23454912948947 ], [ 3.45607178703029, 52.23301829513286 ], [ 3.44707179340597, 52.23148741983383 ], [ 3.43807179978166, 52.22995650323357 ], [ 3.42907180615734, 52.22842554497326 ], [ 3.42007181253302, 52.22689454469405 ], [ 3.4110718189087, 52.22536350203715 ], [ 3.40207182528438, 52.22383241664372 ], [ 3.39307183166006, 52.22230128815493 ], [ 3.37507184441141, 52.21923890045603 ], [ 3.37507184441141, 52.21923890045603 ], [ 2.02507280076337, 52.21158022439121 ], [ 1.62028793126673, 52.20721179437706 ] ] ] } },
{ "type": "Feature", "properties": { "id": "farland-north", "name": "Farland North", "color": "#52bb77", "feature_id": "farland-north-0", "coordinates": [ 2.525472849613037, 51.772187153308892 ] }, "geometry": { "type": "MultiLineString", "coordinates": [ [ [ 1.59060310914163, 52.15784048805771 ], [ 2.02507280135927, 52.00429650272413 ], [ 2.92507216379124, 51.5868339800541 ], [ 3.49616175922615, 51.56395094476616 ] ] ] } },
{ "type": "Feature", "properties": { "id": "circe-north", "name": "Circe North", "color": "#3cb54e", "feature_id": "circe-north-0", "coordinates": [ 3.126835437758527, 52.41790126031551 ] }, "geometry": { "type": "MultiLineString", "coordinates": [ [ [ 1.72927301090669, 52.46882263773048 ], [ 2.25007264196731, 52.41790126031551 ], [ 3.82507152622321, 52.41790126031551 ], [ 4.52419103096048, 52.36366638180829 ] ] ] } },
{ "type": "Feature", "properties": { "id": "e-llan", "name": "E-LLAN", "color": "#44b549", "feature_id": "e-llan-0", "coordinates": [ -3.771466810717881, 53.952098948668713 ] }, "geometry": { "type": "MultiLineString", "coordinates": [ [ [ -4.48088258976079, 54.15047817510973 ], [ -4.27492273566468, 54.10005748241058 ], [ -3.59992321384075, 53.90168472607427 ], [ -3.05075360287764, 53.80897597127547 ] ] ] } },
{ "type": "Feature", "properties": { "id": "lanis-3", "name": "Lanis-3", "color": "#2d8cb2", "feature_id": "lanis-3-0", "coordinates": [ -5.2199736325995971, 55.205105757666821 ] }, "geometry": { "type": "MultiLineString", "coordinates": [ [ [ -4.65993246292012, 55.5413317564715 ], [ -4.9499222574887, 55.46235018809831 ], [ -5.62492177931272, 54.81936191424915 ], [ -5.71872171286397, 54.75370176047088 ] ] ] } },
{ "type": "Feature", "properties": { "id": "finland-estonia-3-eesf-3", "name": "Finland-Estonia 3 (EESF-3)", "color": "#41b769", "feature_id": "finland-estonia-3-eesf-3-0", "coordinates": [ 24.568446825338455, 59.810273160278776 ] }, "geometry": { "type": "MultiLineString", "coordinates": [ [ [ 24.27661703815667, 59.40095452286688 ], [ 24.41255694185543, 59.679663707209 ], [ 24.7500567027674, 59.9624316341522 ], [ 24.93247657353962, 60.17116318894055 ] ] ] } },
{ "type": "Feature", "properties": { "id": "bcs-east", "name": "BCS East", "color": "#bc6f29", "feature_id": "bcs-east-0", "coordinates": [ 20.812559492127384, 56.244041015693469 ] }, "geometry": { "type": "MultiLineString", "coordinates": [ [ [ 21.01118935141618, 56.50836914088424 ], [ 20.81255949212738, 56.40751805431294 ], [ 20.81255949212738, 56.15772578558828 ], [ 21.08267930077222, 56.02850685047375 ] ] ] } },
{ "type": "Feature", "properties": { "id": "batam-dumai-melaka-bdm", "name": "Batam Dumai Melaka (BDM)", "color": "#3cbba0", "feature_id": "batam-dumai-melaka-bdm-0", "coordinates": [ 102.74660651831417, 1.4715089599375142 ] }, "geometry": { "type": "MultiLineString", "coordinates": [ [ [ 101.44766236946417, 1.66552279727706 ], [ 101.72812717078021, 1.77752712342828 ], [ 101.92500203131218, 1.9182287802156 ], [ 102.220901821694, 2.27326032356654 ] ], [ [ 104.0166370000003, 1.06679800000035 ], [ 103.50000091556807, 1.17316827226924 ], [ 103.34065102845322, 1.18732775753875 ], [ 102.68279723997186, 1.50203427771085 ], [ 102.15000187192003, 1.69334082279173 ], [ 101.72812717078021, 1.72140333830743 ], [ 101.44766236946417, 1.66552279727706 ] ] ] } },
{ "type": "Feature", "properties": { "id": "pgascom", "name": "PGASCOM", "color": "#7c9e3e", "feature_id": "pgascom-0", "coordinates": [ 103.83548378915265, 0.23511774804232174 ] }, "geometry": { "type": "MultiLineString", "coordinates": [ [ [ 103.70596076966436, 1.25930629256543 ], [ 103.86557565659176, 1.18537817691577 ], [ 104.0166370000003, 1.06679800000035 ] ], [ [ 103.46670093915829, -0.81654319237555 ], [ 103.89375063663218, -0.33140932966026 ], [ 103.89375063663218, 0.11858841888831 ], [ 103.55625087572004, 0.7935626526072 ], [ 103.66875079602414, 1.01853421661552 ], [ 104.0166370000003, 1.06679800000035 ] ] ] } },
{ "type": "Feature", "properties": { "id": "boracay-palawan-submarine-cable-system-bpscs", "name": "Boracay-Palawan Submarine Cable System (BPSCS)", "color": "#2b51a3", "feature_id": "boracay-palawan-submarine-cable-system-bpscs-0", "coordinates": [ 120.40542620577979, 11.407132406675665 ] }, "geometry": { "type": "MultiLineString", "coordinates": [ [ [ 121.94481206784093, 11.94926602048288 ], [ 121.93593035478695, 11.93751433321198 ], [ 121.95077784426886, 11.93092980247387 ] ], [ [ 120.20076908458741, 12.00543424713619 ], [ 120.37498896116831, 11.84577637362577 ], [ 120.59998880177636, 11.73565016140583 ] ], [ [ 119.50037958074992, 10.82000049048942 ], [ 120.14998912056028, 10.97582844878326 ], [ 120.59998880177636, 11.73565016140583 ], [ 120.8249886423844, 12.17588718550798 ], [ 121.05018848285071, 12.3630129147707 ] ] ] } },
{ "type": "Feature", "properties": { "id": "saudi-arabia-sudan-1-sas-1", "name": "Saudi Arabia-Sudan-1 (SAS-1)", "color": "#68bc45", "feature_id": "saudi-arabia-sudan-1-sas-1-0", "coordinates": [ 38.098347603149698, 20.654265086135478 ] }, "geometry": { "type": "MultiLineString", "coordinates": [ [ [ 37.21967786917097, 19.61556659454616 ], [ 37.58923757400337, 20.13043586514086 ], [ 38.10004724550894, 20.65601386789582 ], [ 39.18275647850768, 21.481533475503 ] ] ] } },
{ "type": "Feature", "properties": { "id": "falcon", "name": "FALCON", "color": "#c62026", "feature_id": "falcon-0", "coordinates": [ 57.681454961099242, 24.435579750299368 ] }, "geometry": { "type": "MultiLineString", "coordinates": [ [ [ 42.95452380595619, 14.79780901024102 ], [ 42.75004395140765, 14.69236003137439 ], [ 42.1312943897355, 14.80115422479158 ] ], [ [ 48.5317798555716, 29.92363278689715 ], [ 48.71253972751964, 29.54050774539449 ], [ 48.60003980721571, 29.1482487910328 ] ], [ [ 48.5317798555716, 29.92363278689715 ], [ 48.60003980721571, 29.54050774539449 ], [ 48.4875398869116, 29.24645497218041 ] ], [ [ 60.62737128694133, 25.25866457904615 ], [ 59.85003265596724, 24.63495569818361 ] ], [ [ 52.18245726939755, 16.21300386243109 ], [ 52.65003693815965, 15.66951322515525 ], [ 52.65003693815965, 15.23578178303578 ] ], [ [ 75.54513271613803, 6.62874660359781 ], [ 79.20001812990387, 6.62874660359781 ], [ 79.87208765380376, 6.92703665683635 ] ], [ [ 76.97022970950695, 8.79816074726137 ], [ 76.50002004260797, 8.1905434177955 ], [ 75.54513271613803, 6.62874660359781 ], [ 74.25002163652778, 5.39808113046365 ], [ 73.5000221678345, 4.16666819886197 ] ], [ [ 72.87590260996693, 19.07607425728523 ], [ 70.20002450558383, 19.74098736552494 ], [ 66.60002705585578, 20.37504125346543 ], [ 63.67502912795184, 22.46944396482952 ], [ 59.85003265596724, 24.63495569818361 ], [ 58.50003279396771, 23.96851099673464 ], [ 58.1762030233719, 23.68487753168473 ], [ 57.88128323229574, 24.12261698700344 ], [ 57.37503359092771, 25.34871742211671 ], [ 57.15003375031967, 26.1593079707739 ], [ 56.98128386986378, 26.56251314923671 ], [ 56.74300403866356, 26.97318161868908 ], [ 56.27415437080105, 27.18725294593831 ], [ 56.2500343878877, 26.81379948794079 ], [ 55.80003470667163, 26.41147606086852 ], [ 55.35003502545574, 26.36108632539156 ], [ 53.55003630059162, 26.36108632539156 ], [ 52.87503677876769, 26.56251314923671 ], [ 52.20003725694376, 26.9643047345629 ], [ 51.52503773511965, 27.36466799386026 ], [ 50.17503869147161, 27.96250335997247 ], [ 49.16253940873571, 28.65581241773305 ], [ 48.60003980721571, 29.1482487910328 ], [ 48.4875398869116, 29.24645497218041 ], [ 47.97484025011305, 29.37410420420039 ], [ 48.60003980721571, 28.85306725522626 ], [ 49.16253940873571, 28.45818576600455 ], [ 50.17503869147161, 26.9643047345629 ], [ 50.17503869147161, 26.46184379618898 ], [ 50.21419866373056, 26.28537535931817 ], [ 50.34378857192768, 26.46184379618898 ], [ 50.51253845238375, 26.46184379618898 ], [ 50.57601840741415, 26.22949483839126 ], [ 51.18753797420769, 26.36108632539156 ], [ 51.63753765542376, 26.26024097157782 ], [ 51.75003757572769, 26.05828756029904 ], [ 51.51927773920008, 25.29460875802463 ], [ 52.20003725694376, 25.75470426341523 ], [ 53.55003630059162, 25.85598546607221 ], [ 55.1250351848477, 25.85598546607221 ], [ 55.1250351848477, 25.55188275942587 ], [ 55.30853505485483, 25.26935399813018 ], [ 55.23758510511652, 25.55188275942587 ], [ 55.35003502545574, 25.75470426341523 ], [ 55.80003470667163, 26.10880867686235 ], [ 56.24681439016876, 26.18130536278198 ], [ 56.36253430819163, 26.46184379618898 ], [ 56.58753414879967, 26.46184379618898 ], [ 56.75628402925575, 26.1593079707739 ], [ 57.26253367062378, 25.34871742211671 ], [ 57.82503327214378, 24.12261698700344 ], [ 58.1762030233719, 23.68487753168473 ], [ 58.50003279396771, 23.81422051502533 ], [ 58.95003247518379, 23.65974644119216 ], [ 59.85003183761575, 22.88465411388244 ], [ 60.07503167703199, 22.46944396482952 ], [ 59.85003183761575, 19.10440547593045 ], [ 58.95003247518379, 18.03800543960875 ], [ 55.35003502545574, 16.31838002635953 ], [ 52.65003693815965, 15.23578178303578 ], [ 48.60003980721571, 13.49212817646408 ], [ 45.45004203870374, 12.72515592356304 ], [ 44.55004267627159, 12.2308660876692 ], [ 43.67816829391569, 12.39573400002297 ], [ 43.3266060429656, 12.61539556739339 ], [ 43.24223110273756, 12.83486881784652 ], [ 43.05941873224354, 13.05415069529863 ], [ 42.63754403110354, 13.92930384327183 ], [ 42.1312943897355, 14.80115422479158 ], [ 41.06254514684873, 16.53419619825972 ], [ 40.05004586411157, 18.25181631902822 ], [ 38.70004682046353, 20.37504125346543 ], [ 37.91254737833549, 22.05298561667754 ], [ 36.67504825499064, 24.12261698700344 ], [ 35.66254897225548, 25.75470426341523 ], [ 35.01567443050744, 26.56251314923671 ], [ 34.20005000830351, 27.36466799386026 ], [ 33.49725050617538, 28.16105226222079 ], [ 32.99067586503547, 28.95155473219332 ], [ 32.70942606427547, 29.34456698948981 ], [ 32.54067268382206, 29.63833609362628 ], [ 32.54068118381597, 29.97423463702946 ] ], [ [ 39.18275647850768, 21.481533475503 ], [ 38.70004682046353, 20.37504125346543 ], [ 37.58923757400337, 19.81323778521068 ], [ 37.21967786917097, 19.61556659454616 ] ] ] } }
]
}
